date,SP500,return,rf_observed_date,rf_annual_pct,rf_daily,excess_return,mu_excess_annual,sigma_annual,lambda_excess,lambda_excess_squared
2016-09-12,2159.04,0.0146770623317,2016-09-09,0.35,1.38888888889e-05,0.0146631734428,,,,
2016-09-13,2127.02,-0.014830665481,2016-09-12,0.37,1.46825396825e-05,-0.0148453480206,,,,
2016-09-14,2125.77,-0.000587676655603,2016-09-13,0.36,1.42857142857e-05,-0.000601962369888,,,,
2016-09-15,2147.26,0.0101092780498,2016-09-14,0.33,1.30952380952e-05,0.0100961828117,,,,
2016-09-16,2139.16,-0.00377224928514,2016-09-15,0.29,1.15079365079e-05,-0.00378375722164,,,,
2016-09-19,2139.12,-1.86989285513e-05,2016-09-16,0.3,1.19047619048e-05,-3.06036904561e-05,,,,
2016-09-20,2139.76,0.000299188451326,2016-09-19,0.3,1.19047619048e-05,0.000287283689421,,,,
2016-09-21,2163.12,0.0109171121995,2016-09-20,0.3,1.19047619048e-05,0.0109052074376,,,,
2016-09-22,2177.18,0.00649987055734,2016-09-21,0.22,8.73015873016e-06,0.00649114039861,,,,
2016-09-23,2164.69,-0.00573677876887,2016-09-22,0.18,7.14285714286e-06,-0.00574392162601,,,,
2016-09-26,2146.1,-0.0085878347477,2016-09-23,0.18,7.14285714286e-06,-0.00859497760484,,,,
2016-09-27,2159.93,0.00644424770514,2016-09-26,0.25,9.92063492063e-06,0.00643432707022,,,,
2016-09-28,2171.37,0.00529646794109,2016-09-27,0.26,1.03174603175e-05,0.00528615048077,,,,
2016-09-29,2151.13,-0.00932130406149,2016-09-28,0.27,1.07142857143e-05,-0.00933201834721,,,,
2016-09-30,2168.27,0.0079679052405,2016-09-29,0.26,1.03174603175e-05,0.00795758778018,,,,
2016-10-03,2161.2,-0.00326066403169,2016-09-30,0.29,1.15079365079e-05,-0.0032721719682,,,,
2016-10-04,2150.49,-0.0049555802332,2016-10-03,0.32,1.26984126984e-05,-0.0049682786459,,,,
2016-10-05,2159.73,0.0042966951718,2016-10-04,0.33,1.30952380952e-05,0.0042835999337,,,,
2016-10-06,2160.77,0.000481541674191,2016-10-05,0.32,1.26984126984e-05,0.000468843261492,,,,
2016-10-07,2153.74,-0.00325346982789,2016-10-06,0.33,1.30952380952e-05,-0.00326656506598,,,,
2016-10-10,2163.66,0.00460594129282,2016-10-07,0.33,1.30952380952e-05,0.00459284605473,,,,
2016-10-11,2136.73,-0.0124465026853,2016-10-07,0.33,1.30952380952e-05,-0.0124595979234,,,,
2016-10-12,2139.18,0.0011466118789,2016-10-11,0.35,1.38888888889e-05,0.00113272299001,,,,
2016-10-13,2132.55,-0.00309931843043,2016-10-12,0.37,1.46825396825e-05,-0.00311400097011,,,,
2016-10-14,2132.98,0.000201636538416,2016-10-13,0.3,1.19047619048e-05,0.000189731776512,,,,
2016-10-17,2126.5,-0.00303800316927,2016-10-14,0.32,1.26984126984e-05,-0.00305070158197,,,,
2016-10-18,2139.6,0.00616035739478,2016-10-17,0.34,1.34920634921e-05,0.00614686533129,,,,
2016-10-19,2144.29,0.00219199850439,2016-10-18,0.34,1.34920634921e-05,0.0021785064409,,,,
2016-10-20,2141.34,-0.00137574675067,2016-10-19,0.35,1.38888888889e-05,-0.00138963563956,,,,
2016-10-21,2141.16,-8.40595141361e-05,2016-10-20,0.35,1.38888888889e-05,-9.7948403025e-05,,,,
2016-10-24,2151.33,0.00474976181135,2016-10-21,0.34,1.34920634921e-05,0.00473626974786,,,,
2016-10-25,2143.16,-0.00379765075558,2016-10-24,0.33,1.30952380952e-05,-0.00381074599367,,,,
2016-10-26,2139.43,-0.00174042068721,2016-10-25,0.34,1.34920634921e-05,-0.0017539127507,,,,
2016-10-27,2133.04,-0.00298677685178,2016-10-26,0.33,1.30952380952e-05,-0.00299987208987,,,,
2016-10-28,2126.41,-0.00310823988298,2016-10-27,0.3,1.19047619048e-05,-0.00312014464489,,,,
2016-10-31,2126.15,-0.000122271810234,2016-10-28,0.3,1.19047619048e-05,-0.000134176572139,,,,
2016-11-01,2111.72,-0.00678691531642,2016-10-31,0.34,1.34920634921e-05,-0.00680040737991,,,,
2016-11-02,2097.94,-0.00652548633342,2016-11-01,0.35,1.38888888889e-05,-0.0065393752223,,,,
2016-11-03,2088.66,-0.00442338675081,2016-11-02,0.37,1.46825396825e-05,-0.0044380692905,,,,
2016-11-04,2085.18,-0.00166614001321,2016-11-03,0.38,1.50793650794e-05,-0.00168121937829,,,,
2016-11-07,2131.52,0.0222235010886,2016-11-04,0.38,1.50793650794e-05,0.0222084217236,,,,
2016-11-08,2139.56,0.00377195616274,2016-11-07,0.41,1.62698412698e-05,0.00375568632147,,,,
2016-11-09,2163.26,0.0110770438782,2016-11-08,0.43,1.70634920635e-05,0.0110599803861,,,,
2016-11-10,2167.48,0.00195075950186,2016-11-09,0.45,1.78571428571e-05,0.00193290235901,,,,
2016-11-11,2164.45,-0.0013979367745,2016-11-10,0.48,1.90476190476e-05,-0.00141698439355,,,,
2016-11-14,2164.2,-0.000115502783617,2016-11-10,0.48,1.90476190476e-05,-0.000134550402665,,,,
2016-11-15,2180.39,0.00748082432308,2016-11-14,0.55,2.18253968254e-05,0.00745899892625,,,,
2016-11-16,2176.94,-0.00158228573787,2016-11-15,0.51,2.02380952381e-05,-0.00160252383311,,,,
2016-11-17,2187.12,0.00467628873556,2016-11-16,0.47,1.86507936508e-05,0.00465763794191,,,,
2016-11-18,2181.9,-0.00238670031823,2016-11-17,0.44,1.74603174603e-05,-0.00240416063569,,,,
2016-11-21,2198.18,0.00746138686466,2016-11-18,0.44,1.74603174603e-05,0.0074439265472,,,,
2016-11-22,2202.94,0.00216542776297,2016-11-21,0.46,1.8253968254e-05,0.00214717379471,,,,
2016-11-23,2204.72,0.000808011112422,2016-11-22,0.49,1.94444444444e-05,0.000788566667978,,,,
2016-11-25,2213.35,0.00391432925723,2016-11-23,0.51,2.02380952381e-05,0.00389409116199,,,,
2016-11-28,2201.72,-0.00525447850543,2016-11-25,0.49,1.94444444444e-05,-0.00527392294988,,,,
2016-11-29,2204.66,0.00133531965918,2016-11-28,0.48,1.90476190476e-05,0.00131627204013,,,,
2016-11-30,2198.81,-0.00265347037638,2016-11-29,0.48,1.90476190476e-05,-0.00267251799543,,,,
2016-12-01,2191.08,-0.00351553795007,2016-11-30,0.48,1.90476190476e-05,-0.00353458556912,,,,
2016-12-02,2191.95,0.000397064461362,2016-12-01,0.48,1.90476190476e-05,0.000378016842314,,,,
2016-12-05,2204.71,0.00582130066835,2016-12-02,0.49,1.94444444444e-05,0.00580185622391,,,,
2016-12-06,2212.23,0.00341087943539,2016-12-05,0.49,1.94444444444e-05,0.00339143499095,,,,
2016-12-07,2241.35,0.0131631882761,2016-12-06,0.49,1.94444444444e-05,0.0131437438316,,,,
2016-12-08,2246.19,0.00215941285386,2016-12-07,0.52,2.06349206349e-05,0.00213877793323,,,,
2016-12-09,2259.53,0.00593894550327,2016-12-08,0.51,2.02380952381e-05,0.00591870740804,,,,
2016-12-12,2256.96,-0.0011374046815,2016-12-09,0.54,2.14285714286e-05,-0.00115883325293,,,,
2016-12-13,2271.72,0.00653977031051,2016-12-12,0.51,2.02380952381e-05,0.00651953221527,,,,
2016-12-14,2253.28,-0.00811719754195,2016-12-13,0.54,2.14285714286e-05,-0.00813862611338,,,,
2016-12-15,2262.03,0.0038832280054,2016-12-14,0.55,2.18253968254e-05,0.00386140260857,,,,
2016-12-16,2258.07,-0.00175063991194,2016-12-15,0.51,2.02380952381e-05,-0.00177087800718,,,,
2016-12-19,2262.53,0.00197513806038,2016-12-16,0.51,2.02380952381e-05,0.00195489996514,,,,
2016-12-20,2270.76,0.00363752082845,2016-12-19,0.52,2.06349206349e-05,0.00361688590782,,,,
2016-12-21,2265.18,-0.00245732706231,2016-12-20,0.52,2.06349206349e-05,-0.00247796198294,,,,
2016-12-22,2260.96,-0.00186298660592,2016-12-21,0.52,2.06349206349e-05,-0.00188362152656,,,,
2016-12-23,2263.79,0.001251680702,2016-12-22,0.51,2.02380952381e-05,0.00123144260676,,,,
2016-12-27,2268.88,0.00224844177243,2016-12-23,0.52,2.06349206349e-05,0.00222780685179,,,,
2016-12-28,2249.92,-0.008356545961,2016-12-27,0.51,2.02380952381e-05,-0.00837678405624,,,,
2016-12-29,2249.26,-0.000293343763334,2016-12-28,0.53,2.10317460317e-05,-0.000314375509366,,,,
2016-12-30,2238.83,-0.00463708063986,2016-12-29,0.47,1.86507936508e-05,-0.00465573143351,,,,
2017-01-03,2257.83,0.00848657557742,2016-12-30,0.51,2.02380952381e-05,0.00846633748218,,,,
2017-01-04,2270.75,0.00572230858833,2017-01-03,0.53,2.10317460317e-05,0.0057012768423,,,,
2017-01-05,2269,-0.00077067048332,2017-01-04,0.53,2.10317460317e-05,-0.000791702229352,,,,
2017-01-06,2276.98,0.00351696782724,2017-01-05,0.52,2.06349206349e-05,0.0034963329066,,,,
2017-01-09,2268.9,-0.00354855993465,2017-01-06,0.53,2.10317460317e-05,-0.00356959168068,,,,
2017-01-10,2268.9,0,2017-01-09,0.5,1.98412698413e-05,-1.98412698413e-05,,,,
2017-01-11,2275.32,0.00282956498744,2017-01-10,0.52,2.06349206349e-05,0.0028089300668,,,,
2017-01-12,2270.44,-0.00214475326547,2017-01-11,0.52,2.06349206349e-05,-0.00216538818611,,,,
2017-01-13,2274.64,0.00184986170082,2017-01-12,0.52,2.06349206349e-05,0.00182922678018,,,,
2017-01-17,2267.89,-0.00296750254985,2017-01-13,0.53,2.10317460317e-05,-0.00298853429589,,,,
2017-01-18,2271.89,0.00176375397396,2017-01-17,0.55,2.18253968254e-05,0.00174192857713,,,,
2017-01-19,2263.69,-0.00360932967705,2017-01-18,0.53,2.10317460317e-05,-0.00363036142308,,,,
2017-01-20,2271.31,0.00336618529922,2017-01-19,0.52,2.06349206349e-05,0.00334555037859,,,,
2017-01-23,2265.2,-0.00269007753235,2017-01-20,0.5,1.98412698413e-05,-0.00270991880219,,,,
2017-01-24,2280.07,0.00656454176232,2017-01-23,0.51,2.02380952381e-05,0.00654430366708,,,,
2017-01-25,2298.37,0.00802606937506,2017-01-24,0.51,2.02380952381e-05,0.00800583127982,,,,
2017-01-26,2296.68,-0.000735303715242,2017-01-25,0.5,1.98412698413e-05,-0.000755144985083,,,,
2017-01-27,2294.69,-0.000866468119198,2017-01-26,0.51,2.02380952381e-05,-0.000886706214436,,,,
2017-01-30,2280.9,-0.00600952634125,2017-01-27,0.52,2.06349206349e-05,-0.00603016126188,,,,
2017-01-31,2278.87,-0.000889999561577,2017-01-30,0.51,2.02380952381e-05,-0.000910237656815,,,,
2017-02-01,2279.55,0.000298393502043,2017-01-31,0.52,2.06349206349e-05,0.000277758581408,,,,
2017-02-02,2280.85,0.000570287995438,2017-02-01,0.51,2.02380952381e-05,0.0005500499002,,,,
2017-02-03,2297.42,0.007264835478,2017-02-02,0.52,2.06349206349e-05,0.00724420055737,,,,
2017-02-06,2292.56,-0.00211541642364,2017-02-03,0.51,2.02380952381e-05,-0.00213565451888,,,,
2017-02-07,2293.08,0.000226820672087,2017-02-06,0.53,2.10317460317e-05,0.000205788926055,,,,
2017-02-08,2294.67,0.000693390548956,2017-02-07,0.53,2.10317460317e-05,0.000672358802924,,,,
2017-02-09,2307.87,0.0057524611382,2017-02-08,0.54,2.14285714286e-05,0.00573103256677,,,,
2017-02-10,2316.1,0.00356605874681,2017-02-09,0.54,2.14285714286e-05,0.00354463017538,,,,
2017-02-13,2328.25,0.00524588748327,2017-02-10,0.55,2.18253968254e-05,0.00522406208644,,,,
2017-02-14,2337.58,0.00400730162139,2017-02-13,0.52,2.06349206349e-05,0.00398666670075,,,,
2017-02-15,2349.25,0.00499234250806,2017-02-14,0.54,2.14285714286e-05,0.00497091393664,,,,
2017-02-16,2347.22,-0.000864105565606,2017-02-15,0.54,2.14285714286e-05,-0.000885534137035,,,,
2017-02-17,2351.16,0.00167858147085,2017-02-16,0.53,2.10317460317e-05,0.00165754972481,,,,
2017-02-21,2365.38,0.00604807839535,2017-02-17,0.53,2.10317460317e-05,0.00602704664931,,,,
2017-02-22,2362.82,-0.00108227853453,2017-02-21,0.53,2.10317460317e-05,-0.00110331028056,,,,
2017-02-23,2363.81,0.000418990866845,2017-02-22,0.52,2.06349206349e-05,0.000398355946211,,,,
2017-02-24,2367.34,0.00149335183454,2017-02-23,0.51,2.02380952381e-05,0.0014731137393,,,,
2017-02-27,2369.75,0.00101802022523,2017-02-24,0.52,2.06349206349e-05,0.000997385304597,,,,
2017-02-28,2363.64,-0.00257833104758,2017-02-27,0.5,1.98412698413e-05,-0.00259817231742,,,,
2017-03-01,2395.96,0.0136738251172,2017-02-28,0.53,2.10317460317e-05,0.0136527933712,,,,
2017-03-02,2381.92,-0.00585986410458,2017-03-01,0.63,2.5e-05,-0.00588486410458,,,,
2017-03-03,2383.12,0.000503795257607,2017-03-02,0.67,2.65873015873e-05,0.00047720795602,,,,
2017-03-06,2375.31,-0.00327721642217,2017-03-03,0.71,2.81746031746e-05,-0.00330539102534,,,,
2017-03-07,2368.39,-0.0029133039477,2017-03-06,0.74,2.93650793651e-05,-0.00294266902706,,,,
2017-03-08,2362.98,-0.00228425217131,2017-03-07,0.76,3.01587301587e-05,-0.00231441090146,,,,
2017-03-09,2364.87,0.000799837493335,2017-03-08,0.73,2.89682539683e-05,0.000770869239366,,,,
2017-03-10,2372.6,0.00326867861658,2017-03-09,0.73,2.89682539683e-05,0.00323971036262,,,,
2017-03-13,2373.47,0.000366686335666,2017-03-10,0.75,2.97619047619e-05,0.000336924430904,,,,
2017-03-14,2365.45,-0.00337901890481,2017-03-13,0.79,3.13492063492e-05,-0.00341036811116,,,,
2017-03-15,2385.26,0.00837472785305,2017-03-14,0.78,3.09523809524e-05,0.0083437754721,,,,
2017-03-16,2381.38,-0.00162665705206,2017-03-15,0.73,2.89682539683e-05,-0.00165562530603,,,,
2017-03-17,2378.25,-0.00131436394024,2017-03-16,0.73,2.89682539683e-05,-0.0013433321942,,,,
2017-03-20,2373.47,-0.00200988121518,2017-03-17,0.73,2.89682539683e-05,-0.00203884946915,,,,
2017-03-21,2344.02,-0.0124079933599,2017-03-20,0.76,3.01587301587e-05,-0.0124381520901,,,,
2017-03-22,2348.45,0.00188991561505,2017-03-21,0.77,3.05555555556e-05,0.0018593600595,,,,
2017-03-23,2345.96,-0.00106027379761,2017-03-22,0.77,3.05555555556e-05,-0.00109082935317,,,,
2017-03-24,2343.98,-0.000844004160344,2017-03-23,0.76,3.01587301587e-05,-0.000874162890503,,,,
2017-03-27,2341.59,-0.00101963327332,2017-03-24,0.78,3.09523809524e-05,-0.00105058565427,,,,
2017-03-28,2358.57,0.0072514829667,2017-03-27,0.78,3.09523809524e-05,0.00722053058575,,,,
2017-03-29,2361.13,0.00108540344361,2017-03-28,0.78,3.09523809524e-05,0.00105445106266,,,,
2017-03-30,2368.06,0.00293503534325,2017-03-29,0.78,3.09523809524e-05,0.00290408296229,,,,
2017-03-31,2362.72,-0.00225501043048,2017-03-30,0.78,3.09523809524e-05,-0.00228596281143,,,,
2017-04-03,2358.84,-0.0016421751202,2017-03-31,0.76,3.01587301587e-05,-0.00167233385036,,,,
2017-04-04,2360.16,0.000559597090095,2017-04-03,0.79,3.13492063492e-05,0.000528247883746,,,,
2017-04-05,2352.95,-0.00305487763541,2017-04-04,0.79,3.13492063492e-05,-0.00308622684176,,,,
2017-04-06,2357.49,0.0019294927644,2017-04-05,0.8,3.1746031746e-05,0.00189774673266,,,,
2017-04-07,2355.54,-0.000827150910502,2017-04-06,0.79,3.13492063492e-05,-0.000858500116851,,,,
2017-04-10,2357.16,0.000687740390738,2017-04-07,0.82,3.25396825397e-05,0.000655200708199,,,,
2017-04-11,2353.78,-0.00143392896536,2017-04-10,0.82,3.25396825397e-05,-0.0014664686479,,,,
2017-04-12,2344.93,-0.00375990959223,2017-04-11,0.82,3.25396825397e-05,-0.00379244927477,,,,
2017-04-13,2328.95,-0.00681470235785,2017-04-12,0.81,3.21428571429e-05,-0.006846845215,,,,
2017-04-17,2349.01,0.00861332360076,2017-04-13,0.81,3.21428571429e-05,0.00858118074362,,,,
2017-04-18,2342.19,-0.0029033507733,2017-04-17,0.83,3.29365079365e-05,-0.00293628728124,,,,
2017-04-19,2338.17,-0.0017163423975,2017-04-18,0.82,3.25396825397e-05,-0.00174888208004,,,,
2017-04-20,2355.84,0.0075571921631,2017-04-19,0.81,3.21428571429e-05,0.00752504930596,,,,
2017-04-21,2348.69,-0.00303501086661,2017-04-20,0.79,3.13492063492e-05,-0.00306636007296,,,,
2017-04-24,2374.15,0.0108400853242,2017-04-21,0.79,3.13492063492e-05,0.0108087361178,,,,
2017-04-25,2388.61,0.00609060084662,2017-04-24,0.81,3.21428571429e-05,0.00605845798948,,,,
2017-04-26,2387.45,-0.000485638090773,2017-04-25,0.82,3.25396825397e-05,-0.000518177773312,,,,
2017-04-27,2388.77,0.000552891160024,2017-04-26,0.83,3.29365079365e-05,0.000519954652088,,,,
2017-04-28,2384.2,-0.00191311846683,2017-04-27,0.81,3.21428571429e-05,-0.00194526132397,,,,
2017-05-01,2388.33,0.00173223722842,2017-04-28,0.8,3.1746031746e-05,0.00170049119667,,,,
2017-05-02,2391.17,0.001189115407,2017-05-01,0.83,3.29365079365e-05,0.00115617889906,,,,
2017-05-03,2388.13,-0.0012713441537,2017-05-02,0.82,3.25396825397e-05,-0.00130388383624,,,,
2017-05-04,2389.52,0.000582045366039,2017-05-03,0.85,3.37301587302e-05,0.000548315207309,,,,
2017-05-05,2399.29,0.00408868726774,2017-05-04,0.86,3.4126984127e-05,0.00405456028361,,,,
2017-05-08,2399.38,3.7511097033e-05,2017-05-05,0.9,3.57142857143e-05,1.7968113187e-06,,,,
2017-05-09,2396.92,-0.00102526486009,2017-05-08,0.91,3.61111111111e-05,-0.0010613759712,,,,
2017-05-10,2399.63,0.00113061762595,2017-05-09,0.91,3.61111111111e-05,0.00109450651484,,,,
2017-05-11,2394.44,-0.00216283343682,2017-05-10,0.9,3.57142857143e-05,-0.00219854772254,,,,
2017-05-12,2390.9,-0.00147842501796,2017-05-11,0.89,3.53174603175e-05,-0.00151374247828,,,,
2017-05-15,2402.32,0.0047764440169,2017-05-12,0.88,3.49206349206e-05,0.00474152338198,,,,
2017-05-16,2400.67,-0.000686836058477,2017-05-15,0.9,3.57142857143e-05,-0.000722550344191,,,,
2017-05-17,2357.03,-0.0181782585695,2017-05-16,0.9,3.57142857143e-05,-0.0182139728552,,,,
2017-05-18,2365.72,0.00368684318825,2017-05-17,0.9,3.57142857143e-05,0.00365112890254,,,,
2017-05-19,2381.73,0.00676749573069,2017-05-18,0.93,3.69047619048e-05,0.00673059096878,,,,
2017-05-22,2394.02,0.00516011470654,2017-05-19,0.92,3.65079365079e-05,0.00512360677003,,,,
2017-05-23,2398.42,0.00183791279939,2017-05-22,0.93,3.69047619048e-05,0.00180100803749,,,,
2017-05-24,2404.39,0.00248913868297,2017-05-23,0.92,3.65079365079e-05,0.00245263074646,,,,
2017-05-25,2415.07,0.00444187507018,2017-05-24,0.93,3.69047619048e-05,0.00440497030828,,,,
2017-05-26,2415.82,0.000310550004762,2017-05-25,0.94,3.73015873016e-05,0.00027324841746,,,,
2017-05-30,2412.91,-0.00120455994238,2017-05-26,0.94,3.73015873016e-05,-0.00124186152968,,,,
2017-05-31,2411.8,-0.000460025446453,2017-05-30,0.93,3.69047619048e-05,-0.000496930208357,,,,
2017-06-01,2430.06,0.00757110871548,2017-05-31,0.98,3.88888888889e-05,0.00753221982659,,,,
2017-06-02,2439.07,0.00370772738122,2017-06-01,0.98,3.88888888889e-05,0.00366883849233,,,,
2017-06-05,2436.1,-0.00121767722944,2017-06-02,0.98,3.88888888889e-05,-0.00125656611832,,,,
2017-06-06,2429.33,-0.00277903205944,2017-06-05,0.96,3.80952380952e-05,-0.00281712729753,,,,
2017-06-07,2433.14,0.00156833365578,2017-06-06,0.97,3.84920634921e-05,0.00152984159229,,,,
2017-06-08,2433.79,0.000267144512852,2017-06-07,1,3.96825396825e-05,0.000227461973169,,,,
2017-06-09,2431.77,-0.000829981222702,2017-06-08,1.01,4.00793650794e-05,-0.000870060587781,,,,
2017-06-12,2429.39,-0.000978710980068,2017-06-09,1.01,4.00793650794e-05,-0.00101879034515,,,,
2017-06-13,2440.35,0.00451142056236,2017-06-12,0.98,3.88888888889e-05,0.00447253167347,,,,
2017-06-14,2437.92,-0.000995758805089,2017-06-13,1,3.96825396825e-05,-0.00103544134477,,,,
2017-06-15,2432.46,-0.00223961409726,2017-06-14,1.01,4.00793650794e-05,-0.00227969346234,,,,
2017-06-16,2433.15,0.000283663451814,2017-06-15,1.02,4.04761904762e-05,0.000243187261338,,,,
2017-06-19,2453.46,0.00834720424142,2017-06-16,1.03,4.0873015873e-05,0.00830633122554,,,,
2017-06-20,2437.03,-0.00669666511783,2017-06-19,1.02,4.04761904762e-05,-0.00673714130831,,,,
2017-06-21,2435.61,-0.000582676454537,2017-06-20,1.01,4.00793650794e-05,-0.000622755819616,,,,
2017-06-22,2434.5,-0.000455737987609,2017-06-21,0.99,3.92857142857e-05,-0.000495023701895,,,,
2017-06-23,2438.3,0.00156089546108,2017-06-22,0.96,3.80952380952e-05,0.00152280022299,,,,
2017-06-26,2439.07,0.000315793790756,2017-06-23,0.97,3.84920634921e-05,0.000277301727264,,,,
2017-06-27,2419.38,-0.00807274903959,2017-06-26,0.99,3.92857142857e-05,-0.00811203475388,,,,
2017-06-28,2440.69,0.0088080417297,2017-06-27,1,3.96825396825e-05,0.00876835919002,,,,
2017-06-29,2419.7,-0.00860002704153,2017-06-28,1.02,4.04761904762e-05,-0.00864050323201,,,,
2017-06-30,2423.41,0.0015332479233,2017-06-29,1.04,4.12698412698e-05,0.00149197808203,,,,
2017-07-03,2429.01,0.00231079346871,2017-06-30,1.03,4.0873015873e-05,0.00226992045283,,,,
2017-07-05,2432.54,0.00145326696885,2017-07-03,1.06,4.20634920635e-05,0.00141120347678,,,,
2017-07-06,2409.75,-0.00936880791272,2017-07-05,1.05,4.16666666667e-05,-0.00941047457938,,,,
2017-07-07,2425.18,0.00640315385413,2017-07-06,1.04,4.12698412698e-05,0.00636188401286,,,,
2017-07-10,2427.43,0.000927766186427,2017-07-07,1.05,4.16666666667e-05,0.000886099519761,,,,
2017-07-11,2425.53,-0.000782720819962,2017-07-10,1.04,4.12698412698e-05,-0.000823990661232,,,,
2017-07-12,2443.25,0.00730561980268,2017-07-11,1.05,4.16666666667e-05,0.00726395313602,,,,
2017-07-13,2447.83,0.00187455233807,2017-07-12,1.05,4.16666666667e-05,0.00183288567141,,,,
2017-07-14,2459.27,0.00467352716488,2017-07-13,1.05,4.16666666667e-05,0.00463186049821,,,,
2017-07-17,2459.14,-5.28612149134e-05,2017-07-14,1.04,4.12698412698e-05,-9.41310561833e-05,,,,
2017-07-18,2460.61,0.000597769952097,2017-07-17,1.07,4.24603174603e-05,0.000555309634637,,,,
2017-07-19,2473.83,0.00537265149699,2017-07-18,1.07,4.24603174603e-05,0.00533019117953,,,,
2017-07-20,2473.45,-0.000153607968211,2017-07-19,1.11,4.40476190476e-05,-0.000197655587259,,,,
2017-07-21,2472.54,-0.00036790717419,2017-07-20,1.15,4.56349206349e-05,-0.000413542094825,,,,
2017-07-24,2469.91,-0.00106368349956,2017-07-21,1.16,4.60317460317e-05,-0.00110971524559,,,,
2017-07-25,2477.13,0.00292318343583,2017-07-24,1.17,4.64285714286e-05,0.00287675486441,,,,
2017-07-26,2477.83,0.000282585088389,2017-07-25,1.18,4.68253968254e-05,0.000235759691563,,,,
2017-07-27,2475.42,-0.000972625240634,2017-07-26,1.13,4.48412698413e-05,-0.00101746651048,,,,
2017-07-28,2472.1,-0.00134118654612,2017-07-27,1.11,4.40476190476e-05,-0.00138523416517,,,,
2017-07-31,2470.3,-0.000728125884875,2017-07-28,1.08,4.28571428571e-05,-0.000770983027732,,,,
2017-08-01,2476.35,0.00244909525159,2017-07-31,1.07,4.24603174603e-05,0.00240663493413,,,,
2017-08-02,2477.57,0.000492660568983,2017-08-01,1.08,4.28571428571e-05,0.000449803426126,,,,
2017-08-03,2472.16,-0.00218359118007,2017-08-02,1.08,4.28571428571e-05,-0.00222644832292,,,,
2017-08-04,2476.83,0.00188903630833,2017-08-03,1.08,4.28571428571e-05,0.00184617916547,,,,
2017-08-07,2480.91,0.00164726686935,2017-08-04,1.08,4.28571428571e-05,0.00160440972649,,,,
2017-08-08,2474.92,-0.00241443663817,2017-08-07,1.02,4.04761904762e-05,-0.00245491282865,,,,
2017-08-09,2474.02,-0.000363648117919,2017-08-08,1.06,4.20634920635e-05,-0.000405711609982,,,,
2017-08-10,2438.21,-0.0144744181535,2017-08-09,1.06,4.20634920635e-05,-0.0145164816455,,,,
2017-08-11,2441.32,0.0012755258981,2017-08-10,1.05,4.16666666667e-05,0.00123385923143,,,,
2017-08-14,2465.84,0.0100437468255,2017-08-11,1.03,4.0873015873e-05,0.0100028738096,,,,
2017-08-15,2464.61,-0.000498815819356,2017-08-14,1.02,4.04761904762e-05,-0.000539292009832,,,,
2017-08-16,2468.11,0.00142010297775,2017-08-15,1.04,4.12698412698e-05,0.00137883313648,,,,
2017-08-17,2430.01,-0.0154369132656,2017-08-16,1.02,4.04761904762e-05,-0.0154773894561,,,,
2017-08-18,2425.55,-0.00183538339348,2017-08-17,1,3.96825396825e-05,-0.00187506593317,,,,
2017-08-21,2428.37,0.00116262291027,2017-08-18,1.02,4.04761904762e-05,0.00112214671979,,,,
2017-08-22,2452.51,0.00994082450368,2017-08-21,1,3.96825396825e-05,0.009901141964,,,,
2017-08-23,2444.04,-0.00345360467439,2017-08-22,1,3.96825396825e-05,-0.00349328721408,,,,
2017-08-24,2438.97,-0.00207443413365,2017-08-23,1,3.96825396825e-05,-0.00211411667333,,,,
2017-08-25,2443.05,0.00167283730427,2017-08-24,1.02,4.04761904762e-05,0.0016323611138,,,,
2017-08-28,2444.24,0.000487096047973,2017-08-25,1.03,4.0873015873e-05,0.0004462230321,,,,
2017-08-29,2446.3,0.000842797761267,2017-08-28,0.98,3.88888888889e-05,0.000803908872379,,,,
2017-08-30,2457.59,0.00461513305809,2017-08-29,1.03,4.0873015873e-05,0.00457426004221,,,,
2017-08-31,2471.65,0.00572105192485,2017-08-30,1.03,4.0873015873e-05,0.00568017890898,,,,
2017-09-01,2476.55,0.00198248133838,2017-08-31,1.01,4.00793650794e-05,0.0019424019733,,,,
2017-09-05,2457.85,-0.00755082675496,2017-09-01,1.02,4.04761904762e-05,-0.00759130294544,,,,
2017-09-06,2465.54,0.00312875073743,2017-09-05,1.03,4.0873015873e-05,0.00308787772156,,,,
2017-09-07,2465.1,-0.00017845989114,2017-09-06,1.07,4.24603174603e-05,-0.0002209202086,,,,
2017-09-08,2461.43,-0.00148878341649,2017-09-07,1.05,4.16666666667e-05,-0.00153045008316,,,,
2017-09-11,2488.11,0.0108392276035,2017-09-08,1.04,4.12698412698e-05,0.0107979577622,0.152670496995,0.08048541243,1.89687164898,3.5981220527
2017-09-12,2496.48,0.0033639991801,2017-09-11,1.05,4.16666666667e-05,0.00332233251343,0.141329656066,0.0792898174864,1.78244395744,3.17710646143
2017-09-13,2498.37,0.000757065948856,2017-09-12,1.03,4.0873015873e-05,0.000716192932983,0.156891197019,0.0777639173569,2.01753206824,4.07043564636
2017-09-14,2495.62,-0.00110071766792,2017-09-13,1.04,4.12698412698e-05,-0.00114198750919,0.15635117188,0.0777738117723,2.01033186258,4.04143419769
2017-09-15,2500.23,0.0018472363581,2017-09-14,1.05,4.16666666667e-05,0.00180556969143,0.14806055876,0.0772015312181,1.91784484613,3.67812885381
2017-09-18,2503.87,0.00145586606032,2017-09-15,1.05,4.16666666667e-05,0.00141419939366,0.153258515375,0.0770801108101,1.98830170019,3.953343651
2017-09-19,2506.65,0.00111028128457,2017-09-18,1.05,4.16666666667e-05,0.0010686146179,0.154357733683,0.0770787420563,2.00259798701,4.01039869758
2017-09-20,2508.24,0.000634312728143,2017-09-19,1.04,4.12698412698e-05,0.000593042886873,0.154663492881,0.077077978047,2.00658471848,4.02638223245
2017-09-21,2500.6,-0.00304596051415,2017-09-20,1.04,4.12698412698e-05,-0.00308723035542,0.140671055088,0.0764716087826,1.839520017,3.38383389294
2017-09-22,2502.22,0.000647844517316,2017-09-21,1.04,4.12698412698e-05,0.000606574676046,0.134786489365,0.0762408896891,1.76790289194,3.12548063531
2017-09-25,2496.66,-0.00222202684017,2017-09-22,1.03,4.0873015873e-05,-0.00226289985604,0.138267511135,0.0760299959553,1.81859158872,3.30727536658
2017-09-26,2496.84,7.20963206846e-05,2017-09-25,1.05,4.16666666667e-05,3.04296540179e-05,0.146892918394,0.075473011513,1.94629729819,3.78807317294
2017-09-27,2507.04,0.00408516364685,2017-09-26,1.06,4.20634920635e-05,0.00404310015479,0.144501691478,0.0753267161081,1.91833255111,3.67999977666
2017-09-28,2510.06,0.00120460782437,2017-09-27,1.07,4.24603174603e-05,0.00116214750691,0.140377688505,0.0751817294598,1.86717822951,3.48635454077
2017-09-29,2519.36,0.00370509071496,2017-09-28,1.06,4.20634920635e-05,0.0036630272229,0.153372734075,0.0745843449532,2.05636630812,4.22864239316
2017-10-02,2529.12,0.00387399974597,2017-09-29,1.06,4.20634920635e-05,0.0038319362539,0.149247082548,0.0742922024578,2.00891988137,4.03575908977
2017-10-03,2534.58,0.00215885367242,2017-10-02,1.01,4.00793650794e-05,0.00211877430734,0.154638028824,0.0742054638507,2.08391701634,4.342710131
2017-10-04,2537.74,0.00124675488641,2017-10-03,1.07,4.24603174603e-05,0.00120429456895,0.160810602039,0.0739945179858,2.17327724291,4.72313397457
2017-10-05,2552.07,0.00564675656293,2017-10-04,1.08,4.28571428571e-05,0.00560389942007,0.162130901525,0.0740732615792,2.18879117874,4.79080682414
2017-10-06,2549.33,-0.00107363826227,2017-10-05,1.07,4.24603174603e-05,-0.00111609857973,0.160545959684,0.0740936294759,2.16679842545,4.69501541652
2017-10-09,2544.73,-0.00180439566474,2017-10-06,1.07,4.24603174603e-05,-0.0018468559822,0.161965668768,0.0740307880623,2.18781500248,4.78653448506
2017-10-10,2550.64,0.00232244678217,2017-10-06,1.07,4.24603174603e-05,0.00227998646471,0.159652809178,0.0739441598316,2.15909964413,4.66171127327
2017-10-11,2555.24,0.00180346893329,2017-10-10,1.08,4.28571428571e-05,0.00176061179043,0.173873018892,0.0727713154016,2.389307077,5.70878830819
2017-10-12,2550.93,-0.00168673001362,2017-10-11,1.1,4.36507936508e-05,-0.00173038080727,0.171009915094,0.072809806765,2.34872090303,5.51648988031
2017-10-13,2553.17,0.000878111120258,2017-10-12,1.09,4.3253968254e-05,0.000834857152004,0.174958773216,0.0727094935616,2.40627137732,5.79014194129
2017-10-16,2557.64,0.0017507647356,2017-10-13,1.09,4.3253968254e-05,0.00170751076735,0.176476552207,0.072714799906,2.42696882114,5.89017765879
2017-10-17,2559.36,0.000672494956288,2017-10-16,1.1,4.36507936508e-05,0.000628844162637,0.180156097952,0.0726163016637,2.48093188202,6.15502300322
2017-10-18,2561.26,0.000742373093273,2017-10-17,1.09,4.3253968254e-05,0.000699119125019,0.174708351746,0.0724125500555,2.41268055899,5.82102747971
2017-10-19,2562.1,0.000327963580425,2017-10-18,1.09,4.3253968254e-05,0.000284709612171,0.172814554917,0.072398611872,2.38698713205,5.69770756857
2017-10-20,2575.21,0.00511689629601,2017-10-19,1.1,4.36507936508e-05,0.00507324550236,0.179277436059,0.0725012408511,2.47274989992,6.11449206756
2017-10-23,2564.98,-0.00397249156379,2017-10-20,1.11,4.40476190476e-05,-0.00401653918284,0.175358845279,0.0726498845748,2.41375256554,5.82620144767
2017-10-24,2569.13,0.00161794633876,2017-10-23,1.09,4.3253968254e-05,0.00157469237051,0.172197267902,0.0725432199773,2.37371966609,5.63454505319
2017-10-25,2557.15,-0.00466305714386,2017-10-24,1.12,4.44444444444e-05,-0.0047075015883,0.171300512307,0.0726024052114,2.35943302165,5.56692418364
2017-10-26,2560.4,0.00127094617054,2017-10-25,1.12,4.44444444444e-05,0.0012265017261,0.174280926784,0.072562741811,2.40179632734,5.76862559804
2017-10-27,2581.07,0.00807295735041,2017-10-26,1.11,4.40476190476e-05,0.00802890973137,0.185309708605,0.0728373125896,2.54415905827,6.47274531379
2017-10-30,2572.83,-0.0031924744389,2017-10-27,1.1,4.36507936508e-05,-0.00323612523255,0.185193728017,0.0728418610168,2.54240797026,6.46383828722
2017-10-31,2575.26,0.000944485255536,2017-10-30,1.12,4.44444444444e-05,0.000900040811091,0.186227945401,0.0728365969539,2.55679086048,6.53717950425
2017-11-01,2579.36,0.00159207225678,2017-10-31,1.15,4.56349206349e-05,0.00154643733615,0.194574790117,0.0724445540982,2.68584426447,7.21375941298
2017-11-02,2579.85,0.000189969604863,2017-11-01,1.18,4.68253968254e-05,0.000143144208038,0.201257309547,0.072072674293,2.792421837,7.79761971576
2017-11-03,2587.84,0.00309707928756,2017-11-02,1.17,4.64285714286e-05,0.00305065071613,0.208746029554,0.0719143940595,2.90270163968,8.42567680903
2017-11-06,2591.13,0.00127133053048,2017-11-03,1.18,4.68253968254e-05,0.00122450513366,0.211651754066,0.0718707382013,2.94489467289,8.67240463439
2017-11-07,2590.64,-0.000189106683185,2017-11-06,1.19,4.72222222222e-05,-0.000236328905407,0.189207003437,0.0686065423514,2.75785656807,7.60577285005
2017-11-08,2594.38,0.00144365870982,2017-11-07,1.22,4.84126984127e-05,0.0013952460114,0.186846563126,0.0685442050585,2.72592793172,7.43068308892
2017-11-09,2584.62,-0.00376197781358,2017-11-08,1.23,4.88095238095e-05,-0.00381078733739,0.171975795403,0.0679082151787,2.53247408948,6.41342501389
2017-11-10,2582.3,-0.000897617444731,2017-11-09,1.24,4.92063492063e-05,-0.000946823793937,0.16909606925,0.0679159356934,2.48978487189,6.19902870831
2017-11-13,2584.84,0.000983619254153,2017-11-10,1.23,4.88095238095e-05,0.000934809730344,0.171447863374,0.067883674162,2.52561260849,6.37871904814
2017-11-14,2578.87,-0.00230962071153,2017-11-13,1.24,4.92063492063e-05,-0.00235882706074,0.169223586716,0.0679460129216,2.49055948156,6.20288653117
2017-11-15,2564.62,-0.00552567597436,2017-11-14,1.26,5e-05,-0.00557567597436,0.156188911815,0.0678886454869,2.30066325075,5.29305139337
2017-11-16,2585.64,0.00819614601773,2017-11-15,1.25,4.96031746032e-05,0.00814654284313,0.165937978491,0.0682685052771,2.43066664222,5.90814032561
2017-11-17,2578.85,-0.00262604229514,2017-11-16,1.27,5.03968253968e-05,-0.00267643912053,0.158603901429,0.0682311859868,2.32450746877,5.40333497235
2017-11-20,2582.14,0.00127576245226,2017-11-17,1.29,5.11904761905e-05,0.00122457197607,0.162232634041,0.0681650858047,2.37999603647,5.66438113362
2017-11-21,2599.03,0.00654108607589,2017-11-20,1.3,5.15873015873e-05,0.0064894987743,0.161278206268,0.0680792932326,2.36897591925,5.61204690601
2017-11-22,2597.08,-0.000750279912121,2017-11-21,1.3,5.15873015873e-05,-0.000801867213708,0.158329165259,0.0680776052308,2.32571584624,5.40895419745
2017-11-24,2602.42,0.0020561553745,2017-11-22,1.29,5.11904761905e-05,0.00200496489831,0.15954556349,0.0680917234475,2.34309774245,5.4901070307
2017-11-27,2601.42,-0.000384257729344,2017-11-24,1.29,5.11904761905e-05,-0.000435448205535,0.155216024122,0.06802158304,2.28186433166,5.20690482811
2017-11-28,2627.04,0.00984846737551,2017-11-27,1.27,5.03968253968e-05,0.00979807055011,0.170288017622,0.0683810001188,2.49028264176,6.20150763588
2017-11-29,2626.07,-0.000369236859736,2017-11-28,1.3,5.15873015873e-05,-0.000420824161323,0.168550921421,0.0683866042631,2.46467745017,6.07463493337
2017-11-30,2647.58,0.0081909469283,2017-11-29,1.29,5.11904761905e-05,0.00813975645211,0.179363195868,0.0687111934001,2.61039267393,6.81414991208
2017-12-01,2642.22,-0.00202449028925,2017-11-30,1.27,5.03968253968e-05,-0.00207488711464,0.180822894323,0.0686344701692,2.63457842506,6.94100347777
2017-12-04,2639.44,-0.00105214554428,2017-12-01,1.27,5.03968253968e-05,-0.00110254236967,0.179342335111,0.0686573021916,2.6121378118,6.82326394784
2017-12-05,2629.57,-0.00373942957597,2017-12-04,1.29,5.11904761905e-05,-0.00379062005216,0.169749858835,0.0686135129949,2.4740004035,6.1206779965
2017-12-06,2629.27,-0.000114087094088,2017-12-05,1.3,5.15873015873e-05,-0.000165674395675,0.166192749448,0.0685646743916,2.42388301152,5.87520885354
2017-12-07,2636.98,0.00293237286395,2017-12-06,1.3,5.15873015873e-05,0.00288078556236,0.155929791179,0.0674510604883,2.31174706595,5.34417449692
2017-12-08,2651.5,0.00550629887219,2017-12-07,1.29,5.11904761905e-05,0.005455108396,0.159246121642,0.0676088931704,2.35540199187,5.54791854331
2017-12-11,2659.99,0.00320196115406,2017-12-08,1.28,5.07936507937e-05,0.00315116750327,0.156478581737,0.0674498562302,2.31992461485,5.38205021861
2017-12-12,2664.11,0.0015488780033,2017-12-11,1.33,5.27777777778e-05,0.00149610022552,0.159133515215,0.0674316092835,2.35992462447,5.56924423316
2017-12-13,2662.85,-0.000472953444115,2017-12-12,1.34,5.31746031746e-05,-0.000526128047289,0.152087854953,0.0671826521559,2.26379653188,5.12477473774
2017-12-14,2652.01,-0.00407082637024,2017-12-13,1.3,5.15873015873e-05,-0.00412241367183,0.156104067394,0.066773749854,2.33780591528,5.46533649753
2017-12-15,2675.81,0.00897432513452,2017-12-14,1.32,5.2380952381e-05,0.00892194418214,0.161164608968,0.0672134542592,2.3978028022,5.74945827822
2017-12-18,2690.16,0.00536286208662,2017-12-15,1.31,5.19841269841e-05,0.00531087795964,0.168246364935,0.0673319546342,2.49875955404,6.24379930893
2017-12-19,2681.47,-0.0032302911351,2017-12-18,1.38,5.47619047619e-05,-0.00328505303986,0.16300641193,0.0674344299261,2.41725795129,5.84313600309
2017-12-20,2679.25,-0.000827904097379,2017-12-19,1.37,5.43650793651e-05,-0.000882269176744,0.158507256845,0.0673858591454,2.35223322601,5.53300114955
2017-12-21,2684.57,0.00198563030699,2017-12-20,1.38,5.47619047619e-05,0.00193086840223,0.16291608723,0.0673255744204,2.41982468969,5.85555152886
2017-12-22,2683.34,-0.000458173934746,2017-12-21,1.35,5.35714285714e-05,-0.000511745363317,0.164287963394,0.067286878062,2.44160478425,5.96143392249
2017-12-26,2680.5,-0.00105838246365,2017-12-22,1.33,5.27777777778e-05,-0.00111116024142,0.161945360545,0.0673071287939,2.40606550075,5.78915119389
2017-12-27,2682.62,0.000790897220668,2017-12-26,1.47,5.83333333333e-05,0.000732563887334,0.160450117581,0.0672888006776,2.38449958931,5.68583829142
2017-12-28,2687.54,0.00183402792792,2017-12-27,1.44,5.71428571429e-05,0.00177688507078,0.170603786708,0.0666846806379,2.55836550578,6.54523406117
2017-12-29,2673.61,-0.00518317866897,2017-12-28,1.39,5.51587301587e-05,-0.00523833739913,0.165679824818,0.0669376654491,2.47513598968,6.1262981674
2018-01-02,2695.81,0.00830338007413,2017-12-29,1.39,5.51587301587e-05,0.00824822134397,0.178583777596,0.0671532549689,2.65934656002,7.07212412628
2018-01-03,2713.06,0.00639881890786,2018-01-02,1.44,5.71428571429e-05,0.00634167605072,0.176459116164,0.0669437814865,2.63592991382,6.94812651055
2018-01-04,2723.99,0.00402866136392,2018-01-03,1.41,5.59523809524e-05,0.00397270898297,0.174730548305,0.0668385195466,2.61421930782,6.83414258939
2018-01-05,2743.15,0.00703379968355,2018-01-04,1.41,5.59523809524e-05,0.0069778473026,0.182500097837,0.0671175118103,2.71911298429,7.39357542136
2018-01-08,2747.71,0.00166232251244,2018-01-05,1.39,5.51587301587e-05,0.00160716378228,0.180610928712,0.0670666928929,2.69300484222,7.25227508025
2018-01-09,2751.29,0.0013029031448,2018-01-08,1.45,5.75396825397e-05,0.00124536346226,0.185425883855,0.0669294829921,2.77046640084,7.67548407819
2018-01-10,2748.23,-0.00111220554722,2018-01-09,1.44,5.71428571429e-05,-0.00116934840436,0.184276376721,0.0669516358098,2.75238049813,7.57559840649
2018-01-11,2767.56,0.0070336180014,2018-01-10,1.42,5.63492063492e-05,0.00697726879506,0.188444715449,0.0672129751572,2.80369549196,7.86070841162
2018-01-12,2786.24,0.00674962783101,2018-01-11,1.43,5.6746031746e-05,0.00669288179927,0.197302985435,0.0674117552249,2.9268335289,8.56635450591
2018-01-16,2776.42,-0.00352446307569,2018-01-12,1.43,5.6746031746e-05,-0.00358120910743,0.191892549547,0.0675435612393,2.84101912937,8.07138969347
2018-01-17,2802.56,0.009415002053,2018-01-16,1.45,5.75396825397e-05,0.00935746237046,0.204238546213,0.0679836450649,3.00423059132,9.02540144581
2018-01-18,2798.03,-0.00161637931034,2018-01-17,1.44,5.71428571429e-05,-0.00167352216749,0.200823095469,0.0680220265887,2.95232449752,8.71621993864
2018-01-19,2810.3,0.0043852281784,2018-01-18,1.45,5.75396825397e-05,0.00432768849586,0.208781145388,0.0679672533725,3.07179023762,9.43589526395
2018-01-22,2832.97,0.00806675443903,2018-01-19,1.44,5.71428571429e-05,0.00800961158188,0.213445206591,0.0683024448903,3.12500097081,9.76563106756
2018-01-23,2839.13,0.00217439648143,2018-01-22,1.44,5.71428571429e-05,0.00211725362429,0.218272379017,0.0682198829221,3.19954197615,10.2370688572
2018-01-24,2837.54,-0.000560030713634,2018-01-23,1.44,5.71428571429e-05,-0.000617173570777,0.21111090178,0.0679982211641,3.10465330071,9.63887211761
2018-01-25,2839.25,0.000602634676516,2018-01-24,1.43,5.6746031746e-05,0.00054588864477,0.203650959144,0.0676188490082,3.01174838276,9.07062832105
2018-01-26,2872.87,0.0118411552347,2018-01-25,1.42,5.63492063492e-05,0.0117848060283,0.216190910158,0.0684871640141,3.1566631977,9.96452254369
2018-01-29,2853.53,-0.00673194401417,2018-01-26,1.41,5.59523809524e-05,-0.00678789639513,0.210289719977,0.0688888684004,3.05259361723,9.31832779193
2018-01-30,2822.43,-0.0108987815092,2018-01-29,1.44,5.71428571429e-05,-0.0109559243664,0.205363956873,0.0695497405621,2.95276380923,8.71881411307
2018-01-31,2823.81,0.000488940381161,2018-01-30,1.44,5.71428571429e-05,0.000431797524018,0.206705992054,0.0695286665002,2.97296068598,8.83849524036
2018-02-01,2821.98,-0.000648060598978,2018-01-31,1.46,5.79365079365e-05,-0.000705997106914,0.205722236365,0.0695427922734,2.95821075974,8.75101089901
2018-02-02,2762.13,-0.0212085131716,2018-02-01,1.48,5.87301587302e-05,-0.0212672433303,0.183904943135,0.0729592613184,2.5206524821,6.35368893553
2018-02-05,2648.94,-0.0409792442789,2018-02-02,1.48,5.87301587302e-05,-0.0410379744376,0.13562276814,0.0837939626049,1.61852672822,2.61962876997
2018-02-06,2695.14,0.0174409386396,2018-02-05,1.51,5.99206349206e-05,0.0173810180047,0.155139440663,0.0854287349112,1.81601004421,3.29789248069
2018-02-07,2681.66,-0.00500159546443,2018-02-06,1.52,6.03174603175e-05,-0.00506191292475,0.149871738812,0.0856149426833,1.75053249019,3.0643639992
2018-02-08,2581,-0.0375364513026,2018-02-07,1.55,6.15079365079e-05,-0.0375979592391,0.11160142077,0.0937391688694,1.19055270189,1.41741573598
2018-02-09,2619.55,0.0149360712902,2018-02-08,1.55,6.15079365079e-05,0.0148745633537,0.120744951557,0.0947022598255,1.27499546241,1.62561342916
2018-02-12,2656,0.0139146036533,2018-02-09,1.55,6.15079365079e-05,0.0138530957168,0.131053417099,0.0955975486971,1.37088679454,1.87933060343
2018-02-13,2662.94,0.00261295180723,2018-02-12,1.62,6.42857142857e-05,0.00254866609294,0.128378021105,0.0955042380188,1.34421281996,1.80690810534
2018-02-14,2698.63,0.0134024799658,2018-02-13,1.59,6.30952380952e-05,0.0133393847277,0.137730739132,0.096304343182,1.4301612428,2.04536118041
2018-02-15,2731.2,0.0120690869071,2018-02-14,1.58,6.26984126984e-05,0.0120063884944,0.14476621369,0.0968874774678,1.49416846711,2.23253940809
2018-02-16,2732.22,0.000373462214411,2018-02-15,1.58,6.26984126984e-05,0.000310763801713,0.145962511629,0.0968763907263,1.50668816762,2.27010923443
2018-02-20,2716.26,-0.0058414036937,2018-02-16,1.62,6.42857142857e-05,-0.00590568940799,0.138399272496,0.0970856582595,1.42553776713,2.03215792552
2018-02-21,2701.33,-0.00549652831467,2018-02-20,1.66,6.5873015873e-05,-0.00556240133054,0.126809824516,0.0971206418269,1.30569384768,1.70483642387
2018-02-22,2703.96,0.000973594488641,2018-02-21,1.64,6.50793650794e-05,0.000908515123562,0.12882164992,0.0971077964785,1.32658400861,1.75982513191
2018-02-23,2747.3,0.0160283436146,2018-02-22,1.63,6.46825396825e-05,0.0159636610749,0.144386955049,0.0983328071048,1.46834977359,2.1560510576
2018-02-26,2779.6,0.0117569977796,2018-02-23,1.64,6.50793650794e-05,0.0116919184146,0.154605759724,0.0989583937989,1.56233093312,2.44087794459
2018-02-27,2744.28,-0.012706864297,2018-02-26,1.66,6.5873015873e-05,-0.0127727373129,0.140835637107,0.0998557996952,1.41039015797,1.9892003977
2018-02-28,2713.83,-0.0110958065504,2018-02-27,1.66,6.5873015873e-05,-0.0111616795662,0.132272129858,0.100489433185,1.31627899238,1.73259038578
2018-03-01,2677.67,-0.0133243423501,2018-02-28,1.65,6.54761904762e-05,-0.0133898185406,0.105229517946,0.100581158311,1.04621501396,1.09456585543
2018-03-02,2691.25,0.00507157342017,2018-03-01,1.63,6.46825396825e-05,0.00500689088049,0.116121272931,0.100485394497,1.15560349355,1.33541943429
2018-03-05,2720.94,0.0110320483047,2018-03-02,1.65,6.54761904762e-05,0.0109665721142,0.126610637089,0.10103533143,1.25313229835,1.57034055716
2018-03-06,2728.12,0.00263879394621,2018-03-05,1.7,6.74603174603e-05,0.00257133362875,0.132487361743,0.100983733144,1.31196735968,1.72125835286
2018-03-07,2726.8,-0.000483849684031,2018-03-06,1.68,6.66666666667e-05,-0.000550516350698,0.13487951442,0.100928806802,1.3363827305,1.78591880237
2018-03-08,2738.97,0.00446310693854,2018-03-07,1.68,6.66666666667e-05,0.00439644027187,0.141590365593,0.100962118022,1.40241080879,1.96675607661
2018-03-09,2786.57,0.0173787956787,2018-03-08,1.67,6.62698412698e-05,0.0173125258374,0.158132022191,0.102345735598,1.54507680527,2.38726233417
2018-03-12,2783.02,-0.00127396763763,2018-03-09,1.67,6.62698412698e-05,-0.0013402374789,0.15355207435,0.102330844215,1.50054536859,2.25163640318
2018-03-13,2765.31,-0.00636359063176,2018-03-12,1.71,6.78571428571e-05,-0.00643144777462,0.146783702144,0.102570871864,1.43104664586,2.04789450262
2018-03-14,2749.48,-0.00572449381805,2018-03-13,1.73,6.86507936508e-05,-0.0057931446117,0.144400925644,0.102689601265,1.40618839557,1.97736580383
2018-03-15,2747.33,-0.000781966044488,2018-03-14,1.76,6.98412698413e-05,-0.00085180731433,0.135205342857,0.102403050053,1.32032534956,1.74325902869
2018-03-16,2752.01,0.00170347209836,2018-03-15,1.77,7.02380952381e-05,0.00163323400313,0.138494202166,0.102385089871,1.35267940226,1.82974156529
2018-03-19,2712.92,-0.0142041635023,2018-03-16,1.78,7.06349206349e-05,-0.0142747984229,0.125562735938,0.103432460261,1.2139587091,1.47369574739
2018-03-20,2716.94,0.00148179821005,2018-03-19,1.8,7.14285714286e-05,0.00141036963862,0.129011955045,0.103404838253,1.24763944536,1.55660418561
2018-03-21,2711.93,-0.00184398624924,2018-03-20,1.81,7.18253968254e-05,-0.00191581164606,0.139534295489,0.102611532951,1.35983053245,1.849139077
2018-03-22,2643.69,-0.0251628913726,2018-03-21,1.74,6.90476190476e-05,-0.0252319389916,0.112442996438,0.105787023108,1.06291861832,1.12979598917
2018-03-23,2588.26,-0.0209669061047,2018-03-22,1.72,6.8253968254e-05,-0.021035160073,0.0924986657184,0.107931593606,0.857011952,0.734469485871
2018-03-26,2658.55,0.0271572407718,2018-03-23,1.74,6.90476190476e-05,0.0270881931527,0.120461021762,0.111187246334,1.08340682707,1.17377035294
2018-03-27,2612.62,-0.0172763348442,2018-03-26,1.79,7.10317460317e-05,-0.0173473665902,0.104164240826,0.112593461913,0.925135785473,0.855876221562
2018-03-28,2605,-0.00291661244268,2018-03-27,1.77,7.02380952381e-05,-0.00298685053792,0.093956859702,0.112436709058,0.835642206972,0.698297898073
2018-03-29,2640.87,0.0137696737044,2018-03-28,1.73,6.86507936508e-05,0.0137010229108,0.10660343155,0.113224830097,0.941519907417,0.886459736063
2018-04-02,2581.88,-0.0223373358022,2018-03-29,1.73,6.86507936508e-05,-0.0224059865959,0.081293361992,0.115470603691,0.704017814002,0.495641082432
2018-04-03,2614.45,0.0126148387996,2018-04-02,1.77,7.02380952381e-05,0.0125446007044,0.0961239255078,0.11608705952,0.82803308056,0.685638782501
2018-04-04,2644.69,0.0115664862591,2018-04-03,1.75,6.94444444444e-05,0.0114970418146,0.109293301173,0.116600817074,0.937328776207,0.878585234706
2018-04-05,2662.84,0.0068628081174,2018-04-04,1.71,6.78571428571e-05,0.00679495097454,0.115560004264,0.116775318336,0.989592714542,0.979293740674
2018-04-06,2604.47,-0.0219202054949,2018-04-05,1.72,6.8253968254e-05,-0.0219884594631,0.0966577716422,0.118858184459,0.813219317476,0.661325658316
2018-04-09,2613.16,0.00333657135617,2018-04-06,1.73,6.86507936508e-05,0.00326792056252,0.098027945472,0.118884318021,0.824565822504,0.679908795641
2018-04-10,2656.87,0.0167268747417,2018-04-09,1.76,6.98412698413e-05,0.0166570334719,0.115543479061,0.119987804799,0.962960187945,0.927292323567
2018-04-11,2642.19,-0.00552529856561,2018-04-10,1.74,6.90476190476e-05,-0.00559434618465,0.109293932168,0.120139142413,0.90972792025,0.827604888883
2018-04-12,2663.99,0.00825073140085,2018-04-11,1.73,6.86507936508e-05,0.00818208060719,0.118942481423,0.120374216256,0.988105967563,0.976353403133
2018-04-13,2656.3,-0.0028866474724,2018-04-12,1.75,6.94444444444e-05,-0.00295609191684,0.119778838781,0.120346206297,0.995285538838,0.990593303819
2018-04-16,2677.84,0.00810902383014,2018-04-13,1.76,6.98412698413e-05,0.0080391825603,0.134664866556,0.12035789029,1.11887028122,1.25187070621
2018-04-17,2706.39,0.0106615779882,2018-04-16,1.79,7.10317460317e-05,0.0105905462422,0.136674232055,0.120512425843,1.13410904394,1.28620332354
2018-04-18,2708.64,0.000831365767683,2018-04-17,1.8,7.14285714286e-05,0.000759937196254,0.140370456532,0.12046156119,1.16527176924,1.35785829618
2018-04-19,2693.13,-0.0057261208577,2018-04-18,1.81,7.18253968254e-05,-0.00579794625453,0.136321392358,0.120605818033,1.13030527533,1.27759001544
2018-04-20,2670.14,-0.00853653555528,2018-04-19,1.82,7.22222222222e-05,-0.00860875777751,0.120187585274,0.120746098769,0.995374480004,0.990770355443
2018-04-23,2670.29,5.61768296794e-05,2018-04-20,1.81,7.18253968254e-05,-1.5648567146e-05,0.12323829678,0.120694125866,1.02107949244,1.04260332989
2018-04-24,2634.56,-0.0133805691517,2018-04-23,1.87,7.42063492063e-05,-0.0134547755009,0.0989747851615,0.121048316184,0.817646938687,0.668546516344
2018-04-25,2639.4,0.0018371189117,2018-04-24,1.87,7.42063492063e-05,0.00176291256249,0.0946792397345,0.120923716315,0.782966672044,0.613036809532
2018-04-26,2666.94,0.0104341895885,2018-04-25,1.85,7.34126984127e-05,0.0103607768901,0.105558194398,0.121333476472,0.869984092334,0.756872320915
2018-04-27,2669.91,0.00111363585233,2018-04-26,1.82,7.22222222222e-05,0.0010414136301,0.106079653376,0.121335162851,0.874269674871,0.764347464399
2018-04-30,2648.05,-0.00818754190216,2018-04-27,1.82,7.22222222222e-05,-0.00825976412438,0.0997651505755,0.121620830089,0.820296576687,0.672886473724
2018-05-01,2654.8,0.00254904552406,2018-04-30,1.87,7.42063492063e-05,0.00247483917486,0.100539498554,0.121632245046,0.826585898466,0.683244247542
2018-05-02,2635.67,-0.00720581588067,2018-05-01,1.85,7.34126984127e-05,-0.00727922857908,0.0921040910756,0.12187044951,0.755754093348,0.571164249612
2018-05-03,2629.73,-0.00225369640357,2018-05-02,1.84,7.30158730159e-05,-0.00232671227659,0.0910812626352,0.121888062291,0.747253348058,0.558387566184
2018-05-04,2663.42,0.0128112011499,2018-05-03,1.84,7.30158730159e-05,0.0127381852769,0.103271132705,0.122517044559,0.84291237253,0.710501267764
2018-05-07,2672.63,0.00345796006638,2018-05-04,1.84,7.30158730159e-05,0.00338494419337,0.102601516615,0.122499914709,0.837563984093,0.70151342745
2018-05-08,2671.92,-0.000265655926933,2018-05-07,1.86,7.38095238095e-05,-0.000339465450743,0.102260254353,0.122501334833,0.834768490419,0.696838432596
2018-05-09,2697.79,0.00968217611306,2018-05-08,1.87,7.42063492063e-05,0.00960796976385,0.112929600088,0.12283875593,0.919332007494,0.845171340002
2018-05-10,2723.07,0.0093706329996,2018-05-09,1.88,7.46031746032e-05,0.009296029825,0.121131123398,0.123157225826,0.983548651618,0.9673679501
2018-05-11,2727.72,0.00170763146008,2018-05-10,1.9,7.53968253968e-05,0.00163223463468,0.124961905755,0.123133011941,1.0148529934,1.02992659822
2018-05-14,2730.13,0.000883521769097,2018-05-11,1.92,7.61904761905e-05,0.000807331292906,0.127282979526,0.123116649538,1.0338405082,1.06882619639
2018-05-15,2711.45,-0.00684216502511,2018-05-14,1.93,7.65873015873e-05,-0.0069187523267,0.115622703817,0.123264990934,0.938001154593,0.879846166018
2018-05-16,2722.46,0.00406055800402,2018-05-15,1.92,7.61904761905e-05,0.00398436752783,0.120329621689,0.123310097558,0.975829425749,0.952243068157
2018-05-17,2720.13,-0.000855843612027,2018-05-16,1.92,7.61904761905e-05,-0.000932034088218,0.137611560456,0.121880005878,1.12907412061,1.27480836983
2018-05-18,2712.97,-0.0026322271362,2018-05-17,1.92,7.61904761905e-05,-0.00270841761239,0.131252013942,0.121883047065,1.07686849896,1.15964576405
2018-05-21,2733.01,0.00738673851904,2018-05-18,1.91,7.57936507937e-05,0.00731094486825,0.131832367841,0.121916211961,1.08133582663,1.16928716996
2018-05-22,2724.44,-0.00313573678838,2018-05-21,1.93,7.65873015873e-05,-0.00321232408996,0.123496436981,0.121885260869,1.01321879365,1.0266123238
2018-05-23,2733.29,0.00324837397777,2018-05-22,1.93,7.65873015873e-05,0.00317178667618,0.12486721562,0.121908467205,1.02427024539,1.0491295356
2018-05-24,2727.76,-0.00202320280687,2018-05-23,1.92,7.61904761905e-05,-0.00209939328306,0.12031519159,0.12191985333,0.986838388535,0.973850005086
2018-05-25,2721.33,-0.00235724550547,2018-05-24,1.91,7.57936507937e-05,-0.00243303915626,0.113477182126,0.121890434038,0.930976930395,0.866718044928
2018-05-29,2689.86,-0.0115641983883,2018-05-25,1.9,7.53968253968e-05,-0.0116395952137,0.101564338494,0.122486272392,0.829189561497,0.687555328896
2018-05-30,2724.01,0.0126958280357,2018-05-29,1.93,7.65873015873e-05,0.0126192407341,0.115425440758,0.12308432057,0.937775341516,0.879422591155
2018-05-31,2705.27,-0.00687956358457,2018-05-30,1.94,7.69841269841e-05,-0.00695654771155,0.108965823255,0.123302406238,0.883728278947,0.78097567101
2018-06-01,2734.62,0.0108491943503,2018-05-31,1.93,7.65873015873e-05,0.0107726070487,0.112206210477,0.123534875377,0.908295816344,0.825001289987
2018-06-04,2746.87,0.00447959862796,2018-06-01,1.92,7.61904761905e-05,0.00440340815177,0.112940780137,0.123557413293,0.914075304159,0.835533661674
2018-06-05,2748.8,0.000702617888724,2018-06-04,1.94,7.69841269841e-05,0.00062563376174,0.114822980017,0.123545500617,0.929398314335,0.863781226689
2018-06-06,2772.35,0.00856737485448,2018-06-05,1.94,7.69841269841e-05,0.0084903907275,0.126130498042,0.123763095429,1.01912850195,1.03862290349
2018-06-07,2770.37,-0.000714195538081,2018-06-06,1.95,7.7380952381e-05,-0.000791576490462,0.123809079959,0.123765375234,1.00035312562,1.00070637593
2018-06-08,2779.03,0.00312593624678,2018-06-07,1.94,7.69841269841e-05,0.0030489521198,0.126630570106,0.123791930195,1.02293073471,1.04638728801
2018-06-11,2782,0.00106871822183,2018-06-08,1.93,7.65873015873e-05,0.000992130920238,0.128492761614,0.123785132773,1.03803064823,1.07750762666
2018-06-12,2786.85,0.00174335010784,2018-06-11,1.94,7.69841269841e-05,0.00166636598085,0.13117791794,0.12378099032,1.05975818743,1.12308741583
2018-06-13,2775.63,-0.0040260509177,2018-06-12,1.92,7.61904761905e-05,-0.00410224139389,0.122603144872,0.123802851301,0.990309541211,0.980712987414
2018-06-14,2782.49,0.00247151097228,2018-06-13,1.94,7.69841269841e-05,0.0023945268453,0.126033113062,0.123808180339,1.01797080546,1.03626456077
2018-06-15,2779.66,-0.00101707463459,2018-06-14,1.94,7.69841269841e-05,-0.00109405876157,0.127218747763,0.123786506893,1.02772710012,1.05622299233
2018-06-18,2773.75,-0.00212615931445,2018-06-15,1.94,7.69841269841e-05,-0.00220314344143,0.12477241706,0.123815362797,1.00772968912,1.01551912634
2018-06-19,2762.59,-0.00402343397927,2018-06-18,1.94,7.69841269841e-05,-0.00410041810625,0.112365667728,0.12365115528,0.908731240512,0.825792467483
2018-06-20,2767.32,0.00171216141375,2018-06-19,1.94,7.69841269841e-05,0.00163517728676,0.120737986324,0.123445450617,0.978067524726,0.956616082923
2018-06-21,2749.76,-0.00634548949887,2018-06-20,1.94,7.69841269841e-05,-0.00642247362585,0.114938268517,0.123632197078,0.929679090348,0.864303211029
2018-06-22,2754.88,0.00186198068195,2018-06-21,1.94,7.69841269841e-05,0.00178499655497,0.117218288774,0.123635709073,0.948094119835,0.898882460065
2018-06-25,2717.07,-0.0137247357417,2018-06-22,1.93,7.65873015873e-05,-0.0138013230433,0.101894165508,0.124448886243,0.818763177267,0.670373140448
2018-06-26,2723.06,0.00220458066962,2018-06-25,1.93,7.65873015873e-05,0.00212799336803,0.103744857149,0.124461014442,0.833553041598,0.694810673157
2018-06-27,2699.63,-0.00860429076113,2018-06-26,1.93,7.65873015873e-05,-0.00868087806272,0.10317601384,0.124498764305,0.828731228104,0.686795448435
2018-06-28,2716.31,0.00617862447817,2018-06-27,1.93,7.65873015873e-05,0.00610203717658,0.100509691826,0.124349552355,0.808283503422,0.653322221905
2018-06-29,2718.37,0.000758381775276,2018-06-28,1.93,7.65873015873e-05,0.000681794473689,0.109831989532,0.124017041668,0.885620137801,0.784323028479
2018-07-02,2726.71,0.00306801502371,2018-06-29,1.93,7.65873015873e-05,0.00299142772212,0.111331439172,0.124039466728,0.897548515075,0.805593336913
2018-07-03,2713.22,-0.0049473541374,2018-07-02,1.98,7.85714285714e-05,-0.00502592556598,0.104035593153,0.124145316144,0.838014645942,0.702268546813
2018-07-05,2736.61,0.00862075320099,2018-07-03,1.98,7.85714285714e-05,0.00854218177242,0.111166571449,0.124408946257,0.893557696563,0.798445357088
2018-07-06,2759.82,0.00848129620224,2018-07-05,1.96,7.77777777778e-05,0.00840351842446,0.128980564453,0.12426806286,1.03792206529,1.07728221362
2018-07-09,2784.17,0.00882303918371,2018-07-06,1.97,7.81746031746e-05,0.00874486458054,0.131363545021,0.124405607496,1.05592945257,1.11498700881
2018-07-10,2793.84,0.003473207455,2018-07-09,1.98,7.85714285714e-05,0.00339463602643,0.133872081527,0.124438814178,1.07580647093,1.15735956289
2018-07-11,2774.02,-0.00709417862154,2018-07-10,1.99,7.89682539683e-05,-0.00717314687551,0.127522925313,0.124668499714,1.02289612537,1.04631648329
2018-07-12,2798.29,0.00874903569549,2018-07-11,1.97,7.81746031746e-05,0.00867086109231,0.128929833269,0.124755193789,1.03346265076,1.06804505051
2018-07-13,2801.31,0.00107923053007,2018-07-12,1.98,7.85714285714e-05,0.0010006591015,0.128097606699,0.124749375862,1.02683966003,1.05439968742
2018-07-16,2798.43,-0.00102809042912,2018-07-13,1.98,7.85714285714e-05,-0.00110666185769,0.122359084343,0.124691192564,0.981296929058,0.962943662979
2018-07-17,2809.55,0.00397365665748,2018-07-16,2.01,7.97619047619e-05,0.00389389475272,0.126347110152,0.124736854594,1.01290922048,1.02598508894
2018-07-18,2815.62,0.00216048833443,2018-07-17,2.02,8.01587301587e-05,0.00208032960427,0.127872130122,0.124747121962,1.02505074354,1.05072902683
2018-07-19,2804.49,-0.00395294819613,2018-07-18,2,7.93650793651e-05,-0.0040323132755,0.118509625667,0.124734928697,0.950091741783,0.902674317804
2018-07-20,2801.83,-0.000948479046101,2018-07-19,2,7.93650793651e-05,-0.00102784412547,0.117679437129,0.12474182773,0.943383941617,0.889973261301
2018-07-23,2806.98,0.00183808439484,2018-07-20,1.99,7.89682539683e-05,0.00175911614087,0.119852095364,0.124745466896,0.960773151495,0.923085048634
2018-07-24,2820.4,0.00478093894506,2018-07-23,1.99,7.89682539683e-05,0.00470197069109,0.125663781301,0.124807192036,1.00686330051,1.01377370592
2018-07-25,2846.07,0.00910154588002,2018-07-24,2.02,8.01587301587e-05,0.00902138714986,0.131808413587,0.125077390305,1.05381486826,1.11052577657
2018-07-26,2837.44,-0.00303225149065,2018-07-25,2.01,7.97619047619e-05,-0.00311201339541,0.1284606405,0.125129277192,1.0266233721,1.05395554814
2018-07-27,2818.82,-0.00656225329875,2018-07-26,1.99,7.89682539683e-05,-0.00664122155272,0.122836885457,0.125323116073,0.980161436343,0.960716441294
2018-07-30,2802.6,-0.00575418082744,2018-07-27,2,7.93650793651e-05,-0.0058335459068,0.118388573716,0.125467479075,0.943579759383,0.890342762317
2018-07-31,2816.29,0.00488474987512,2018-07-30,2.04,8.09523809524e-05,0.00480379749416,0.123963354238,0.125536529448,0.987468386956,0.975093815237
2018-08-01,2813.36,-0.00104037581357,2018-07-31,2.03,8.05555555556e-05,-0.00112093136913,0.120435787934,0.12553207396,0.959402518697,0.920453192883
2018-08-02,2827.22,0.00492649358774,2018-08-01,2.03,8.05555555556e-05,0.00484593803218,0.12483192254,0.125608752571,0.9938154785,0.987669205307
2018-08-03,2840.35,0.00464413805788,2018-08-02,2.02,8.01587301587e-05,0.00456397932772,0.131622350191,0.125644839495,1.0475746614,1.09741267121
2018-08-06,2850.4,0.00353829633672,2018-08-03,2.01,7.97619047619e-05,0.00345853443196,0.133234705458,0.125672879502,1.06017070656,1.12396192705
2018-08-07,2858.45,0.00282416502947,2018-08-06,2.05,8.13492063492e-05,0.00274281582312,0.134373111554,0.125688338983,1.06909767956,1.14296984845
2018-08-08,2857.7,-0.000262379961168,2018-08-07,2.06,8.1746031746e-05,-0.000344125992914,0.13648389839,0.125655047681,1.08617919383,1.1797852411
2018-08-09,2853.58,-0.00144171886482,2018-08-08,2.06,8.1746031746e-05,-0.00152346489657,0.135366145103,0.125667991584,1.07717282179,1.16030128801
2018-08-10,2833.28,-0.00711387099713,2018-08-09,2.06,8.1746031746e-05,-0.00719561702888,0.14268700972,0.124995423944,1.14153786769,1.30310870337
2018-08-13,2821.93,-0.0040059577592,2018-08-10,2.05,8.13492063492e-05,-0.00408730696555,0.137365843523,0.125079471202,1.09822852785,1.20610589939
2018-08-14,2839.96,0.00638924424064,2018-08-13,2.06,8.1746031746e-05,0.0063074982089,0.133670467922,0.124855819318,1.07059862049,1.1461814062
2018-08-15,2818.37,-0.00760221974957,2018-08-14,2.08,8.25396825397e-05,-0.00768475943211,0.1265250005,0.125119896198,1.01123006288,1.02258624008
2018-08-16,2840.69,0.0079194711837,2018-08-15,2.07,8.21428571429e-05,0.00783732832656,0.13298349569,0.125333192676,1.06103972021,1.12580528786
2018-08-17,2850.13,0.00332313628027,2018-08-16,2.07,8.21428571429e-05,0.00324099342313,0.151701878569,0.124324767518,1.22020641259,1.48890368932
2018-08-20,2857.05,0.00242795942641,2018-08-17,2.05,8.13492063492e-05,0.00234661022006,0.155923554723,0.124311824521,1.25429383185,1.57325301661
2018-08-21,2862.96,0.00206856722843,2018-08-20,2.06,8.1746031746e-05,0.00198682119669,0.156788229199,0.124318651796,1.26118025682,1.59057564018
2018-08-22,2861.82,-0.000398189286612,2018-08-21,2.08,8.25396825397e-05,-0.000480728969152,0.146406358266,0.123975208451,1.18093254365,1.39460167266
2018-08-23,2856.98,-0.00169123145411,2018-08-22,2.09,8.29365079365e-05,-0.00177416796205,0.148125477518,0.123929255741,1.19524221003,1.42860394063
2018-08-24,2874.69,0.00619885333464,2018-08-23,2.08,8.25396825397e-05,0.0061163136521,0.156355907844,0.124022757236,1.26070336871,1.58937298387
2018-08-27,2896.74,0.00767039228578,2018-08-24,2.09,8.29365079365e-05,0.00758745577784,0.162311002508,0.124215678618,1.30668691999,1.70743070687
2018-08-28,2897.52,0.000269268211852,2018-08-27,2.12,8.4126984127e-05,0.000185141227725,0.162049920703,0.124216256523,1.30457900793,1.70192638793
2018-08-29,2914.04,0.00570142742759,2018-08-28,2.13,8.45238095238e-05,0.00561690361807,0.166862915449,0.124316609291,1.3422415267,1.80161231599
2018-08-30,2901.13,-0.00443027549382,2018-08-29,2.13,8.45238095238e-05,-0.00451479930334,0.157773856104,0.124361519892,1.2686710185,1.60952615319
2018-08-31,2901.52,0.000134430377129,2018-08-30,2.11,8.37301587302e-05,5.07002183987e-05,0.152144377413,0.124260025193,1.22440323971,1.49916329341
2018-09-04,2896.72,-0.00165430532962,2018-08-31,2.11,8.37301587302e-05,-0.00173803548835,0.148463939951,0.124274596066,1.19464431711,1.4271750444
2018-09-05,2888.6,-0.00280317048248,2018-09-04,2.13,8.45238095238e-05,-0.002887694292,0.153167548605,0.124050430671,1.23472000682,1.52453349525
2018-09-06,2878.05,-0.00365228830575,2018-09-05,2.14,8.49206349206e-05,-0.00373720894067,0.146342461943,0.124100907438,1.17922152999,1.3905634168
2018-09-07,2871.68,-0.00221330414691,2018-09-06,2.13,8.45238095238e-05,-0.00229782795643,0.144265554195,0.124131137107,1.1622027926,1.35071533114
2018-09-10,2877.13,0.00189784377089,2018-09-07,2.14,8.49206349206e-05,0.00181292313597,0.147608927414,0.124119116598,1.18925215922,1.4143206982
2018-09-11,2887.89,0.00373983796353,2018-09-10,2.14,8.49206349206e-05,0.00365491732861,0.14046588698,0.123736439552,1.13520226935,1.28868419233
2018-09-12,2888.92,0.000356661784209,2018-09-11,2.15,8.53174603175e-05,0.000271344323892,0.137414898791,0.12370607101,1.11081774459,1.23391606169
2018-09-13,2904.18,0.00528225080653,2018-09-12,2.16,8.57142857143e-05,0.00519653652082,0.141895242379,0.123794207939,1.14621875078,1.31381742465
2018-09-14,2904.98,0.000275465019386,2018-09-13,2.15,8.53174603175e-05,0.000190147559068,0.143227377447,0.123782563363,1.15708847479,1.33885373848
2018-09-17,2888.8,-0.00556974574696,2018-09-14,2.16,8.57142857143e-05,-0.00565546003267,0.135766347723,0.123931661134,1.09549364932,1.20010633571
2018-09-18,2904.31,0.0053690113542,2018-09-17,2.16,8.57142857143e-05,0.00528329706848,0.139635445398,0.124020414584,1.12590693932,1.26766643601
2018-09-19,2907.95,0.00125330973622,2018-09-18,2.17,8.61111111111e-05,0.00116719862511,0.139734029405,0.124021065337,1.12669592883,1.26944371605
2018-09-20,2930.75,0.0078405749755,2018-09-19,2.16,8.57142857143e-05,0.00775486068978,0.146895847208,0.124231080188,1.18244039241,1.39816528161
2018-09-21,2929.67,-0.000368506355028,2018-09-20,2.17,8.61111111111e-05,-0.00045461746614,0.149528460097,0.124179978089,1.20412696473,1.44992174719
2018-09-24,2919.37,-0.00351575433411,2018-09-21,2.18,8.65079365079e-05,-0.00360226227061,0.14531962315,0.124250142939,1.1695730863,1.36790120419
2018-09-25,2915.56,-0.00130507609518,2018-09-24,2.22,8.80952380952e-05,-0.00139317133328,0.146189351673,0.124232299249,1.1767418985,1.38472149568
2018-09-26,2905.97,-0.00328924803468,2018-09-25,2.21,8.76984126984e-05,-0.00337694644738,0.142781975572,0.124293358457,1.14874983945,1.31962619363
2018-09-27,2914,0.00276327697808,2018-09-26,2.2,8.73015873016e-05,0.00267597539078,0.141414850808,0.124263523865,1.13802382557,1.29509822756
2018-09-28,2913.98,-6.86341798217e-06,2018-09-27,2.18,8.65079365079e-05,-9.33713544901e-05,0.140159331946,0.124263783489,1.12791778917,1.27219853912
2018-10-01,2924.59,0.00364106822971,2018-09-28,2.19,8.69047619048e-05,0.0035541634678,0.140050468191,0.124262205704,1.12705602961,1.27025529388
2018-10-02,2923.43,-0.000396636793534,2018-10-01,2.23,8.84920634921e-05,-0.000485128857026,0.13573340308,0.124223401821,1.09265565981,1.19389639091
2018-10-03,2925.51,0.000711493006503,2018-10-02,2.23,8.84920634921e-05,0.000623000943011,0.134237629716,0.124213666,1.08069936295,1.16791111308
2018-10-04,2901.61,-0.00816951574255,2018-10-03,2.23,8.84920634921e-05,-0.00825800780605,0.124775327341,0.124520975452,1.00204264292,1.00408945824
2018-10-05,2885.57,-0.0055279655088,2018-10-04,2.22,8.80952380952e-05,-0.0056160607469,0.113555367174,0.124564315977,0.911620364813,0.831051689541
2018-10-08,2884.43,-0.000395069258413,2018-10-05,2.23,8.84920634921e-05,-0.000483561321906,0.114187904432,0.124557457148,0.916748840623,0.840428436784
2018-10-09,2880.34,-0.00141795779409,2018-10-05,2.23,8.84920634921e-05,-0.00150644985758,0.114528310556,0.124550813081,0.919530814155,0.845536918181
2018-10-10,2785.68,-0.032864175757,2018-10-09,2.25,8.92857142857e-05,-0.0329534614713,0.0792948626203,0.128933452798,0.615006120597,0.378232528372
2018-10-11,2728.37,-0.0205730737199,2018-10-10,2.27,9.00793650794e-05,-0.020663153085,0.0568710977449,0.13061668483,0.435404541303,0.189577114587
2018-10-12,2767.13,0.0142062843383,2018-10-11,2.27,9.00793650794e-05,0.0141162049732,0.0727176835254,0.131339603481,0.553661512582,0.306541070515
2018-10-15,2750.79,-0.00590503518086,2018-10-12,2.28,9.04761904762e-05,-0.00599551137133,0.065887315002,0.131487670983,0.501091201246,0.251092391966
2018-10-16,2809.92,0.0214956430698,2018-10-15,2.31,9.16666666667e-05,0.0214039764031,0.0855837806378,0.133173516684,0.642648649436,0.412997286622
2018-10-17,2809.21,-0.000252676232775,2018-10-16,2.3,9.12698412698e-05,-0.000343946074045,0.0846109904011,0.133174889993,0.635337415375,0.403653631375
2018-10-18,2768.78,-0.0143919464903,2018-10-17,2.31,9.16666666667e-05,-0.014483613157,0.0694282581192,0.133993826572,0.518145200381,0.268474448678
2018-10-19,2767.78,-0.000361169901545,2018-10-18,2.32,9.20634920635e-05,-0.000453233393609,0.0686903151134,0.133995686198,0.512630794783,0.26279033176
2018-10-22,2755.88,-0.00429947466923,2018-10-19,2.31,9.16666666667e-05,-0.0043911413359,0.0592259282751,0.133989673854,0.442018601671,0.195380444223
2018-10-23,2740.69,-0.00551185102399,2018-10-22,2.34,9.28571428571e-05,-0.00560470816685,0.0576377592911,0.134047840003,0.429979023084,0.184881960292
2018-10-24,2656.1,-0.0308644903291,2018-10-23,2.33,9.24603174603e-05,-0.0309569506465,0.0251061162741,0.137614992843,0.182437362059,0.0332833910752
2018-10-25,2705.57,0.0186250517676,2018-10-24,2.34,9.28571428571e-05,0.0185321946248,0.0483458124871,0.138759608678,0.348414159911,0.121392426826
2018-10-26,2658.69,-0.0173272175549,2018-10-25,2.34,9.28571428571e-05,-0.0174200746978,0.0296992360633,0.13986582948,0.212340899658,0.0450886576677
2018-10-29,2641.25,-0.00655962146772,2018-10-26,2.33,9.24603174603e-05,-0.00665208178518,0.0150182445468,0.139803079361,0.107424275741,0.0115399750185
2018-10-30,2682.63,0.0156668244203,2018-10-29,2.34,9.28571428571e-05,0.0155739672774,0.0338283370567,0.140622695578,0.240561005587,0.0578695974092
2018-10-31,2711.74,0.0108512914565,2018-10-30,2.33,9.24603174603e-05,0.0107588311391,0.0436871273847,0.141023380343,0.309786414694,0.0959676227292
2018-11-01,2740.37,0.0105577968389,2018-10-31,2.34,9.28571428571e-05,0.0104649396961,0.0526056297446,0.141393911391,0.372050176893,0.138421334126
2018-11-02,2723.06,-0.00631666526783,2018-11-01,2.32,9.20634920635e-05,-0.00640872875989,0.0460537567767,0.141547701438,0.325358563289,0.105858194705
2018-11-05,2738.31,0.00560031729011,2018-11-02,2.33,9.24603174603e-05,0.00550785697265,0.0485109630332,0.1416202923,0.342542458044,0.117335335563
2018-11-06,2755.45,0.00625933513737,2018-11-05,2.36,9.36507936508e-05,0.00616568434371,0.0534521422432,0.141743693387,0.377104201012,0.142207578421
2018-11-07,2813.89,0.0212088769529,2018-11-06,2.35,9.3253968254e-05,0.0211156229847,0.0748040941333,0.143278823047,0.522087581001,0.272575442236
2018-11-08,2806.83,-0.00250898222745,2018-11-07,2.37,9.40476190476e-05,-0.0026030298465,0.0708058182754,0.143303574221,0.494096666186,0.244131515537
2018-11-09,2781.01,-0.00919898960749,2018-11-08,2.35,9.3253968254e-05,-0.00929224357575,0.0653243620371,0.143563235083,0.455021524135,0.207044587426
2018-11-12,2726.22,-0.0197014753633,2018-11-09,2.36,9.36507936508e-05,-0.0197951261569,0.0464760596741,0.14494965081,0.320635885732,0.102807371219
2018-11-13,2722.18,-0.0014819053488,2018-11-09,2.36,9.36507936508e-05,-0.00157555614245,0.0439656938013,0.144958210929,0.303299092335,0.0919903394111
2018-11-14,2701.58,-0.00756746431169,2018-11-13,2.38,9.44444444444e-05,-0.00766190875614,0.0386626121059,0.145146553778,0.266369480359,0.0709527000669
2018-11-15,2730.2,0.0105938006648,2018-11-14,2.38,9.44444444444e-05,0.0104993562204,0.0547376443006,0.145400071404,0.37646229312,0.141723858141
2018-11-16,2736.27,0.00222328034576,2018-11-15,2.37,9.40476190476e-05,0.00212923272671,0.0487203341842,0.145196552935,0.335547457564,0.112592096277
2018-11-19,2690.73,-0.0166430944315,2018-11-16,2.36,9.36507936508e-05,-0.0167367452251,0.0346600280796,0.146150379725,0.237153185267,0.0562416332821
2018-11-20,2641.89,-0.0181512080365,2018-11-19,2.38,9.44444444444e-05,-0.0182456524809,0.0151898036226,0.147294963184,0.103125071586,0.0106347803896
2018-11-21,2649.93,0.00304327583662,2018-11-20,2.39,9.48412698413e-05,0.00294843456678,0.0116487394151,0.147183695425,0.0791442243754,0.00626380825198
2018-11-23,2632.56,-0.00655489012917,2018-11-21,2.41,9.56349206349e-05,-0.00665052504981,0.005800081579,0.147332541273,0.0393672811782,0.00154978282736
2018-11-26,2673.45,0.0155324095177,2018-11-23,2.41,9.56349206349e-05,0.0154367745971,0.0192318912778,0.148126639884,0.129834115543,0.0168568975589
2018-11-27,2682.17,0.00326170304288,2018-11-26,2.41,9.56349206349e-05,0.00316606812225,0.0228334076056,0.148158292485,0.154114948429,0.0237514173292
2018-11-28,2743.79,0.0229739352837,2018-11-27,2.41,9.56349206349e-05,0.0228783003631,0.0359136374186,0.149594022576,0.240074013655,0.0576355320324
2018-11-29,2737.76,-0.00219769005645,2018-11-28,2.4,9.52380952381e-05,-0.00229292815169,0.0340415334282,0.149612390291,0.227531512343,0.0517705891091
2018-11-30,2760.17,0.00818552393197,2018-11-29,2.37,9.40476190476e-05,0.00809147631293,0.033993253289,0.149612099944,0.227209251804,0.0516240441054
2018-12-03,2790.37,0.0109413550615,2018-11-30,2.37,9.40476190476e-05,0.0108473074424,0.0469154478461,0.149979081335,0.312813276548,0.0978521459844
2018-12-04,2700.06,-0.0323648835101,2018-12-03,2.38,9.44444444444e-05,-0.0324593279545,0.0155586622612,0.153482213339,0.101371109543,0.0102761018499
2018-12-06,2695.95,-0.00152218839581,2018-12-04,2.42,9.60317460317e-05,-0.00161822014185,0.0177310621716,0.153442001157,0.115555467459,0.0133530660596
2018-12-07,2633.08,-0.0233201654333,2018-12-06,2.41,9.56349206349e-05,-0.023415800354,-0.00551906378674,0.155225892401,-0.0355550462707,0.00126416131531
2018-12-10,2637.72,0.00176219484406,2018-12-07,2.4,9.52380952381e-05,0.00166695674882,-0.00673289260028,0.155208514429,-0.0433796600982,0.00188179491024
2018-12-11,2636.78,-0.000356368378751,2018-12-10,2.41,9.56349206349e-05,-0.000452003299386,-0.0126400042957,0.155112251321,-0.0814894000187,0.0066405223154
2018-12-12,2651.07,0.00541948892209,2018-12-11,2.41,9.56349206349e-05,0.00532385400146,-0.0104673177975,0.155173679124,-0.0674554979722,0.00455024420668
2018-12-13,2650.54,-0.000199919277877,2018-12-12,2.43,9.64285714286e-05,-0.000296347849305,-0.0122597658723,0.155166399099,-0.0790104426183,0.00624265004273
2018-12-14,2599.95,-0.0190866766772,2018-12-13,2.43,9.64285714286e-05,-0.0191831052486,-0.0309167430737,0.156338707274,-0.197754884972,0.0391069945305
2018-12-17,2545.94,-0.020773476413,2018-12-14,2.42,9.60317460317e-05,-0.020869508159,-0.0476638375609,0.157657057876,-0.302326062677,0.0914010481741
2018-12-18,2546.16,8.64120914081e-05,2018-12-17,2.4,9.52380952381e-05,-8.82600382996e-06,-0.0565946077468,0.157393052889,-0.359575004792,0.129294184071
2018-12-19,2506.96,-0.0153957331825,2018-12-18,2.39,9.48412698413e-05,-0.0154905744524,-0.0773960601588,0.158030990298,-0.489752421427,0.239857434294
2018-12-20,2467.42,-0.0157720905,2018-12-19,2.4,9.52380952381e-05,-0.0158673285953,-0.0899783357143,0.158766004799,-0.566735528982,0.32118915981
2018-12-21,2416.62,-0.0205883068144,2018-12-20,2.39,9.48412698413e-05,-0.0206831480842,-0.109779214622,0.160058926961,-0.685867490842,0.470414214994
2018-12-24,2351.1,-0.0271122476848,2018-12-21,2.39,9.48412698413e-05,-0.0272070889546,-0.138917171979,0.162260880206,-0.856134712213,0.732966645456
2018-12-26,2467.7,0.0495938071541,2018-12-24,2.45,9.72222222222e-05,0.0494965849319,-0.0889088416834,0.16980979544,-0.523578992913,0.27413496182
2018-12-27,2488.83,0.00856262916886,2018-12-26,2.44,9.68253968254e-05,0.00846580377204,-0.07933187767,0.170037644291,-0.466554791446,0.217673373421
2018-12-28,2485.74,-0.00124154723304,2018-12-27,2.41,9.56349206349e-05,-0.00133718215367,-0.081401623711,0.17003745551,-0.478727604261,0.229180119081
2018-12-31,2506.85,0.0084924408828,2018-12-28,2.4,9.52380952381e-05,0.00839720278756,-0.0747813059942,0.170249429604,-0.439245559694,0.192936661711
2019-01-02,2510.03,0.00126852424357,2018-12-31,2.45,9.72222222222e-05,0.00117130202135,-0.0683716665737,0.170182779442,-0.401754318492,0.161406532427
2019-01-03,2447.89,-0.024756676215,2019-01-02,2.42,9.60317460317e-05,-0.0248527079611,-0.101472595879,0.171729792658,-0.590885217459,0.349145340211
2019-01-04,2531.94,0.0343356931888,2019-01-03,2.41,9.56349206349e-05,0.0342400582682,-0.0735742136613,0.175067788479,-0.420261284502,0.176619547251
2019-01-07,2549.69,0.00701043468645,2019-01-04,2.42,9.60317460317e-05,0.00691440294041,-0.0706325197038,0.175165693047,-0.403232610651,0.162596538292
2019-01-08,2574.41,0.00969529629092,2019-01-07,2.45,9.72222222222e-05,0.0095980740687,-0.0680122929377,0.175296237288,-0.387984899104,0.150532281933
2019-01-09,2584.96,0.0040980263439,2019-01-08,2.46,9.7619047619e-05,0.00400040729628,-0.0656190494237,0.175339007987,-0.374241021304,0.140056342027
2019-01-10,2596.64,0.00451844515969,2019-01-09,2.45,9.72222222222e-05,0.00442122293747,-0.0624431899485,0.175395811586,-0.356013005008,0.126745259735
2019-01-11,2596.26,-0.000146342966295,2019-01-10,2.43,9.64285714286e-05,-0.000242771537723,-0.0615166130819,0.175393253904,-0.350735343079,0.123015280885
2019-01-14,2582.61,-0.00525756280188,2019-01-11,2.43,9.64285714286e-05,-0.00535399137331,-0.0738478732502,0.175317451947,-0.421223742588,0.17742944132
2019-01-15,2610.3,0.0107217117567,2019-01-14,2.45,9.72222222222e-05,0.0106244895345,-0.069916265515,0.17552072009,-0.398336250439,0.158671768414
2019-01-16,2616.1,0.00222196682374,2019-01-15,2.45,9.72222222222e-05,0.00212474460151,-0.0642103118061,0.175505438427,-0.365859385222,0.133853089755
2019-01-17,2635.96,0.00759145292611,2019-01-16,2.43,9.64285714286e-05,0.00749502435468,-0.0660727498218,0.175414849436,-0.376665658776,0.141877018501
2019-01-18,2670.71,0.0131830528536,2019-01-17,2.42,9.60317460317e-05,0.0130870211076,-0.0513122065468,0.175916949212,-0.291684267927,0.0850797121563
2019-01-22,2632.9,-0.0141572840181,2019-01-18,2.41,9.56349206349e-05,-0.0142529189387,-0.0698928139814,0.17641634513,-0.396181056409,0.156959429457
2019-01-23,2638.7,0.00220289414714,2019-01-22,2.43,9.64285714286e-05,0.00210646557571,-0.0757959599876,0.176237936,-0.430077437966,0.184966602648
2019-01-24,2642.33,0.00137567741691,2019-01-23,2.41,9.56349206349e-05,0.00128004249627,-0.0766331711156,0.176228849515,-0.434850317224,0.189094798389
2019-01-25,2664.76,0.00848872018257,2019-01-24,2.37,9.40476190476e-05,0.00839467256352,-0.0676213249813,0.176443680241,-0.383245945046,0.146877454394
2019-01-28,2643.85,-0.00784686050526,2019-01-25,2.39,9.48412698413e-05,-0.0079417017751,-0.0761089154011,0.176607925554,-0.430948470532,0.185716584254
2019-01-29,2640,-0.0014562096942,2019-01-28,2.42,9.60317460317e-05,-0.00155224144023,-0.0894459628697,0.176196222316,-0.507649719694,0.257708237905
2019-01-30,2681.05,0.0155492424242,2019-01-29,2.42,9.60317460317e-05,0.0154532106782,-0.0672048557963,0.176784123502,-0.380152100003,0.144515619137
2019-01-31,2704.1,0.00859737789299,2019-01-30,2.42,9.60317460317e-05,0.00850134614696,-0.047747585283,0.176672931397,-0.270259767048,0.0730403416846
2019-02-01,2706.53,0.000898635405495,2019-01-31,2.41,9.56349206349e-05,0.00080300048486,-0.0473763823222,0.176674796406,-0.268155861991,0.07190756632
2019-02-04,2724.87,0.00677620421721,2019-02-01,2.4,9.52380952381e-05,0.00668096612197,-0.0399894190933,0.176807888353,-0.226174405825,0.0511548618503
2019-02-05,2737.7,0.00470848150554,2019-02-04,2.42,9.60317460317e-05,0.00461244975951,-0.0141097260035,0.175593352494,-0.0803545567248,0.00645685478644
2019-02-06,2731.61,-0.00222449501406,2019-02-05,2.42,9.60317460317e-05,-0.00232052676009,0.024607721674,0.170716166574,0.144144061854,0.0207775105677
2019-02-07,2706.05,-0.00935711906165,2019-02-06,2.42,9.60317460317e-05,-0.00945315080768,-0.00222644713832,0.17009797411,-0.0130892043245,0.00017132726985
2019-02-08,2707.88,0.000676262448957,2019-02-07,2.42,9.60317460317e-05,0.000580230702925,0.00341569648935,0.170022646349,0.0200896560705,0.000403594281032
2019-02-11,2709.8,0.000709041759605,2019-02-08,2.43,9.64285714286e-05,0.000612613188177,0.0416262689166,0.165772192657,0.251105256252,0.0630538497173
2019-02-12,2744.73,0.012890250203,2019-02-11,2.45,9.72222222222e-05,0.0127930279807,0.0395447335436,0.165602734884,0.23879275648,0.0570219805474
2019-02-13,2753.03,0.00302397685747,2019-02-12,2.43,9.64285714286e-05,0.00292754828604,0.0286191861129,0.165057030728,0.173389682261,0.0300639819147
2019-02-14,2745.73,-0.00265162384718,2019-02-13,2.44,9.68253968254e-05,-0.002748449244,0.0233220707759,0.16506359996,0.141291422104,0.0199632659601
2019-02-15,2775.6,0.0108787098513,2019-02-14,2.43,9.64285714286e-05,0.0107822812799,0.0207649673282,0.164879747287,0.125940072506,0.0158609018629
2019-02-19,2779.76,0.00149877503963,2019-02-15,2.43,9.64285714286e-05,0.0014023464682,0.010160925302,0.164451839651,0.0617866320227,0.00381758789671
2019-02-20,2784.7,0.00177713183872,2019-02-19,2.45,9.72222222222e-05,0.0016799096165,0.0115300711168,0.16445997277,0.0701086770391,0.00491522659617
2019-02-21,2774.88,-0.00352641218085,2019-02-20,2.45,9.72222222222e-05,-0.00362363440307,0.0138121261217,0.164391876147,0.0840195175421,0.00705927932801
2019-02-22,2792.67,0.00641108804705,2019-02-21,2.45,9.72222222222e-05,0.00631386582483,0.0256883932771,0.164413363739,0.156242732908,0.0244117915864
2019-02-25,2796.11,0.00123179609478,2019-02-22,2.46,9.7619047619e-05,0.00113417704716,0.0259140552007,0.1644148092,0.157613875093,0.0248421336219
2019-02-26,2793.9,-0.000790383783185,2019-02-25,2.47,9.80158730159e-05,-0.0008883996562,0.00906199446959,0.163646248665,0.0553755099399,0.0030664471011
2019-02-27,2792.38,-0.000544042378038,2019-02-26,2.45,9.72222222222e-05,-0.00064126460026,-0.00327118854522,0.163229800805,-0.020040388024,0.000401617152154
2019-02-28,2784.49,-0.00282554666628,2019-02-27,2.45,9.72222222222e-05,-0.00292276888851,0.00657877987916,0.162751590631,0.0404222155597,0.00163395551075
2019-03-01,2803.69,0.006895338105,2019-02-28,2.45,9.72222222222e-05,0.00679811588278,0.0245385753282,0.162502126361,0.151004641464,0.0228024017435
2019-03-04,2792.81,-0.00388060020901,2019-03-01,2.44,9.68253968254e-05,-0.00397742560584,0.0339509682629,0.16198770894,0.209589779898,0.0439278758378
2019-03-05,2789.65,-0.00113147689961,2019-03-04,2.46,9.7619047619e-05,-0.00122909594723,0.0277149814352,0.161919899587,0.171164764219,0.0292973765103
2019-03-06,2771.45,-0.00652411592852,2019-03-05,2.46,9.7619047619e-05,-0.00662173497614,0.0101266743448,0.161691743339,0.0626295080733,0.0039224552815
2019-03-07,2748.93,-0.00812571036822,2019-03-06,2.47,9.80158730159e-05,-0.00822372624123,-0.000668385525142,0.16188190894,-0.00412884632704,1.70473719923e-05
2019-03-08,2743.07,-0.00213173853099,2019-03-07,2.45,9.72222222222e-05,-0.00222896075321,-0.00234682992766,0.161896078433,-0.0144959034856,0.000210131217864
2019-03-11,2783.3,0.0146660493535,2019-03-08,2.46,9.7619047619e-05,0.0145684303058,0.00782516010632,0.162494096674,0.0481565808633,0.00231905628045
2019-03-12,2791.52,0.00295332878238,2019-03-11,2.46,9.7619047619e-05,0.00285570973476,-0.00663165599632,0.161593288988,-0.0410391795219,0.00168421425583
2019-03-13,2810.92,0.00694961884565,2019-03-12,2.46,9.7619047619e-05,0.00685199979803,0.00156058128061,0.161734390173,0.00964903802427,9.31039347938e-05
2019-03-14,2808.48,-0.000868043202937,2019-03-13,2.45,9.72222222222e-05,-0.000965265425159,0.00702676363007,0.161607502897,0.0434804294609,0.00189054774611
2019-03-15,2822.48,0.00498490286561,2019-03-14,2.45,9.72222222222e-05,0.00488768064338,0.0177075888852,0.161573956932,0.109594325852,0.0120109162589
2019-03-18,2832.94,0.0037059607154,2019-03-15,2.45,9.72222222222e-05,0.00360873849318,0.0221681346927,0.161610135754,0.137170447814,0.0188157317536
2019-03-19,2832.57,-0.000130606366531,2019-03-18,2.44,9.68253968254e-05,-0.000227431763356,0.0203074689262,0.161603109453,0.125662612526,0.0157910921868
2019-03-20,2824.23,-0.00294432264692,2019-03-19,2.46,9.7619047619e-05,-0.00304194169454,0.0315403256546,0.160988959339,0.195916078868,0.0383831099589
2019-03-21,2854.88,0.0108525155529,2019-03-20,2.48,9.84126984127e-05,0.0107541028545,0.0408840588705,0.161335582509,0.253410055206,0.0642166560797
2019-03-22,2800.71,-0.018974527826,2019-03-21,2.49,9.88095238095e-05,-0.0190733373498,0.0237265331667,0.162464104256,0.146041695027,0.0213281766865
2019-03-25,2798.36,-0.000839072949359,2019-03-22,2.46,9.7619047619e-05,-0.000936691996978,0.0480217801613,0.160463230253,0.299269683688,0.0895623435749
2019-03-26,2818.46,0.00718277848454,2019-03-25,2.46,9.7619047619e-05,0.00708515943692,0.0761420996712,0.159185724154,0.478322412865,0.228792330649
2019-03-27,2805.37,-0.0046443802644,2019-03-26,2.46,9.7619047619e-05,-0.00474199931202,0.0443119072065,0.156977898168,0.28228118559,0.0796826677383
2019-03-28,2815.44,0.00358954433818,2019-03-27,2.44,9.68253968254e-05,0.00349271894135,0.065151992738,0.156021220914,0.417584174489,0.174376542784
2019-03-29,2834.4,0.0067342937516,2019-03-28,2.43,9.64285714286e-05,0.00663786518017,0.0747767084561,0.156117129733,0.478978242708,0.229420156988
2019-04-01,2867.19,0.0115685859441,2019-03-29,2.4,9.52380952381e-05,0.0114733478489,0.0725490333942,0.155943061455,0.465227710147,0.216436822289
2019-04-02,2867.24,1.74386768925e-05,2019-04-01,2.43,9.64285714286e-05,-7.8989894536e-05,0.0948760300956,0.154267612443,0.615009389159,0.378236548754
2019-04-03,2873.4,0.0021484075278,2019-04-02,2.42,9.60317460317e-05,0.00205237578177,0.0843838051729,0.153794210032,0.548679987078,0.30104972822
2019-04-04,2879.39,0.00208463840746,2019-04-03,2.44,9.68253968254e-05,0.00198781301064,0.0748745763689,0.153396134995,0.488112535375,0.23825384719
2019-04-05,2892.74,0.00463639868167,2019-04-04,2.44,9.68253968254e-05,0.00453957328484,0.0726191986792,0.153317863015,0.473651257924,0.224345514133
2019-04-08,2895.77,0.00104744982266,2019-04-05,2.44,9.68253968254e-05,0.000950624425834,0.0955582825682,0.151676156577,0.630015189763,0.396919139332
2019-04-09,2878.2,-0.00606747082814,2019-04-08,2.43,9.64285714286e-05,-0.00616389939957,0.0861264626061,0.151788974354,0.56740921383,0.321953215939
2019-04-10,2888.21,0.00347786811201,2019-04-09,2.42,9.60317460317e-05,0.00338183636598,0.0728512655003,0.150936563048,0.482661483932,0.232962108071
2019-04-11,2888.32,3.80858732572e-05,2019-04-10,2.43,9.64285714286e-05,-5.83426981714e-05,0.0783872689867,0.150820651745,0.519738298966,0.270127899412
2019-04-12,2907.41,0.00660937846222,2019-04-11,2.43,9.64285714286e-05,0.00651294989079,0.0767181382703,0.150743768208,0.508930745079,0.259010503287
2019-04-15,2905.58,-0.000629426190321,2019-04-12,2.44,9.68253968254e-05,-0.000726251587146,0.0789479786,0.150711375442,0.523835565619,0.274403699807
2019-04-16,2907.06,0.00050936473957,2019-04-15,2.43,9.64285714286e-05,0.000412936168141,0.0713217322079,0.150512619546,0.473858819434,0.224542180755
2019-04-17,2900.45,-0.00227377487909,2019-04-16,2.43,9.64285714286e-05,-0.00237020345052,0.0583609825152,0.150180159677,0.388606475321,0.151014992662
2019-04-18,2905.03,0.00157906531745,2019-04-17,2.44,9.68253968254e-05,0.00148223992063,0.0590832852395,0.150184579861,0.393404471313,0.154767078049
2019-04-22,2907.97,0.00101203774143,2019-04-18,2.42,9.60317460317e-05,0.000916005995403,0.0657972374895,0.150063234825,0.438463408882,0.192250160929
2019-04-23,2933.68,0.00884121913225,2019-04-22,2.44,9.68253968254e-05,0.00874439373542,0.0831503890024,0.150036344684,0.554201644793,0.307139463091
2019-04-24,2927.25,-0.00219178642524,2019-04-23,2.45,9.72222222222e-05,-0.00228900864746,0.0808770289221,0.150058627416,0.538969536873,0.290488161677
2019-04-25,2926.17,-0.000368946963874,2019-04-24,2.44,9.68253968254e-05,-0.000465772360699,0.0938660320623,0.149420917738,0.628198738727,0.394633655338
2019-04-26,2939.88,0.00468530536503,2019-04-25,2.43,9.64285714286e-05,0.0045888767936,0.0966919962934,0.14947439277,0.646880007349,0.418453743908
2019-04-29,2943.03,0.00107147230499,2019-04-26,2.42,9.60317460317e-05,0.00097544055896,0.0873066599622,0.149140762102,0.58539770571,0.34269047385
2019-04-30,2945.83,0.00095140042745,2019-04-29,2.44,9.68253968254e-05,0.000854575030625,0.0871198213627,0.149140109121,0.584147496447,0.341228297605
2019-05-01,2923.73,-0.00750213012971,2019-04-30,2.43,9.64285714286e-05,-0.00759855870114,0.087781026786,0.149101897445,0.588731788731,0.346605119062
2019-05-02,2917.52,-0.00212399913809,2019-05-01,2.43,9.64285714286e-05,-0.00222042770952,0.0830857599016,0.149108669689,0.557216157014,0.310489845637
2019-05-03,2945.64,0.00963832295923,2019-05-02,2.47,9.80158730159e-05,0.00954030708621,0.0999052955669,0.14919533408,0.669627479861,0.448400961785
2019-05-06,2932.47,-0.00447101478796,2019-05-03,2.43,9.64285714286e-05,-0.00456744335939,0.0976645644841,0.149252668829,0.654357240311,0.428183397948
2019-05-07,2884.05,-0.0165116778688,2019-05-06,2.44,9.68253968254e-05,-0.0166085032657,0.0683178759415,0.149699471659,0.45636684742,0.208270699424
2019-05-08,2879.42,-0.00160538132141,2019-05-07,2.43,9.64285714286e-05,-0.00170180989283,0.0632311218553,0.149679904587,0.422442291299,0.178457489478
2019-05-09,2870.72,-0.00302144181814,2019-05-08,2.43,9.64285714286e-05,-0.00311787038957,0.0604527169165,0.149716465328,0.403781352865,0.163039380921
2019-05-10,2881.4,0.00372032103444,2019-05-09,2.43,9.64285714286e-05,0.00362389246302,0.0544686396157,0.149461019737,0.364433748086,0.132811956744
2019-05-13,2811.87,-0.0241306309433,2019-05-10,2.43,9.64285714286e-05,-0.0242270595147,0.0209455502759,0.15116587824,0.138560040929,0.0191988849421
2019-05-14,2834.41,0.00801601781021,2019-05-13,2.41,9.56349206349e-05,0.00792038288958,0.0272336985308,0.151361698013,0.179924636736,0.0323728749047
2019-05-15,2850.96,0.00583895766667,2019-05-14,2.41,9.56349206349e-05,0.00574332274604,0.032169689984,0.151465327603,0.212389795692,0.0451094253139
2019-05-16,2876.32,0.00889524931953,2019-05-15,2.42,9.60317460317e-05,0.0087992175735,0.0478876598842,0.151546471919,0.315993234799,0.0998517244385
2019-05-17,2859.53,-0.00583731990877,2019-05-16,2.4,9.52380952381e-05,-0.00593255800401,0.0379707343523,0.151621758467,0.250430642252,0.0627155065787
2019-05-20,2840.23,-0.00674936090896,2019-05-17,2.39,9.48412698413e-05,-0.0068442021788,0.0320585662617,0.151778997813,0.21121872409,0.044613349406
2019-05-21,2864.36,0.00849579083384,2019-05-20,2.39,9.48412698413e-05,0.008400949564,0.0431679334381,0.151977075365,0.284042401359,0.0806800857699
2019-05-22,2856.27,-0.00282436565236,2019-05-21,2.39,9.48412698413e-05,-0.0029192069222,0.0329377816477,0.151839384226,0.216925152954,0.0470565219841
2019-05-23,2822.24,-0.0119141397697,2019-05-22,2.38,9.44444444444e-05,-0.0120085842141,0.0241415215235,0.152287298433,0.158526165818,0.0251305452491
2019-05-24,2826.06,0.00135353478088,2019-05-23,2.37,9.40476190476e-05,0.00125948716184,0.0222292220091,0.152260826704,0.145994360403,0.0213143532695
2019-05-28,2802.39,-0.00837561835205,2019-05-24,2.35,9.3253968254e-05,-0.00846887232031,0.0158597429719,0.152485388502,0.104008279926,0.0108177222931
2019-05-29,2783.02,-0.0069119572936,2019-05-28,2.37,9.40476190476e-05,-0.00700600491264,0.0112867772155,0.152628627573,0.0739492806494,0.00546849610857
2019-05-30,2788.86,0.00209843982436,2019-05-29,2.37,9.40476190476e-05,0.00200439220532,0.0249307646345,0.152188066669,0.163815502622,0.0268355188993
2019-05-31,2752.06,-0.0131953558085,2019-05-30,2.38,9.44444444444e-05,-0.0132898002529,-0.000978276352464,0.15225426081,-0.00642528062766,4.12842311442e-05
2019-06-03,2744.45,-0.00276520134009,2019-05-31,2.35,9.3253968254e-05,-0.00285845530834,0.00311981605075,0.152120799941,0.0205088065009,0.00042061114409
2019-06-04,2803.27,0.0214323452787,2019-06-03,2.35,9.3253968254e-05,0.0213390913104,0.0136863003124,0.153235466119,0.0893154871983,0.00797725625346
2019-06-05,2826.15,0.00816189664214,2019-06-04,2.35,9.3253968254e-05,0.00806864267388,0.0173515348346,0.153384218546,0.11312464215,0.0127971846616
2019-06-06,2843.49,0.00613555543761,2019-06-05,2.35,9.3253968254e-05,0.00604230146936,0.0227682025422,0.153499710246,0.148327332382,0.0220009975315
2019-06-07,2873.34,0.010497663083,2019-06-06,2.33,9.24603174603e-05,0.0104052027656,0.0246830145803,0.15361768236,0.160678212307,0.0258174879101
2019-06-10,2886.73,0.00466008199517,2019-06-07,2.28,9.04761904762e-05,0.00456960580469,0.0300441968754,0.153679967022,0.195498459934,0.0382196478365
2019-06-11,2885.72,-0.000349876850277,2019-06-10,2.29,9.0873015873e-05,-0.00044074986615,0.0265544948895,0.15365305759,0.172821129017,0.0298671426345
2019-06-12,2879.84,-0.00203761972749,2019-06-11,2.27,9.00793650794e-05,-0.00212769909256,0.0234346648767,0.15366674676,0.152503162661,0.0232572146216
2019-06-13,2891.64,0.00409744985833,2019-06-12,2.24,8.88888888889e-05,0.00400856096944,0.0257768598652,0.153708758734,0.167699356091,0.0281230740334
2019-06-14,2886.98,-0.00161154223901,2019-06-13,2.19,8.69047619048e-05,-0.00169844700091,0.0281806542582,0.153661173914,0.183394760956,0.0336336383462
2019-06-17,2889.67,0.00093176953079,2019-06-14,2.2,8.73015873016e-05,0.000844467943488,0.0266305953564,0.15364606345,0.173324293239,0.0300413106267
2019-06-18,2917.75,0.00971737257195,2019-06-17,2.23,8.84920634921e-05,0.00962888050846,0.0373535346265,0.153935634733,0.242656839602,0.0588823418055
2019-06-19,2926.46,0.00298517693428,2019-06-18,2.22,8.80952380952e-05,0.00289708169619,0.0424537597641,0.153941638621,0.275778276393,0.0760536577302
2019-06-20,2954.18,0.00947219507528,2019-06-19,2.18,8.65079365079e-05,0.00938568713877,0.0559398650091,0.154156078239,0.362878101519,0.131680516562
2019-06-21,2950.46,-0.00125923268047,2019-06-20,2.14,8.49206349206e-05,-0.00134415331539,0.0529605344069,0.154157640758,0.343547904253,0.118025162517
2019-06-24,2945.35,-0.00173193332565,2019-06-21,2.11,8.37301587302e-05,-0.00181566348438,0.0575673445484,0.154026906688,0.373748624746,0.1396880345
2019-06-25,2917.38,-0.00949632471523,2019-06-24,2.13,8.45238095238e-05,-0.00958084852475,0.0462014994687,0.15433120961,0.299365887078,0.0896199343462
2019-06-26,2913.78,-0.00123398391708,2019-06-25,2.12,8.4126984127e-05,-0.0013181109012,0.0586847116107,0.153697835737,0.381818724573,0.145785538435
2019-06-27,2924.92,0.00382321245942,2019-06-26,2.15,8.53174603175e-05,0.0037378949991,0.0602946132418,0.153726238825,0.392220701572,0.153837078742
2019-06-28,2941.76,0.00575742242523,2019-06-27,2.14,8.49206349206e-05,0.00567250179031,0.0746479930948,0.153558959399,0.486119425313,0.236312095667
2019-07-01,2964.33,0.00767227782008,2019-06-28,2.12,8.4126984127e-05,0.00758815083595,0.0761341067542,0.153622764331,0.495591308266,0.245610744829
2019-07-02,2973.01,0.00292814902524,2019-07-01,2.21,8.76984126984e-05,0.00284045061255,0.0782927628931,0.15364326063,0.50957498931,0.25966666973
2019-07-03,2995.82,0.00767235898971,2019-07-02,2.2,8.73015873016e-05,0.00758505740241,0.0828863925733,0.153792390056,0.538949895655,0.290466990026
2019-07-05,2990.41,-0.00180584948361,2019-07-03,2.21,8.76984126984e-05,-0.00189354789631,0.086018770243,0.153714373709,0.559601344803,0.313153665105
2019-07-08,2975.95,-0.00483545734531,2019-07-05,2.23,8.84920634921e-05,-0.00492394940881,0.0725526390618,0.153583666989,0.472398142877,0.223160005394
2019-07-09,2979.63,0.00123657991566,2019-07-08,2.26,8.96825396825e-05,0.00114689737597,0.0652960180133,0.153370691988,0.425739867029,0.181254434378
2019-07-10,2993.07,0.00451062715841,2019-07-09,2.26,8.96825396825e-05,0.00442094461872,0.0609720980515,0.15319204323,0.398010867705,0.158412650811
2019-07-11,2999.91,0.00228527899448,2019-07-10,2.2,8.73015873016e-05,0.00219797740718,0.0597754394322,0.153172204297,0.390249913205,0.152294994757
2019-07-12,3013.77,0.00462013860416,2019-07-11,2.17,8.61111111111e-05,0.00453402749305,0.0714826138008,0.153050140836,0.467053564344,0.218139031967
2019-07-15,3014.3,0.000175859471692,2019-07-12,2.14,8.49206349206e-05,9.0938836771e-05,0.0629026915452,0.15281915503,0.41161522934,0.169427097025
2019-07-16,3004.04,-0.00340377533756,2019-07-15,2.16,8.57142857143e-05,-0.00348948962327,0.0584125428205,0.152863170091,0.382123063297,0.146018035504
2019-07-17,2984.42,-0.00653120464441,2019-07-16,2.15,8.53174603175e-05,-0.00661652210473,0.0529026825734,0.153011006969,0.345744293966,0.11953911681
2019-07-18,2995.11,0.00358193551846,2019-07-17,2.14,8.49206349206e-05,0.00349701488354,0.0525058027042,0.153002070067,0.343170538028,0.11776601817
2019-07-19,2976.61,-0.0061767347443,2019-07-18,2.05,8.13492063492e-05,-0.00625808395065,0.0441673891493,0.153127392672,0.288435585421,0.083195086937
2019-07-22,2985.03,0.00282872126345,2019-07-19,2.06,8.1746031746e-05,0.0027469752317,0.0509466776565,0.153089922718,0.332789231009,0.110748672275
2019-07-23,3005.47,0.00684750237016,2019-07-22,2.09,8.29365079365e-05,0.00676456586222,0.0587390876442,0.153224844133,0.383352242755,0.146958942026
2019-07-24,3019.56,0.00468811866364,2019-07-23,2.06,8.1746031746e-05,0.00460637263189,0.0615863441352,0.153279598503,0.401790875867,0.16143590793
2019-07-25,3003.67,-0.00526235610486,2019-07-24,2.1,8.33333333333e-05,-0.0053456894382,0.0515386840059,0.153316233435,0.336159341065,0.113003102585
2019-07-26,3025.86,0.00738762913369,2019-07-25,2.1,8.33333333333e-05,0.00730429580036,0.0498215926564,0.153226961993,0.325148994724,0.10572186877
2019-07-29,3020.97,-0.00161606948107,2019-07-26,2.12,8.4126984127e-05,-0.0017001964652,0.0512334095867,0.15320268104,0.33441588123,0.111833981619
2019-07-30,3013.18,-0.00257864195937,2019-07-29,2.12,8.4126984127e-05,-0.0026627689435,0.0552118621959,0.153075401426,0.360684092164,0.13009301434
2019-07-31,2980.38,-0.0108855096609,2019-07-30,2.08,8.25396825397e-05,-0.0109680493434,0.0500773587593,0.153365255102,0.32652349273,0.106617591305
2019-08-01,2953.56,-0.00899885249532,2019-07-31,2.08,8.25396825397e-05,-0.00908139217786,0.0361921690872,0.153575977261,0.235662958054,0.0555370297986
2019-08-02,2932.05,-0.00728273676512,2019-08-01,2.07,8.21428571429e-05,-0.00736487962227,0.0299482208341,0.153754805731,0.194779087988,0.0379388931176
2019-08-05,2844.74,-0.029777800515,2019-08-02,2.06,8.1746031746e-05,-0.0298595465467,-0.00475726374484,0.156576849275,-0.0303829318756,0.00092312254936
2019-08-06,2881.77,0.0130170068266,2019-08-05,2.05,8.13492063492e-05,0.0129356576203,0.00361441454773,0.157045428061,0.0230150892793,0.000529694334536
2019-08-07,2883.98,0.000766889793426,2019-08-06,2.05,8.13492063492e-05,0.000685540587076,0.000841420702845,0.157009070214,0.00535905793021,2.87195018993e-05
2019-08-08,2938.09,0.0187622660351,2019-08-07,2.02,8.01587301587e-05,0.018682107305,0.0167807121847,0.15809239534,0.106144967622,0.0112667541515
2019-08-09,2918.65,-0.00661654340064,2019-08-08,2.02,8.01587301587e-05,-0.0066967021308,0.0104281360468,0.15823700799,0.0659020047162,0.00434307422561
2019-08-12,2883.75,-0.0119575831292,2019-08-09,2,7.93650793651e-05,-0.0120369482086,-8.53472651757e-05,0.158690865769,-0.000537820905835,2.89251326753e-07
2019-08-13,2926.32,0.0147620286086,2019-08-12,2,7.93650793651e-05,0.0146826635292,0.0217929332929,0.159200628229,0.136889744314,0.0187388020983
2019-08-14,2840.6,-0.0292927636075,2019-08-13,2,7.93650793651e-05,-0.0293721286869,-0.00349188842842,0.16185401252,-0.0215743086875,0.000465450795344
2019-08-15,2847.6,0.00246426811237,2019-08-14,1.96,7.77777777778e-05,0.00238649033459,-0.00741289630273,0.161747910417,-0.0458299355066,0.00210038298854
2019-08-16,2888.68,0.0144261834527,2019-08-15,1.91,7.57936507937e-05,0.0143503898019,0.0146222529313,0.162199295951,0.0901499161608,0.0081270073838
2019-08-19,2923.65,0.0121058753479,2019-08-16,1.87,7.42063492063e-05,0.0120316689987,0.0188165936035,0.162454456188,0.115826884931,0.0134158672729
2019-08-20,2900.51,-0.00791476407915,2019-08-19,1.94,7.69841269841e-05,-0.00799174820613,0.00758385197421,0.162623827437,0.04663432225,0.00217476001172
2019-08-21,2924.43,0.00824682555826,2019-08-20,1.94,7.69841269841e-05,0.00816984143128,0.0134070831854,0.162810666367,0.0823476955445,0.0067811429615
2019-08-22,2922.95,-0.000506081526998,2019-08-21,1.97,7.81746031746e-05,-0.000584256130173,0.0108360058586,0.162800482768,0.066560035169,0.0044302382817
2019-08-23,2847.11,-0.0259463897775,2019-08-22,2,7.93650793651e-05,-0.0260257548568,-0.0147090200291,0.164875853146,-0.0892127000311,0.00795890584684
2019-08-26,2878.38,0.0109830670399,2019-08-23,1.97,7.81746031746e-05,0.0109048924367,-0.00202995963031,0.165229521329,-0.0122856957642,0.00015093832041
2019-08-27,2869.16,-0.00320319068365,2019-08-26,2.01,7.97619047619e-05,-0.00328295258841,-0.0114292258708,0.16514764376,-0.0692061092159,0.0047894855528
2019-08-28,2887.94,0.00654546975421,2019-08-27,1.98,7.85714285714e-05,0.00646689832564,-0.012549783323,0.165099328954,-0.0760135332015,0.00577805722978
2019-08-29,2924.58,0.0126872441948,2019-08-28,1.99,7.89682539683e-05,0.0126082759409,-0.000126648609892,0.165582802511,-0.000764865722596,5.85019573602e-07
2019-08-30,2926.46,0.000642827346149,2019-08-29,1.99,7.89682539683e-05,0.000563859092181,-0.00517969313578,0.165487967989,-0.0312995149963,0.000979659639005
2019-09-03,2906.27,-0.00689912043903,2019-08-30,1.99,7.89682539683e-05,-0.006978088693,-0.00764298252544,0.165573782964,-0.0461605840528,0.0021307995201
2019-09-04,2937.78,0.0108420759255,2019-09-03,1.98,7.85714285714e-05,0.0107635044969,0.00306982175309,0.165924392238,0.0185013288985,0.000342299171011
2019-09-05,2976,0.0130098237445,2019-09-04,1.97,7.81746031746e-05,0.0129316491413,0.0177395063827,0.166415665525,0.106597574975,0.0113630429904
2019-09-06,2978.71,0.00091061827957,2019-09-05,1.97,7.81746031746e-05,0.000832443676395,0.0214596443511,0.166390668086,0.128971441716,0.0166336327783
2019-09-09,2978.43,-9.4000423002e-05,2019-09-06,1.96,7.77777777778e-05,-0.00017177820078,0.025025075091,0.166346499691,0.150439444998,0.0226320266114
2019-09-10,2979.39,0.000322317462556,2019-09-09,1.96,7.77777777778e-05,0.000244539684778,0.0275674427322,0.166329031868,0.165740414783,0.0274698850925
2019-09-11,3000.93,0.00722966781791,2019-09-10,1.95,7.7380952381e-05,0.00715228686553,0.0329068064618,0.16646904529,0.197675227875,0.0390754957154
2019-09-12,3009.57,0.00287910747668,2019-09-11,1.96,7.77777777778e-05,0.0028013296989,0.0320532188321,0.166453008462,0.192566173049,0.0370817310029
2019-09-13,3007.39,-0.000724355971119,2019-09-12,1.95,7.7380952381e-05,-0.0008017369235,0.0309801375847,0.166455618723,0.186116502539,0.0346393525173
2019-09-16,2997.96,-0.00313560928247,2019-09-13,1.96,7.77777777778e-05,-0.00321338706025,0.0225702140036,0.166411151978,0.135629215562,0.018395284114
2019-09-17,3005.7,0.0025817555938,2019-09-16,1.99,7.89682539683e-05,0.00250278733984,0.0248828537844,0.16642844782,0.149510820478,0.02235348544
2019-09-18,3006.73,0.000342682237083,2019-09-17,1.99,7.89682539683e-05,0.000263713983115,0.0308020278002,0.16632800277,0.185188466688,0.0342947681942
2019-09-19,3006.79,1.9955233759e-05,2019-09-18,1.95,7.7380952381e-05,-5.7425718622e-05,0.0254613050131,0.166247536689,0.153152976099,0.023455834088
2019-09-20,2992.07,-0.00489558632296,2019-09-19,1.93,7.65873015873e-05,-0.00497217362454,0.0193219327634,0.166321834388,0.116171955621,0.0134959232729
2019-09-23,2991.78,-9.69228661094e-05,2019-09-20,1.91,7.57936507937e-05,-0.000172716516903,0.0113943555567,0.166143515863,0.0685814038397,0.00470340895262
2019-09-24,2966.6,-0.00841639425359,2019-09-23,1.94,7.69841269841e-05,-0.00849337838057,0.00335559464231,0.16636284438,0.0201703370414,0.000406842496363
2019-09-25,2984.87,0.00615856536102,2019-09-24,1.92,7.61904761905e-05,0.00608237488483,0.0130402317977,0.166432757041,0.0783513536011,0.00613893461113
2019-09-26,2977.62,-0.00242891650223,2019-09-25,1.89,7.5e-05,-0.00250391650223,0.0119294866288,0.166446367155,0.0716716551567,0.0051368261529
2019-09-27,2961.79,-0.00531632646207,2019-09-26,1.83,7.2619047619e-05,-0.00538894550969,0.00991748756649,0.166500612154,0.0595642708948,0.00354790236723
2019-09-30,2976.74,0.00504762322785,2019-09-27,1.8,7.14285714286e-05,0.00497619465642,0.0122177068321,0.166552541052,0.0733564721075,0.00538117200006
2019-10-01,2940.25,-0.0122583766133,2019-09-30,1.88,7.46031746032e-05,-0.0123329797879,-2.19016013288e-05,0.167013315791,-0.000131136857112,1.71968752933e-08
2019-10-02,2887.61,-0.0179032395204,2019-10-01,1.82,7.22222222222e-05,-0.0179754617427,-0.0215515268118,0.167940525795,-0.128328327602,0.016468159665
2019-10-03,2910.63,0.00797199067741,2019-10-02,1.79,7.10317460317e-05,0.00790095893138,-0.0131654390234,0.168128818236,-0.078305665629,0.0061317772696
2019-10-04,2952.01,0.014216853396,2019-10-03,1.7,6.74603174603e-05,0.0141493930785,0.000360953112133,0.168724460889,0.00213930517384,4.57662662683e-06
2019-10-07,2938.79,-0.00447830461279,2019-10-04,1.71,6.78571428571e-05,-0.00454616175565,0.00407279916253,0.168583317052,0.0241589691896,0.000583655792304
2019-10-08,2893.06,-0.0155608260543,2019-10-07,1.75,6.94444444444e-05,-0.0156302704987,-0.00594141058927,0.169217341707,-0.0351111211732,0.00123279083004
2019-10-09,2919.4,0.0091045467429,2019-10-08,1.72,6.8253968254e-05,0.00903629277464,0.00357844350727,0.169457776934,0.0211170214316,0.000445928594145
2019-10-10,2938.13,0.00641570185655,2019-10-09,1.69,6.70634920635e-05,0.00634863836448,0.0114335317293,0.169568139614,0.0674273584376,0.00454644866587
2019-10-11,2970.27,0.0109389305443,2019-10-10,1.68,6.66666666667e-05,0.0108722638776,0.0552592570782,0.166641980974,0.331604657813,0.109961649083
2019-10-14,2966.15,-0.00138707928909,2019-10-11,1.68,6.66666666667e-05,-0.00145374595575,0.0744686642074,0.165327405983,0.450431456084,0.20288849663
2019-10-15,2995.68,0.00995566643629,2019-10-11,1.68,6.66666666667e-05,0.00988899976962,0.0702414590039,0.165025024833,0.425641256985,0.181170479648
2019-10-16,2989.69,-0.00199954601293,2019-10-15,1.67,6.62698412698e-05,-0.0020658158542,0.074171154521,0.164922137219,0.449734376305,0.20226100923
2019-10-17,2997.95,0.0027628282531,2019-10-16,1.66,6.5873015873e-05,0.00269695523722,0.0554641333551,0.163573011436,0.339078756748,0.114974403278
2019-10-18,2986.2,-0.00391934488567,2019-10-17,1.66,6.5873015873e-05,-0.00398521790154,0.0518228615276,0.163626762035,0.316713848536,0.100307661855
2019-10-21,3006.72,0.00687160940326,2019-10-18,1.66,6.5873015873e-05,0.00680573638738,0.0731122110719,0.163091247708,0.448290218509,0.200964120011
2019-10-22,2995.99,-0.00356867283951,2019-10-21,1.67,6.62698412698e-05,-0.00363494268078,0.0699305017848,0.163137413233,0.428660111737,0.183749491395
2019-10-23,3004.52,0.00284713900914,2019-10-22,1.65,6.54761904762e-05,0.00278166281867,0.0771033059393,0.163088698379,0.472769153875,0.223510672855
2019-10-24,3010.29,0.00192043987059,2019-10-23,1.65,6.54761904762e-05,0.00185496368012,0.0845629777863,0.16298773866,0.518830302706,0.269184883006
2019-10-25,3022.55,0.00407269731488,2019-10-24,1.67,6.62698412698e-05,0.00400642747361,0.119526355906,0.159970526343,0.747177362222,0.558274010618
2019-10-28,3039.42,0.00558137996063,2019-10-25,1.66,6.5873015873e-05,0.00551550694476,0.106509668226,0.159020923059,0.669783989288,0.448610592306
2019-10-29,3036.89,-0.000832395654434,2019-10-28,1.65,6.54761904762e-05,-0.00089787184491,0.123031871079,0.158015456886,0.778606558524,0.606228172976
2019-10-30,3046.77,0.0032533282404,2019-10-29,1.63,6.46825396825e-05,0.00318864570072,0.132872598565,0.15787511618,0.841631042182,0.708342811164
2019-10-31,3037.56,-0.00302287340364,2019-10-30,1.62,6.42857142857e-05,-0.00308715911792,0.11421147217,0.157191073295,0.726577341678,0.527914633439
2019-11-01,3066.91,0.00966236057889,2019-10-31,1.54,6.11111111111e-05,0.00960124946777,0.113053890499,0.15711726669,0.719551026315,0.517753679471
2019-11-04,3078.27,0.00370405391746,2019-11-01,1.52,6.03174603175e-05,0.00364373645714,0.10623268726,0.156827634153,0.677385001907,0.458850440808
2019-11-05,3074.62,-0.00118573094628,2019-11-04,1.53,6.07142857143e-05,-0.00124644523199,0.111394970788,0.156687262946,0.710938264498,0.505433215927
2019-11-06,3076.78,0.000702525840592,2019-11-05,1.56,6.19047619048e-05,0.000640621078687,0.106527734894,0.156604684255,0.680233387658,0.462717461685
2019-11-07,3085.18,0.0027301269509,2019-11-06,1.56,6.19047619048e-05,0.002668222189,0.103030272739,0.156514367249,0.658279968478,0.433332516899
2019-11-08,3093.08,0.00256062855328,2019-11-07,1.56,6.19047619048e-05,0.00249872379137,0.0844133735455,0.155141705419,0.544104973692,0.296050222396
2019-11-11,3087.01,-0.00196244520025,2019-11-08,1.55,6.15079365079e-05,-0.00202395313676,0.0849924502553,0.155132297568,0.547870763134,0.300162373097
2019-11-12,3091.84,0.00156462078192,2019-11-08,1.55,6.15079365079e-05,0.00150311284541,0.0957878066764,0.15483499872,0.618644411587,0.382720907988
2019-11-13,3094.04,0.000711550403643,2019-11-12,1.59,6.30952380952e-05,0.000648455165548,0.116231387999,0.153505211411,0.757182032652,0.573324630571
2019-11-14,3096.63,0.000837093250249,2019-11-13,1.57,6.23015873016e-05,0.000774791662947,0.118581735804,0.153491925034,0.772560092514,0.596849096545
2019-11-15,3120.46,0.00769546248664,2019-11-14,1.57,6.23015873016e-05,0.00763316089934,0.13387680546,0.153439559254,0.872505148677,0.761265234468
2019-11-18,3122.03,0.000503130948642,2019-11-15,1.57,6.23015873016e-05,0.000440829361341,0.123818278601,0.153112401379,0.808675701549,0.653956390275
2019-11-19,3120.18,-0.000592563172039,2019-11-18,1.57,6.23015873016e-05,-0.00065486475934,0.121034181115,0.153107928105,0.79051543975,0.624914660483
2019-11-20,3108.46,-0.00375619355294,2019-11-19,1.57,6.23015873016e-05,-0.00381849514024,0.1339524312,0.152193166842,0.880147472974,0.774659574182
2019-11-21,3103.54,-0.00158277732382,2019-11-20,1.57,6.23015873016e-05,-0.00164507891112,0.150553004769,0.151039137276,0.996781413646,0.993573186589
2019-11-22,3110.29,0.00217493571857,2019-11-21,1.58,6.26984126984e-05,0.00211223730587,0.149716807508,0.151028017445,0.991318101378,0.98271157812
2019-11-25,3133.64,0.00750733854399,2019-11-22,1.58,6.26984126984e-05,0.0074446401313,0.16381197269,0.151006270127,1.0848024559,1.17679636832
2019-11-26,3140.52,0.00219552979921,2019-11-25,1.61,6.38888888889e-05,0.00213164091032,0.150506839003,0.150281528193,1.00149925817,1.00300076412
2019-11-27,3153.63,0.00417446792251,2019-11-26,1.6,6.34920634921e-05,0.00411097585902,0.15145174674,0.150300018632,1.00766286071,1.01538444085
2019-11-29,3140.98,-0.00401125052717,2019-11-27,1.62,6.42857142857e-05,-0.00407553624146,0.124497910135,0.14869664975,0.83726103005,0.70100603244
2019-12-02,3113.87,-0.00863106419016,2019-11-29,1.59,6.30952380952e-05,-0.00869415942825,0.118096678858,0.148956264882,0.792827874359,0.628576038361
2019-12-03,3093.2,-0.00663804205057,2019-12-02,1.6,6.34920634921e-05,-0.00670153411406,0.103303668431,0.148931452432,0.693632317048,0.481125791253
2019-12-04,3112.76,0.00632354842881,2019-12-03,1.57,6.23015873016e-05,0.00626124684151,0.0987176078306,0.148677665239,0.663970662115,0.44085704015
2019-12-05,3117.43,0.00150027628214,2019-12-04,1.55,6.15079365079e-05,0.00143876834563,0.132615704131,0.144977920051,0.914730354004,0.836731620536
2019-12-06,3145.91,0.0091357303933,2019-12-05,1.54,6.11111111111e-05,0.00907461928219,0.143308543555,0.145211961604,0.986892140095,0.973956096182
2019-12-09,3135.96,-0.00316283682623,2019-12-06,1.53,6.07142857143e-05,-0.00322355111194,0.163500792797,0.143256609294,1.14131413274,1.3025979496
2019-12-10,3132.52,-0.00109695276725,2019-12-09,1.54,6.11111111111e-05,-0.00115806387837,0.16067577217,0.143264545186,1.12153200194,1.25783403138
2019-12-11,3141.63,0.00290820170342,2019-12-10,1.56,6.19047619048e-05,0.00284629694152,0.163974072411,0.143277045821,1.14445458776,1.30977630345
2019-12-12,3168.57,0.00857516639452,2019-12-11,1.57,6.23015873016e-05,0.00851286480721,0.167163083216,0.14341529672,1.16558754219,1.35859431851
2019-12-13,3168.8,7.25879497692e-05,2019-12-12,1.56,6.19047619048e-05,1.06831878644e-05,0.167470114253,0.143413746345,1.1677410187,1.36361908676
2019-12-16,3191.45,0.00714781620803,2019-12-13,1.57,6.23015873016e-05,0.00708551462073,0.193738734123,0.142164753781,1.36277613804,1.85715880241
2019-12-17,3192.52,0.000335270801673,2019-12-16,1.57,6.23015873016e-05,0.000272969214372,0.214881211496,0.1404980956,1.52942437105,2.33913890675
2019-12-18,3191.14,-0.000432260408705,2019-12-17,1.56,6.19047619048e-05,-0.00049416517061,0.214395872329,0.140502207135,1.52592529827,2.32844801589
2019-12-19,3205.37,0.00445922146944,2019-12-18,1.56,6.19047619048e-05,0.00439731670754,0.234283763489,0.139585095373,1.67842965514,2.81712610725
2019-12-20,3221.22,0.00494482696225,2019-12-19,1.57,6.23015873016e-05,0.00488252537495,0.25503361746,0.138617818262,1.83983286318,3.38498496443
2019-12-23,3224.01,0.000866131465718,2019-12-20,1.58,6.26984126984e-05,0.00080343305302,0.276520198597,0.136897845283,2.01990175978,4.08000311915
2019-12-24,3223.38,-0.000195408823174,2019-12-23,1.59,6.30952380952e-05,-0.000258504061269,0.30346878349,0.133926512378,2.26593508711,5.13446181899
2019-12-26,3239.91,0.0051281574,2019-12-24,1.58,6.26984126984e-05,0.0050654589873,0.259037657546,0.124902043487,2.07392649723,4.30117111593
2019-12-27,3240.02,3.39515603829e-05,2019-12-26,1.58,6.26984126984e-05,-2.87468523155e-05,0.250543106921,0.124682245358,2.00945295941,4.03790119608
2019-12-30,3221.29,-0.0057808285134,2019-12-27,1.57,6.23015873016e-05,-0.00584313010071,0.246037158974,0.124849548313,1.97066919584,3.88353707943
2019-12-31,3230.78,0.00294602472922,2019-12-30,1.57,6.23015873016e-05,0.00288372314192,0.240523679329,0.124641074086,1.92973047682,3.72385971318
2020-01-02,3257.85,0.00837878159454,2019-12-31,1.55,6.15079365079e-05,0.00831727365803,0.247669650965,0.124856894992,1.98362814469,3.93478061642
2020-01-03,3234.85,-0.00705987077367,2020-01-02,1.54,6.11111111111e-05,-0.00712098188478,0.265401377042,0.122412475634,2.16809092102,4.70061824179
2020-01-06,3246.28,0.00353339412956,2020-01-03,1.52,6.03174603175e-05,0.00347307666924,0.234634395443,0.117814351422,1.99156038811,3.96631277948
2020-01-07,3237.18,-0.00280320859569,2020-01-06,1.56,6.19047619048e-05,-0.00286511335759,0.224854879145,0.117721581029,1.91005656889,3.64831609637
2020-01-08,3253.05,0.00490241506496,2020-01-07,1.54,6.11111111111e-05,0.00484130395385,0.22009810903,0.117462424938,1.87377460618,3.51103127476
2020-01-09,3274.7,0.00665529272529,2020-01-08,1.54,6.11111111111e-05,0.00659418161418,0.222691883348,0.117558894153,1.89430059676,3.58837475087
2020-01-10,3265.35,-0.00285522337924,2020-01-09,1.54,6.11111111111e-05,-0.00291633449035,0.21535432592,0.117566460867,1.83176668185,3.35536917673
2020-01-13,3288.13,0.00697628125622,2020-01-10,1.54,6.11111111111e-05,0.00691517014511,0.222512267603,0.117716220151,1.89024305502,3.57301880704
2020-01-14,3283.15,-0.00151453865875,2020-01-13,1.57,6.23015873016e-05,-0.00157684024605,0.22628941873,0.117576986125,1.92460638929,3.70410975371
2020-01-15,3289.29,0.00187015518633,2020-01-14,1.57,6.23015873016e-05,0.00180785359903,0.217472782794,0.117173190749,1.85599437384,3.44471511573
2020-01-16,3316.81,0.008366547188,2020-01-15,1.57,6.23015873016e-05,0.00830424560069,0.223652283794,0.117401304109,1.90502384527,3.62911585104
2020-01-17,3329.62,0.00386214465104,2020-01-16,1.55,6.15079365079e-05,0.00380063671453,0.219957896153,0.117249250313,1.87598552285,3.51932168196
2020-01-21,3320.79,-0.00265195427706,2020-01-17,1.56,6.19047619048e-05,-0.00271385903897,0.204157016007,0.116658989089,1.75003244586,3.06261356157
2020-01-22,3321.75,0.000289087837533,2020-01-21,1.56,6.19047619048e-05,0.000227183075628,0.218637118021,0.115678318555,1.89004405279,3.5722665215
2020-01-23,3325.54,0.00114096485286,2020-01-22,1.55,6.15079365079e-05,0.00107945691636,0.217610109362,0.115671637919,1.88127455682,3.53919395812
2020-01-24,3295.47,-0.00904214052455,2020-01-23,1.55,6.15079365079e-05,-0.00910364846105,0.207226418405,0.116101031224,1.78488008435,3.18579691549
2020-01-27,3243.63,-0.0157306848492,2020-01-24,1.54,6.11111111111e-05,-0.0157917959603,0.183039949881,0.11703483956,1.56397830398,2.44602813531
2020-01-28,3276.24,0.010053551114,2020-01-27,1.55,6.15079365079e-05,0.00999204317752,0.200973694833,0.117074801502,1.7166263983,2.94680619134
2020-01-29,3273.4,-0.00086684736161,2020-01-28,1.57,6.23015873016e-05,-0.000929148948911,0.201596787325,0.117064484184,1.7221003341,2.9656295607
2020-01-30,3283.66,0.00313435571577,2020-01-29,1.56,6.19047619048e-05,0.00307245095386,0.1892160276,0.116157482095,1.6289611671,2.65351448392
2020-01-31,3225.52,-0.0177058526157,2020-01-30,1.57,6.23015873016e-05,-0.017768154203,0.16294652725,0.117363817401,1.3883880983,1.9276215115
2020-02-03,3248.92,0.00725464421241,2020-01-31,1.55,6.15079365079e-05,0.0071931362759,0.169336663041,0.11754510414,1.44061008989,2.07535743108
2020-02-04,3297.59,0.0149803627051,2020-02-03,1.57,6.23015873016e-05,0.0149180611178,0.177573758037,0.118251394958,1.50166311442,2.2549921092
2020-02-05,3334.69,0.0112506406194,2020-02-04,1.57,6.23015873016e-05,0.0111883390321,0.18414964731,0.118649619342,1.5520458332,2.40884626835
2020-02-06,3345.78,0.00332564646189,2020-02-05,1.57,6.23015873016e-05,0.00326334487459,0.189733518945,0.11863687029,1.59927953663,2.55769503629
2020-02-07,3327.71,-0.0054008332885,2020-02-06,1.57,6.23015873016e-05,-0.0054631348758,0.193723534876,0.118361343376,1.63671287729,2.67882904267
2020-02-10,3352.09,0.00732635956859,2020-02-07,1.56,6.19047619048e-05,0.00726445480669,0.20040775898,0.118538298898,1.69065830068,2.85832548966
2020-02-11,3357.75,0.00168849881716,2020-02-10,1.58,6.26984126984e-05,0.00162580040446,0.201420946196,0.118540967598,1.69916738726,2.88716980991
2020-02-12,3379.45,0.00646266100812,2020-02-11,1.57,6.23015873016e-05,0.00640035942081,0.195028277637,0.118060379242,1.65193673685,2.72889498255
2020-02-13,3373.94,-0.00163044282354,2020-02-12,1.58,6.26984126984e-05,-0.00169314123623,0.190407588114,0.118066217524,1.6127186261,2.60086136697
2020-02-14,3380.16,0.0018435419717,2020-02-13,1.59,6.30952380952e-05,0.00178044673361,0.194936484092,0.118018503254,1.65174509689,2.7282618651
2020-02-18,3370.29,-0.00291998011928,2020-02-14,1.58,6.26984126984e-05,-0.00298267853198,0.18117152428,0.117647702283,1.53994953377,2.37144456655
2020-02-19,3386.15,0.00470582650158,2020-02-18,1.58,6.26984126984e-05,0.00464312808888,0.184412305901,0.117710573097,1.56665880599,2.4544198144
2020-02-20,3373.23,-0.00381554272551,2020-02-19,1.58,6.26984126984e-05,-0.00387824113821,0.178854155146,0.117797307742,1.51832124668,2.30529940813
2020-02-21,3337.75,-0.0105181087563,2020-02-20,1.58,6.26984126984e-05,-0.010580807169,0.17189698238,0.118261021323,1.45353879458,2.11277502736
2020-02-24,3225.89,-0.0335135944873,2020-02-21,1.56,6.19047619048e-05,-0.0335754992492,0.132007617306,0.122990603742,1.07331465404,1.15200434658
2020-02-25,3128.21,-0.0302800157476,2020-02-24,1.53,6.07142857143e-05,-0.0303407300333,0.100532710226,0.126806399008,0.792804708692,0.628539306124
2020-02-26,3116.39,-0.00377851870559,2020-02-25,1.53,6.07142857143e-05,-0.0038392329913,0.0975818768905,0.126871583724,0.76913895158,0.591574726837
2020-02-27,2978.76,-0.0441632786654,2020-02-26,1.53,6.07142857143e-05,-0.0442239929511,0.0539991485396,0.134489644886,0.401511570541,0.161211541278
2020-02-28,2954.22,-0.00823832735769,2020-02-27,1.45,5.75396825397e-05,-0.00829586704023,0.0486260503879,0.134724354272,0.36092991984,0.130270407036
2020-03-02,3090.23,0.0460392252439,2020-02-28,1.27,5.03968253968e-05,0.0459888284185,0.0878167629236,0.142139250029,0.617822050601,0.381704086209
2020-03-03,3003.37,-0.0281079401857,2020-03-02,1.13,4.48412698413e-05,-0.0281527814555,0.0636414070739,0.144913949948,0.439166878668,0.192867547319
2020-03-04,3130.12,0.0422025924212,2020-03-03,0.95,3.76984126984e-05,0.0421648940085,0.10703539703,0.150833383569,0.709626705288,0.503570060858
2020-03-05,3023.94,-0.0339220221589,2020-03-04,0.72,2.85714285714e-05,-0.0339505935875,0.0797065384183,0.154557105565,0.515709310983,0.265956093435
2020-03-06,2972.37,-0.0170539097998,2020-03-05,0.62,2.46031746032e-05,-0.0170785129744,0.0708517516852,0.15530724025,0.456203790444,0.208121898415
2020-03-09,2746.56,-0.0759696807598,2020-03-06,0.45,1.78571428571e-05,-0.0759875379027,-0.00290682546428,0.173036181244,-0.0167989459972,0.000282204586616
2020-03-10,2882.23,0.04939633578,2020-03-09,0.33,1.30952380952e-05,0.0493832405419,0.0319079847718,0.179348685836,0.177910334961,0.0316520872858
2020-03-11,2741.38,-0.0488684109179,2020-03-10,0.44,1.74603174603e-05,-0.0488858712354,-0.0198335961983,0.185917279997,-0.106679681408,0.0113805544254
2020-03-12,2480.64,-0.0951126804748,2020-03-11,0.42,1.66666666667e-05,-0.0951293471415,-0.121814943138,0.208703445655,-0.583674805922,0.340676279068
2020-03-13,2711.02,0.0928711945304,2020-03-12,0.33,1.30952380952e-05,0.0928580992923,-0.0279915784203,0.228599104708,-0.122448329166,0.0149935933156
2020-03-16,2386.13,-0.119840502837,2020-03-13,0.28,1.11111111111e-05,-0.119851613948,-0.152730873011,0.258031978594,-0.59190676227,0.35035361522
2020-03-17,2529.19,0.0599548222435,2020-03-16,0.24,9.52380952381e-06,0.059945298434,-0.0963943130705,0.264996237681,-0.363757289214,0.132319365456
2020-03-18,2398.1,-0.0518308233071,2020-03-17,0.19,7.53968253968e-06,-0.0518383629896,-0.148005244297,0.269958337849,-0.548252169117,0.300580440941
2020-03-19,2409.39,0.00470789374922,2020-03-18,0.02,7.93650793651e-07,0.00470710009842,-0.140256202504,0.269997601048,-0.519472032194,0.269851192232
2020-03-20,2304.92,-0.0433595225347,2020-03-19,0.04,1.5873015873e-06,-0.0433611098363,-0.194371415195,0.273136841535,-0.711626502314,0.506412278796
2020-03-23,2237.4,-0.0292938583552,2020-03-20,0.05,1.98412698413e-06,-0.0292958424822,-0.204593920327,0.274023594922,-0.746628845539,0.55745463299
2020-03-24,2447.33,0.093827657102,2020-03-23,0.02,7.93650793651e-07,0.0938268634512,-0.109830364879,0.289882166586,-0.378879343191,0.143549556697
2020-03-25,2475.56,0.0115350197971,2020-03-24,0.01,3.96825396825e-07,0.0115346229717,-0.105380901344,0.290028546862,-0.363346651508,0.132020789162
2020-03-26,2630.07,0.0624141608363,2020-03-25,0,0,0.0624141608363,-0.0382247411957,0.296706273579,-0.128830242565,0.0165972313993
2020-03-27,2541.47,-0.0336873163072,2020-03-26,0,0,-0.0336873163072,-0.0754047764442,0.29857917295,-0.252545332279,0.0637791448559
2020-03-30,2626.65,0.0335160359949,2020-03-27,0.03,1.19047619048e-06,0.0335148455187,-0.0485277961056,0.300401699223,-0.161543014674,0.02609614559
2020-03-31,2584.59,-0.0160127919593,2020-03-30,0.12,4.7619047619e-06,-0.0160175538641,-0.0760186978186,0.300590233794,-0.252898096053,0.063957446987
2020-04-01,2470.5,-0.0441423978271,2020-03-31,0.11,4.36507936508e-06,-0.0441467629065,-0.120086470831,0.303780443395,-0.395306786338,0.156267455325
2020-04-02,2526.9,0.0228293867638,2020-04-01,0.09,3.57142857143e-06,0.0228258153352,-0.0993130312771,0.304657747831,-0.325982293194,0.106264455476
2020-04-03,2488.65,-0.01513712454,2020-04-02,0.09,3.57142857143e-06,-0.0151406959685,-0.116441540256,0.305007601411,-0.381766027199,0.145745299523
2020-04-06,2663.68,0.0703313041207,2020-04-03,0.1,3.96825396825e-06,0.0703273358667,-0.0506537776744,0.313063613915,-0.161800271328,0.0261793278018
2020-04-07,2659.41,-0.00160304541086,2020-04-06,0.15,5.95238095238e-06,-0.00160899779181,-0.053213399892,0.313064810772,-0.169975666575,0.0288917272275
2020-04-08,2749.98,0.0340564260494,2020-04-07,0.14,5.55555555556e-06,0.0340508704938,-0.0129986299986,0.314868421123,-0.0412827363006,0.00170426431646
2020-04-09,2789.82,0.01448737809,2020-04-08,0.22,8.73015873016e-06,0.0144786479313,-0.00190181843329,0.315182234738,-0.00603402801199,3.64094940495e-05
2020-04-13,2761.63,-0.0101045945617,2020-04-09,0.25,9.92063492063e-06,-0.0101145151966,-0.0119579909317,0.31534611906,-0.0379202096013,0.00143794229621
2020-04-14,2846.06,0.0305725241977,2020-04-13,0.26,1.03174603175e-05,0.0305622067373,0.0120912659149,0.316756136541,0.0381721599679,0.00145711379661
2020-04-15,2783.36,-0.0220304561394,2020-04-14,0.2,7.93650793651e-06,-0.0220383926473,-0.00922087514529,0.317528684769,-0.0290395028469,0.000843292725593
2020-04-16,2799.55,0.0058167107381,2020-04-15,0.14,5.55555555556e-06,0.00581115518255,-0.00382265613089,0.317581069951,-0.0120367883749,0.000144884274383
2020-04-17,2874.56,0.0267935918273,2020-04-16,0.14,5.55555555556e-06,0.0267880362717,0.0253355835913,0.318695657142,0.0794977371784,0.00631989021648
2020-04-20,2823.16,-0.0178809974396,2020-04-17,0.12,4.7619047619e-06,-0.0178857593444,0.00596758432633,0.319202817429,0.0186952746044,0.000349513292534
2020-04-21,2736.56,-0.0306748466258,2020-04-20,0.12,4.7619047619e-06,-0.0306796085305,-0.0256280301996,0.320680240162,-0.0799177092629,0.00638684025382
2020-04-22,2799.31,0.0229302481948,2020-04-21,0.11,4.36507936508e-06,0.0229258831154,-0.0114465408196,0.321380546917,-0.0356167818164,0.00126855514695
2020-04-23,2797.8,-0.000539418642451,2020-04-22,0.12,4.7619047619e-06,-0.000544180547213,-0.00970171271932,0.321373377858,-0.0301882899697,0.000911332851293
2020-04-24,2836.74,0.0139180784902,2020-04-23,0.11,4.36507936508e-06,0.0139137134109,0.00467777305225,0.321673161623,0.0145420060183,0.000211469939037
2020-04-27,2878.48,0.0147140731967,2020-04-24,0.12,4.7619047619e-06,0.0147093112919,0.0147982075506,0.321973405892,0.0459609622404,0.00211241005006
2020-04-28,2863.39,-0.00524235012923,2020-04-27,0.12,4.7619047619e-06,-0.005247112034,0.00857565495763,0.322016635437,0.0266310929744,0.000709215113009
2020-04-29,2939.51,0.0265838743587,2020-04-28,0.11,4.36507936508e-06,0.0265795092793,0.0343005892064,0.323103180052,0.10615986262,0.0112699164315
2020-04-30,2912.43,-0.00921241975703,2020-04-29,0.1,3.96825396825e-06,-0.009216388011,0.0326827598965,0.323148633796,0.101138474616,0.0102289910477
2020-05-01,2830.71,-0.0280590434792,2020-04-30,0.09,3.57142857143e-06,-0.0280626149077,0.00684057269828,0.324373735337,0.0210885529655,0.000444727066179
2020-05-04,2842.74,0.00424981718367,2020-05-01,0.12,4.7619047619e-06,0.00424505527891,0.00154532089098,0.324259222115,0.00476569604064,2.27118587518e-05
2020-05-05,2868.44,0.00904057353117,2020-05-04,0.13,5.15873015873e-06,0.00903541480101,0.0151481790514,0.324350803685,0.0467030723503,0.00218117696696
2020-05-06,2848.42,-0.0069794034388,2020-05-05,0.13,5.15873015873e-06,-0.00698456216896,0.0247721201481,0.323999888689,0.0764571872178,0.00584570147726
2020-05-07,2881.19,0.0115046236159,2020-05-06,0.12,4.7619047619e-06,0.0114998617111,0.037973791752,0.324193348848,0.117133161081,0.0137201774248
2020-05-08,2929.8,0.0168715010117,2020-05-07,0.11,4.36507936508e-06,0.0168671359324,0.057958798074,0.324604217296,0.178552202916,0.031880889166
2020-05-11,2930.32,0.000177486517851,2020-05-08,0.12,4.7619047619e-06,0.000172724613089,0.0545076302241,0.32458597235,0.167929716215,0.0282003895881
2020-05-12,2870.12,-0.0205438313904,2020-05-11,0.12,4.7619047619e-06,-0.0205485932952,0.0581860964436,0.324334905841,0.179401277493,0.0321848183662
2020-05-13,2820,-0.0174626844871,2020-05-12,0.13,5.15873015873e-06,-0.0174678432172,0.0327978703368,0.324726172644,0.101001622597,0.0102013277672
2020-05-14,2852.5,0.011524822695,2020-05-13,0.13,5.15873015873e-06,0.0115196639649,0.0385742115556,0.324875222617,0.118735467866,0.0140981113294
2020-05-15,2863.7,0.0039263803681,2020-05-14,0.12,4.7619047619e-06,0.00392161846334,0.0336966124455,0.324779879606,0.10375215511,0.0107645096899
2020-05-18,2953.91,0.0315012047351,2020-05-15,0.12,4.7619047619e-06,0.0314964428304,0.0711256132798,0.326226952213,0.218024944896,0.0475348765968
2020-05-19,2922.94,-0.0104844088005,2020-05-18,0.13,5.15873015873e-06,-0.0104895675307,0.067480247928,0.32632982082,0.206785416541,0.0427602084939
2020-05-20,2971.61,0.0166510431278,2020-05-19,0.13,5.15873015873e-06,0.0166458843977,0.0757251827616,0.326636557594,0.231833152172,0.053746610446
2020-05-21,2948.51,-0.00777356382567,2020-05-20,0.12,4.7619047619e-06,-0.00777832573043,0.0708660639534,0.326722461645,0.216899883763,0.0470455595763
2020-05-22,2955.45,0.00235373120661,2020-05-21,0.12,4.7619047619e-06,0.00234896930185,0.0852236174694,0.32649670013,0.261024437415,0.068133756928
2020-05-26,2991.77,0.0122891607031,2020-05-22,0.12,4.7619047619e-06,0.0122843987983,0.0962485291059,0.326711981139,0.294597488498,0.0867876802295
2020-05-27,3036.13,0.014827343011,2020-05-26,0.14,5.55555555556e-06,0.0148217874554,0.119539188882,0.326907353514,0.365666870435,0.133712260134
2020-05-28,3029.73,-0.00210794662943,2020-05-27,0.15,5.95238095238e-06,-0.00211389901038,0.124431294784,0.326832830316,0.380718469022,0.144946552654
2020-05-29,3044.31,0.00481231000782,2020-05-28,0.15,5.95238095238e-06,0.00480635762687,0.127233260205,0.326857004738,0.389262761272,0.151525497313
2020-06-01,3055.73,0.00375126054837,2020-05-29,0.14,5.55555555556e-06,0.00374570499281,0.144268765451,0.326580141709,0.441756086871,0.195148440288
2020-06-02,3080.82,0.00821080396501,2020-06-01,0.14,5.55555555556e-06,0.00820524840945,0.155332469169,0.326650079989,0.475531704062,0.226130401568
2020-06-03,3122.87,0.0136489635876,2020-06-02,0.15,5.95238095238e-06,0.0136430112067,0.147636389065,0.326245906831,0.452531007973,0.204784313177
2020-06-04,3112.35,-0.00336869610326,2020-06-03,0.16,6.34920634921e-06,-0.00337504530961,0.136192701082,0.326182785427,0.417534913449,0.174335403949
2020-06-05,3193.93,0.0262117049818,2020-06-04,0.15,5.95238095238e-06,0.0262057526008,0.156356152213,0.327141578704,0.477946437847,0.228432797451
2020-06-08,3232.39,0.0120415913937,2020-06-05,0.15,5.95238095238e-06,0.0120356390127,0.15798658846,0.327191761803,0.48285625405,0.233150162075
2020-06-09,3207.18,-0.00779918264813,2020-06-08,0.17,6.74603174603e-06,-0.00780592867988,0.145611053976,0.327276839864,0.444917073986,0.197951202724
2020-06-10,3190.14,-0.00531307877949,2020-06-09,0.19,7.53968253968e-06,-0.00532061846203,0.14073118538,0.327329409689,0.429937491756,0.184846246818
2020-06-11,3002.1,-0.0589441215746,2020-06-10,0.17,6.74603174603e-06,-0.0589508676063,0.0839080168661,0.332694483049,0.252207418942,0.0636085821696
2020-06-12,3041.31,0.0130608573998,2020-06-11,0.17,6.74603174603e-06,0.0130541113681,0.0929535672647,0.332915550394,0.279210650132,0.0779585871472
2020-06-15,3066.59,0.00831220756845,2020-06-12,0.16,6.34920634921e-06,0.0083058583621,0.102957872628,0.33300260395,0.309180382995,0.0955925092291
2020-06-16,3124.74,0.0189624305825,2020-06-15,0.18,7.14285714286e-06,0.0189552877254,0.12106869241,0.333515951474,0.363007202128,0.131774228797
2020-06-17,3113.49,-0.00360029954492,2020-06-16,0.17,6.74603174603e-06,-0.00360704557667,0.107832766324,0.333413601637,0.323420417748,0.104600766617
2020-06-18,3115.34,0.000594188515139,2020-06-17,0.17,6.74603174603e-06,0.000587442483393,0.105523127112,0.333404134405,0.31650215526,0.100173614284
2020-06-19,3097.74,-0.00564946362195,2020-06-18,0.16,6.34920634921e-06,-0.0056558128283,0.0904816271446,0.333337128677,0.27144179079,0.073680645787
2020-06-22,3117.86,0.00649505768722,2020-06-19,0.15,5.95238095238e-06,0.00648910530626,0.0983148857663,0.333388331313,0.294896001246,0.0869636515507
2020-06-23,3131.29,0.00430744164267,2020-06-22,0.16,6.34920634921e-06,0.00430109243632,0.104431641687,0.333403516965,0.31322897442,0.0981123904162
2020-06-24,3050.33,-0.0258551587365,2020-06-23,0.16,6.34920634921e-06,-0.0258615079428,0.0881509822689,0.334294358964,0.263692700476,0.0695338402841
2020-06-25,3083.76,0.010959469959,2020-06-24,0.15,5.95238095238e-06,0.010953517578,0.100422610748,0.334456867202,0.300255789598,0.0901535391872
2020-06-26,3009.05,-0.0242269177887,2020-06-25,0.16,6.34920634921e-06,-0.024233266995,0.072451448754,0.335347750996,0.216048709254,0.0466770447705
2020-06-29,3053.24,0.0146856981439,2020-06-26,0.14,5.55555555556e-06,0.0146801425884,0.0814590895521,0.335611390316,0.24271848901,0.0589122649074
2020-06-30,3100.29,0.01540985969,2020-06-29,0.14,5.55555555556e-06,0.0154043041345,0.0892752428506,0.335869458476,0.265803396521,0.0706514456021
2020-07-01,3115.86,0.00502211083479,2020-06-30,0.16,6.34920634921e-06,0.00501576162844,0.0914505538665,0.335891790385,0.272261950081,0.0741265694621
2020-07-02,3130.01,0.0045412823426,2020-07-01,0.14,5.55555555556e-06,0.00453572678704,0.0884012232511,0.335838425244,0.263225457858,0.0692876416647
2020-07-06,3179.72,0.015881738397,2020-07-02,0.14,5.55555555556e-06,0.0158761828414,0.106170953989,0.336187437491,0.315808808269,0.0997352033801
2020-07-07,3145.32,-0.0108185626407,2020-07-06,0.15,5.95238095238e-06,-0.0108245150217,0.100270388376,0.33633542684,0.298126157324,0.088879205681
2020-07-08,3169.94,0.00782750244808,2020-07-07,0.15,5.95238095238e-06,0.00782155006713,0.106945041067,0.336415562313,0.317895641723,0.101057639027
2020-07-09,3152.05,-0.00564363994271,2020-07-08,0.15,5.95238095238e-06,-0.00564959232366,0.0968745041248,0.336446407254,0.28793442889,0.0829062353403
2020-07-10,3185.04,0.0104662045336,2020-07-09,0.13,5.15873015873e-06,0.0104610458034,0.105137572521,0.336591100276,0.312359930001,0.0975687258699
2020-07-13,3155.22,-0.00936251977997,2020-07-10,0.13,5.15873015873e-06,-0.00936767851013,0.0912358665178,0.336708159324,0.270964228194,0.0734216129608
2020-07-14,3197.52,0.0134063551828,2020-07-13,0.14,5.55555555556e-06,0.0134007996273,0.104545727308,0.33695883655,0.310262607678,0.0962628857232
2020-07-15,3226.56,0.0090820385799,2020-07-14,0.15,5.95238095238e-06,0.00907608619895,0.117111303131,0.337046385181,0.347463459867,0.120730855943
2020-07-16,3215.57,-0.00340610433403,2020-07-15,0.16,6.34920634921e-06,-0.00341245354038,0.120315371695,0.3369953205,0.357023864653,0.127466039932
2020-07-17,3224.73,0.002848639588,2020-07-16,0.11,4.36507936508e-06,0.00284427450864,0.11966263132,0.336989434843,0.355093124435,0.126091127021
2020-07-20,3251.84,0.00840690538433,2020-07-17,0.11,4.36507936508e-06,0.00840254030496,0.134323255576,0.337014042717,0.398568719846,0.158857024439
2020-07-21,3257.3,0.00167904939972,2020-07-20,0.13,5.15873015873e-06,0.00167389066957,0.133250171013,0.337008293798,0.395391370082,0.156334335535
2020-07-22,3276.02,0.00574709114911,2020-07-21,0.13,5.15873015873e-06,0.00574193241895,0.13222753757,0.336989520712,0.392378781663,0.153961108299
2020-07-23,3235.66,-0.0123198271073,2020-07-22,0.13,5.15873015873e-06,-0.0123249858374,0.115296179101,0.33720991013,0.341912190707,0.116903946154
2020-07-24,3215.63,-0.00619039083216,2020-07-23,0.12,4.7619047619e-06,-0.00619515273693,0.114446715802,0.337227111815,0.339375785019,0.115175923458
2020-07-27,3239.41,0.00739512941476,2020-07-24,0.11,4.36507936508e-06,0.0073907643354,0.114533184337,0.337227265752,0.339632040374,0.115349922849
2020-07-28,3218.44,-0.00647340102056,2020-07-27,0.11,4.36507936508e-06,-0.00647776609992,0.109755614702,0.337292806686,0.325401587365,0.10588619306
2020-07-29,3258.44,0.0124283814519,2020-07-28,0.11,4.36507936508e-06,0.0124240163725,0.124842400018,0.337490047115,0.369914316246,0.136836601364
2020-07-30,3246.22,-0.00375026086103,2020-07-29,0.11,4.36507936508e-06,-0.00375462594039,0.132055823422,0.337322957076,0.391481874125,0.153258057769
2020-07-31,3271.12,0.00767045979632,2020-07-30,0.09,3.57142857143e-06,0.00766688836775,0.148804103967,0.337260268665,0.441214450063,0.194670190944
2020-08-03,3294.61,0.00718102668199,2020-07-31,0.09,3.57142857143e-06,0.00717745525342,0.163346438843,0.337229617106,0.484377499949,0.234621562457
2020-08-04,3306.51,0.00361196014096,2020-08-03,0.1,3.96825396825e-06,0.00360799188699,0.196813977277,0.33585112773,0.586015531962,0.343414203701
2020-08-05,3327.77,0.00642974011874,2020-08-04,0.09,3.57142857143e-06,0.00642616869016,0.190304488346,0.335675544284,0.566929857081,0.321409462849
2020-08-06,3349.16,0.00642772787783,2020-08-05,0.1,3.96825396825e-06,0.00642375962386,0.196042707383,0.335722779406,0.583942226769,0.340988524204
2020-08-07,3351.28,0.000632994541915,2020-08-06,0.1,3.96825396825e-06,0.000629026287947,0.177989626366,0.335239092062,0.530933386293,0.281890260681
2020-08-10,3360.47,0.00274223580244,2020-08-07,0.1,3.96825396825e-06,0.00273826754847,0.187424596045,0.335163343592,0.55920374238,0.312708825492
2020-08-11,3333.69,-0.00796912336667,2020-08-10,0.11,4.36507936508e-06,-0.00797348844604,0.191488055808,0.335034824263,0.571546722731,0.326665656264
2020-08-12,3380.35,0.0139965023742,2020-08-11,0.11,4.36507936508e-06,0.0139921372949,0.190797529574,0.335003667189,0.569538629754,0.324374250782
2020-08-13,3373.43,-0.00204712529768,2020-08-12,0.11,4.36507936508e-06,-0.00205149037704,0.218118167883,0.333651984802,0.653729567989,0.427362348064
2020-08-14,3372.85,-0.000171931831993,2020-08-13,0.1,3.96825396825e-06,-0.000175900085961,0.215555777463,0.333650027229,0.646053528762,0.417385162025
2020-08-17,3381.99,0.00270987443853,2020-08-14,0.1,3.96825396825e-06,0.00270590618456,0.203911293846,0.333378551391,0.611650908538,0.374116833915
2020-08-18,3389.78,0.00230337759721,2020-08-17,0.1,3.96825396825e-06,0.00229940934325,0.19417903419,0.333190262485,0.582787242165,0.33964096963
2020-08-19,3374.85,-0.00440441562579,2020-08-18,0.09,3.57142857143e-06,-0.00440798705436,0.197762795342,0.333116472544,0.593674620266,0.352449554748
2020-08-20,3385.51,0.00315865890336,2020-08-19,0.11,4.36507936508e-06,0.00315429382399,0.192747247735,0.333041472384,0.578748485451,0.334949809412
2020-08-21,3397.16,0.00344113589976,2020-08-20,0.11,4.36507936508e-06,0.0034367708204,0.196768274685,0.33304929234,0.590808265355,0.349054406412
2020-08-24,3431.28,0.0100436835474,2020-08-21,0.1,3.96825396825e-06,0.0100397152935,0.232833744835,0.332088729347,0.701119081317,0.491567966186
2020-08-25,3443.62,0.00359632556947,2020-08-24,0.12,4.7619047619e-06,0.0035915636647,0.225520416063,0.331947039776,0.679386736559,0.461566337812
2020-08-26,3478.73,0.0101956661885,2020-08-25,0.11,4.36507936508e-06,0.0101913011091,0.238994669761,0.332049876008,0.719755335055,0.51804774234
2020-08-27,3484.55,0.00167302435084,2020-08-26,0.11,4.36507936508e-06,0.00166865927148,0.234196430707,0.332003700765,0.705403072818,0.497593495141
2020-08-28,3508.01,0.00673257665983,2020-08-27,0.11,4.36507936508e-06,0.00672821158046,0.228316366346,0.331845990137,0.688019060445,0.473370227536
2020-08-31,3500.31,-0.00219497663918,2020-08-28,0.1,3.96825396825e-06,-0.00219894489315,0.225553562361,0.331860691218,0.679663389879,0.461942323542
2020-09-01,3526.65,0.00752504778148,2020-08-31,0.11,4.36507936508e-06,0.00752068270212,0.240052333756,0.331832488035,0.723414199669,0.523328104283
2020-09-02,3580.84,0.0153658571165,2020-09-01,0.12,4.7619047619e-06,0.0153610952118,0.244649924471,0.331998157467,0.736901452519,0.543023750725
2020-09-03,3455.06,-0.0351258363959,2020-09-02,0.12,4.7619047619e-06,-0.0351305983007,0.196587677029,0.333735781673,0.589051842279,0.346982072893
2020-09-04,3426.96,-0.0081329991375,2020-09-03,0.11,4.36507936508e-06,-0.00813736421686,0.187617869136,0.333855685764,0.561972963577,0.315813611792
2020-09-08,3331.84,-0.0277563788314,2020-09-04,0.11,4.36507936508e-06,-0.0277607439107,0.160028903426,0.335072099662,0.477595429721,0.228097394491
2020-09-09,3398.96,0.0201450249712,2020-09-08,0.13,5.15873015873e-06,0.020139866241,0.179924229982,0.335637374432,0.53606732649,0.287368178531
2020-09-10,3339.19,-0.0175847906418,2020-09-09,0.12,4.7619047619e-06,-0.0175895525466,0.15518239057,0.336073257925,0.461751677382,0.213214611565
2020-09-11,3340.97,0.000533063407593,2020-09-10,0.12,4.7619047619e-06,0.000528301502831,0.152909362374,0.336065818871,0.454998258638,0.207023415363
2020-09-14,3383.54,0.0127418085167,2020-09-11,0.11,4.36507936508e-06,0.0127374434373,0.166448542735,0.336280656609,0.494969126126,0.244994435818
2020-09-15,3401.2,0.00521938561388,2020-09-14,0.11,4.36507936508e-06,0.00521502053452,0.174876950329,0.336288934388,0.52001993657,0.27042073443
2020-09-16,3385.49,-0.00461895801482,2020-09-15,0.11,4.36507936508e-06,-0.00462332309418,0.167750839895,0.336326143043,0.498774309894,0.24877581221
2020-09-17,3357.01,-0.00841237162124,2020-09-16,0.12,4.7619047619e-06,-0.008417133526,0.159069992386,0.336449361039,0.472790294191,0.223530662281
2020-09-18,3319.47,-0.0111825702038,2020-09-17,0.09,3.57142857143e-06,-0.0111861416324,0.147941276472,0.336657304376,0.439441754417,0.193109055525
2020-09-21,3281.06,-0.011571124306,2020-09-18,0.1,3.96825396825e-06,-0.01157509256,0.141338357537,0.336833223183,0.41960931348,0.176071975959
2020-09-22,3315.57,0.0105179423723,2020-09-21,0.1,3.96825396825e-06,0.0105139741183,0.152025048172,0.336978640625,0.451141496359,0.203528649737
2020-09-23,3236.92,-0.0237214114014,2020-09-22,0.1,3.96825396825e-06,-0.0237253796553,0.136793046898,0.337738062541,0.405027037428,0.164046901048
2020-09-24,3246.59,0.00298740778271,2020-09-23,0.11,4.36507936508e-06,0.00298304270334,0.133693714716,0.337700300969,0.395894567853,0.156732508856
2020-09-25,3298.46,0.0159767633117,2020-09-24,0.1,3.96825396825e-06,0.0159727950577,0.152170426276,0.338038097332,0.450157622697,0.202641885273
2020-09-28,3351.6,0.016110548559,2020-09-25,0.1,3.96825396825e-06,0.0161065803051,0.173665952091,0.338338363525,0.513290749181,0.263467393195
2020-09-29,3335.47,-0.00481262680511,2020-09-28,0.11,4.36507936508e-06,-0.00481699188447,0.16387276555,0.338355396597,0.484321418242,0.234567236168
2020-09-30,3363,0.00825370937229,2020-09-29,0.09,3.57142857143e-06,0.00825013794372,0.184455883281,0.338189614613,0.545421489341,0.297484601034
2020-10-01,3380.8,0.00529289325007,2020-09-30,0.1,3.96825396825e-06,0.00528892499611,0.20772027002,0.337699462806,0.615103939741,0.378352856684
2020-10-02,3348.44,-0.00957169900615,2020-10-01,0.09,3.57142857143e-06,-0.00957527043472,0.190244040654,0.337783873576,0.563212324614,0.317208122598
2020-10-05,3408.63,0.0179755348759,2020-10-02,0.09,3.57142857143e-06,0.0179719634474,0.194066611023,0.337954812792,0.574238340978,0.329749672249
2020-10-06,3360.95,-0.0139880245142,2020-10-05,0.1,3.96825396825e-06,-0.0139919927682,0.18462078001,0.338237576808,0.545831665875,0.297932207471
2020-10-07,3419.45,0.017405793005,2020-10-06,0.1,3.96825396825e-06,0.017401824751,0.21765287526,0.33824696833,0.643473247771,0.414057820597
2020-10-08,3446.83,0.00800713565047,2020-10-07,0.1,3.96825396825e-06,0.0080031673965,0.216619749882,0.338221996359,0.640466179651,0.410196927277
2020-10-09,3477.13,0.00879068593461,2020-10-08,0.09,3.57142857143e-06,0.00878711450604,0.219058226024,0.338269304654,0.647585290801,0.419366708862
2020-10-12,3534.22,0.0164187131341,2020-10-09,0.1,3.96825396825e-06,0.0164147448801,0.224600707026,0.338476947943,0.663562787336,0.440315572737
2020-10-13,3511.93,-0.00630690788915,2020-10-09,0.1,3.96825396825e-06,-0.00631087614312,0.219743576839,0.338546345114,0.649079749375,0.421304521049
2020-10-14,3488.67,-0.00662313884388,2020-10-13,0.11,4.36507936508e-06,-0.00662750392325,0.203227073146,0.338507012802,0.600362962833,0.360435687142
2020-10-15,3483.34,-0.00152780285897,2020-10-14,0.12,4.7619047619e-06,-0.00153256476373,0.203760324236,0.338503377744,0.601944729752,0.362337457676
2020-10-16,3483.81,0.00013492797143,2020-10-15,0.11,4.36507936508e-06,0.000130562892064,0.201193931891,0.338498554647,0.594371612904,0.353277614226
2020-10-19,3426.92,-0.0163298228089,2020-10-16,0.11,4.36507936508e-06,-0.0163341878883,0.188844961904,0.338900452064,0.557228415467,0.310503507003
2020-10-20,3443.12,0.00472727697174,2020-10-19,0.11,4.36507936508e-06,0.00472291189238,0.186762137409,0.338868509515,0.551134532025,0.303749272391
2020-10-21,3435.56,-0.0021956829852,2020-10-20,0.1,3.96825396825e-06,-0.00219965123917,0.188197428851,0.338853653432,0.555394421588,0.308462963531
2020-10-22,3453.49,0.00521894538299,2020-10-21,0.1,3.96825396825e-06,0.00521497712903,0.190630743161,0.338876532293,0.562537458323,0.316448392017
2020-10-23,3465.39,0.00344578962151,2020-10-22,0.09,3.57142857143e-06,0.00344221819294,0.192217997674,0.338885110039,0.567206973633,0.321723750938
2020-10-26,3400.97,-0.0185895382626,2020-10-23,0.1,3.96825396825e-06,-0.0185935065166,0.169618063684,0.339421898737,0.49972634151,0.249726416399
2020-10-27,3390.68,-0.00302560740024,2020-10-26,0.11,4.36507936508e-06,-0.00302997247961,0.16107258426,0.339406702721,0.474571017509,0.225217650659
2020-10-28,3271.03,-0.0352879068505,2020-10-27,0.1,3.96825396825e-06,-0.0352918751045,0.126678581,0.341302822518,0.371161832373,0.13776110581
2020-10-29,3310.11,0.0119473071173,2020-10-28,0.1,3.96825396825e-06,0.0119433388634,0.135433274163,0.341483224253,0.396603008709,0.157293946517
2020-10-30,3269.96,-0.0121295062702,2020-10-29,0.09,3.57142857143e-06,-0.0121330776988,0.126387355582,0.3417005564,0.369877523506,0.136809382395
2020-11-02,3310.24,0.0123181934947,2020-10-30,0.09,3.57142857143e-06,0.0123146220662,0.12910072818,0.341782165454,0.377728100613,0.142678517992
2020-11-03,3369.16,0.0177993136449,2020-11-02,0.09,3.57142857143e-06,0.0177957422164,0.143252733939,0.342203721159,0.418618282274,0.175241266254
2020-11-04,3443.44,0.0220470384309,2020-11-03,0.1,3.96825396825e-06,0.022043070177,0.166542249348,0.342870549955,0.485729233293,0.235932888076
2020-11-05,3510.45,0.0194601909718,2020-11-04,0.1,3.96825396825e-06,0.0194562227179,0.185357850988,0.343384264195,0.539797161126,0.29138097516
2020-11-06,3509.44,-0.000287712401544,2020-11-05,0.1,3.96825396825e-06,-0.000291680655512,0.182397948143,0.343380130137,0.531183758566,0.282156185364
2020-11-09,3550.5,0.0116998723443,2020-11-06,0.1,3.96825396825e-06,0.0116959040903,0.191595128442,0.343550182053,0.557691826262,0.31102017308
2020-11-10,3545.53,-0.00139980284467,2020-11-09,0.11,4.36507936508e-06,-0.00140416792403,0.192214913655,0.343546128608,0.559502487872,0.313043033935
2020-11-11,3572.66,0.00765188843417,2020-11-10,0.1,3.96825396825e-06,0.0076479201802,0.19835972099,0.343613917434,0.577274990696,0.333246414883
2020-11-12,3537.01,-0.00997855939272,2020-11-10,0.1,3.96825396825e-06,-0.00998252764669,0.187728738177,0.343783219542,0.546067194401,0.298189380801
2020-11-13,3585.15,0.0136103658175,2020-11-12,0.1,3.96825396825e-06,0.0136063975635,0.200560344078,0.344023048781,0.582985194708,0.339871737249
2020-11-16,3626.91,0.0116480481988,2020-11-13,0.09,3.57142857143e-06,0.0116444767702,0.204571659949,0.344125076364,0.594468912612,0.353393288062
2020-11-17,3609.53,-0.00479195789253,2020-11-16,0.09,3.57142857143e-06,-0.0047955293211,0.199335301266,0.344170911986,0.579175329246,0.335444062007
2020-11-18,3567.79,-0.0115638324103,2020-11-17,0.09,3.57142857143e-06,-0.0115674038389,0.188422762187,0.344390671004,0.547119240011,0.299339462791
2020-11-19,3581.87,0.00394642061332,2020-11-18,0.09,3.57142857143e-06,0.00394284918475,0.196184106512,0.344375200869,0.569681283719,0.32453676502
2020-11-20,3557.54,-0.00679254132618,2020-11-19,0.07,2.77777777778e-06,-0.00679531910396,0.191033866319,0.344450779976,0.554604249502,0.307585873565
2020-11-23,3577.59,0.00563591695385,2020-11-20,0.07,2.77777777778e-06,0.00563313917607,0.194554768189,0.344482251776,0.564774432314,0.318970159396
2020-11-24,3635.41,0.0161617178044,2020-11-23,0.08,3.1746031746e-06,0.0161585432013,0.203268671259,0.344760222071,0.589594327437,0.347621470946
2020-11-25,3629.65,-0.00158441551297,2020-11-24,0.09,3.57142857143e-06,-0.00158798694154,0.199549043407,0.344765876285,0.578795806468,0.335004585585
2020-11-27,3638.35,0.00239692532338,2020-11-25,0.09,3.57142857143e-06,0.00239335389481,0.197831421443,0.344753051669,0.573835156746,0.329286787118
2020-11-30,3621.63,-0.00459548971374,2020-11-27,0.09,3.57142857143e-06,-0.00459906114232,0.197307896542,0.344761740464,0.572302182593,0.3275297882
2020-12-01,3662.45,0.0112711679548,2020-11-30,0.08,3.1746031746e-06,0.0112679933516,0.217270049322,0.344789455342,0.630152825023,0.397092582885
2020-12-02,3669.01,0.00179115073243,2020-12-01,0.09,3.57142857143e-06,0.00178757930386,0.22575916274,0.344707920317,0.654928852614,0.428931801986
2020-12-03,3666.72,-0.000624146568148,2020-12-02,0.09,3.57142857143e-06,-0.000627717996719,0.218870197902,0.344668484748,0.635016566895,0.403246040231
2020-12-04,3699.12,0.00883623510931,2020-12-03,0.08,3.1746031746e-06,0.00883306050613,0.226264490062,0.344759642954,0.656296334814,0.43072487909
2020-12-07,3691.96,-0.00193559549298,2020-12-04,0.09,3.57142857143e-06,-0.00193916692155,0.215250703858,0.344672396603,0.624508100968,0.390010368175
2020-12-08,3702.25,0.00278713745544,2020-12-07,0.08,3.1746031746e-06,0.00278396285227,0.221258217823,0.344653816085,0.64197234296,0.412128489126
2020-12-09,3672.82,-0.00794922006888,2020-12-08,0.09,3.57142857143e-06,-0.00795279149745,0.214463490204,0.344761697041,0.622062984503,0.386962356689
2020-12-10,3668.1,-0.00128511606885,2020-12-09,0.08,3.1746031746e-06,-0.00128829067203,0.21032890259,0.344762294674,0.61006933136,0.372184589066
2020-12-11,3663.46,-0.00126496006107,2020-12-10,0.08,3.1746031746e-06,-0.00126813466424,0.200547903119,0.34468140612,0.58183557209,0.338532632949
2020-12-14,3647.49,-0.00435926692253,2020-12-11,0.08,3.1746031746e-06,-0.0043624415257,0.196174778405,0.344719455546,0.569085310529,0.32385809066
2020-12-15,3694.62,0.0129212143145,2020-12-14,0.09,3.57142857143e-06,0.0129176428859,0.20200690667,0.344874580035,0.585740203437,0.343091585923
2020-12-16,3701.17,0.00177284808722,2020-12-15,0.08,3.1746031746e-06,0.00176967348404,0.20350361094,0.344875554172,0.590078387633,0.348192503551
2020-12-17,3722.48,0.0057576388007,2020-12-16,0.09,3.57142857143e-06,0.00575406737213,0.209751843483,0.344908461366,0.608137714719,0.369831480064
2020-12-18,3709.41,-0.0035111001268,2020-12-17,0.08,3.1746031746e-06,-0.00351427472997,0.201840252045,0.344916786372,0.585185354904,0.342441899594
2020-12-21,3694.92,-0.00390628159195,2020-12-18,0.08,3.1746031746e-06,-0.00390945619513,0.193048270475,0.344924006449,0.559683486408,0.313245604958
2020-12-22,3687.26,-0.00207311660334,2020-12-21,0.09,3.57142857143e-06,-0.00207668803191,0.19016814939,0.344935809392,0.551314604666,0.303947793318
2020-12-23,3690.01,0.0007458112528,2020-12-22,0.09,3.57142857143e-06,0.000742239824229,0.191168893276,0.344934447948,0.554218038856,0.307157634594
2020-12-24,3703.06,0.00353657578164,2020-12-23,0.09,3.57142857143e-06,0.00353300435307,0.189636438641,0.34491794877,0.549801595763,0.302281794704
2020-12-28,3735.36,0.00872251597328,2020-12-24,0.09,3.57142857143e-06,0.0087189445447,0.198384130038,0.345008813096,0.575011775085,0.330638541486
2020-12-29,3727.04,-0.00222736228904,2020-12-28,0.11,4.36507936508e-06,-0.00223172736841,0.201995532771,0.344959036382,0.585563824879,0.342884993007
2020-12-30,3732.04,0.00134154717953,2020-12-29,0.1,3.96825396825e-06,0.00133757892556,0.200449388554,0.344952822396,0.581092182874,0.337668124997
2020-12-31,3756.07,0.00643883774022,2020-12-30,0.08,3.1746031746e-06,0.00643566313704,0.198567778033,0.344915540012,0.575699714853,0.331430161682
2021-01-04,3700.65,-0.0147547835903,2020-12-31,0.09,3.57142857143e-06,-0.0147583550189,0.190930404899,0.345177374347,0.553137079916,0.305960629178
2021-01-05,3726.86,0.00708253955386,2021-01-04,0.09,3.57142857143e-06,0.00707896812529,0.194536296355,0.345224126734,0.563507244398,0.317540414489
2021-01-06,3748.14,0.00570990055972,2021-01-05,0.09,3.57142857143e-06,0.00570632913115,0.203107738844,0.345240235871,0.588308423355,0.346106800991
2021-01-07,3803.79,0.0148473642927,2021-01-06,0.09,3.57142857143e-06,0.0148437928641,0.213110227754,0.345501452499,0.616814274479,0.380459849201
2021-01-08,3824.68,0.00549189098241,2021-01-07,0.09,3.57142857143e-06,0.00548831955384,0.212004365694,0.345483815339,0.613644854783,0.376560007802
2021-01-11,3799.61,-0.00655479674117,2021-01-08,0.08,3.1746031746e-06,-0.00655797134434,0.20836272884,0.345543500776,0.602999993842,0.363608992574
2021-01-12,3801.19,0.000415832151194,2021-01-11,0.08,3.1746031746e-06,0.00041265754802,0.201860216243,0.34548880223,0.584274265736,0.341376417601
2021-01-13,3809.84,0.00227560316638,2021-01-12,0.09,3.57142857143e-06,0.00227203173781,0.205709088227,0.34548394855,0.595422997479,0.354528545927
2021-01-14,3795.54,-0.00375343846461,2021-01-13,0.09,3.57142857143e-06,-0.00375700989318,0.200144224735,0.345512696912,0.579267351167,0.335550664128
2021-01-15,3768.25,-0.00719001775768,2021-01-14,0.09,3.57142857143e-06,-0.00719358918626,0.184646389948,0.345521162696,0.534399654443,0.285582990669
2021-01-19,3798.91,0.00813640283951,2021-01-15,0.09,3.57142857143e-06,0.00813283141094,0.188978584644,0.34558631197,0.546834692516,0.299028180939
2021-01-20,3851.85,0.0139355762574,2021-01-19,0.09,3.57142857143e-06,0.0139320048288,0.205624448512,0.345819819777,0.594599952786,0.353549103853
2021-01-21,3853.07,0.000316730921505,2021-01-20,0.08,3.1746031746e-06,0.000313556318331,0.205710821754,0.345819777675,0.59484978892,0.353846271378
2021-01-22,3841.47,-0.0030105863636,2021-01-21,0.09,3.57142857143e-06,-0.00301415779217,0.201617207046,0.345840919404,0.58297672639,0.339861863512
2021-01-25,3855.36,0.00361580332529,2021-01-22,0.08,3.1746031746e-06,0.00361262872211,0.214333484229,0.345710468066,0.619979734568,0.384374871275
2021-01-26,3849.62,-0.00148883632138,2021-01-25,0.09,3.57142857143e-06,-0.00149240774995,0.228632872439,0.345317351378,0.662094944049,0.438369714935
2021-01-27,3750.77,-0.0256778591134,2021-01-26,0.07,2.77777777778e-06,-0.0256806368911,0.192960192371,0.346215745636,0.557340891634,0.310628869488
2021-01-28,3787.38,0.0097606624773,2021-01-27,0.08,3.1746031746e-06,0.00975748787413,0.203646829194,0.346328207711,0.588016871453,0.345763841113
2021-01-29,3714.24,-0.0193115029387,2021-01-28,0.07,2.77777777778e-06,-0.0193142807165,0.181260097524,0.346904388554,0.522507363712,0.273013945134
2021-02-01,3773.86,0.0160517360214,2021-01-29,0.06,2.38095238095e-06,0.016049355069,0.215077606795,0.346745768473,0.620274640244,0.384740629329
2021-02-02,3826.31,0.0138982368185,2021-02-01,0.07,2.77777777778e-06,0.0138954590408,0.22177992956,0.346932311924,0.63925994189,0.408653273305
2021-02-03,3830.17,0.00100880482763,2021-02-02,0.07,2.77777777778e-06,0.00100602704985,0.207867895492,0.346643796396,0.599658489936,0.359590304552
2021-02-04,3871.74,0.0108533041614,2021-02-03,0.04,1.5873015873e-06,0.0108517168598,0.20753127332,0.346632036435,0.598707711655,0.358450923995
2021-02-05,3886.83,0.00389747245425,2021-02-04,0.04,1.5873015873e-06,0.00389588515266,0.208163813598,0.346636637369,0.600524558448,0.3606297453
2021-02-08,3915.59,0.00739934599661,2021-02-05,0.03,1.19047619048e-06,0.00739815552042,0.221025103994,0.346641795459,0.637618160561,0.406556918677
2021-02-09,3911.23,-0.00111349758274,2021-02-08,0.05,1.98412698413e-06,-0.00111548170972,0.212645167478,0.346587092827,0.613540353576,0.376431765466
2021-02-10,3909.88,-0.000345159962467,2021-02-09,0.04,1.5873015873e-06,-0.000346747264054,0.21067261981,0.346588131574,0.60784718407,0.369478199182
2021-02-11,3916.38,0.00166245511371,2021-02-10,0.05,1.98412698413e-06,0.00166047098673,0.205932731375,0.346543241434,0.594248297913,0.353131039573
2021-02-12,3934.83,0.00471098310174,2021-02-11,0.05,1.98412698413e-06,0.00470899897476,0.212334871586,0.346556152579,0.612699760217,0.375400996169
2021-02-16,3932.59,-0.000569274911495,2021-02-12,0.04,1.5873015873e-06,-0.000570862213083,0.20998356264,0.346557607588,0.605912431417,0.367129874546
2021-02-17,3931.33,-0.000320399533132,2021-02-16,0.04,1.5873015873e-06,-0.000321986834719,0.212644254337,0.346539036687,0.613622800968,0.376532941868
2021-02-18,3913.97,-0.00441580839054,2021-02-17,0.04,1.5873015873e-06,-0.00441739569213,0.203583730556,0.346557210316,0.587446241186,0.345093086284
2021-02-19,3906.71,-0.00185489413562,2021-02-18,0.03,1.19047619048e-06,-0.00185608461181,0.205605887082,0.346536456352,0.593316758782,0.352024776252
2021-02-22,3876.5,-0.00773284937966,2021-02-19,0.04,1.5873015873e-06,-0.00773443668124,0.20845225757,0.346456128597,0.601669996183,0.362006784306
2021-02-23,3881.37,0.00125628788856,2021-02-22,0.03,1.19047619048e-06,0.00125509741237,0.243282854232,0.344735829593,0.705708062081,0.498023868886
2021-02-24,3925.43,0.0113516619132,2021-02-23,0.04,1.5873015873e-06,0.0113500746116,0.284973658877,0.343458180337,0.829718653367,0.688433043744
2021-02-25,3829.34,-0.0244788469034,2021-02-24,0.03,1.19047619048e-06,-0.0244800373796,0.264332854488,0.344378173716,0.76756564342,0.589157016958
2021-02-26,3811.15,-0.00475016582492,2021-02-25,0.04,1.5873015873e-06,-0.00475175312651,0.303805094313,0.341425208968,0.889814478642,0.7917698064
2021-03-01,3901.82,0.0237907193367,2021-02-26,0.04,1.5873015873e-06,0.0237891320351,0.335890093388,0.342037019381,0.982028477491,0.964379930604
2021-03-02,3870.29,-0.00808084432393,2021-03-01,0.05,1.98412698413e-06,-0.00808282845092,0.281818436519,0.339205778279,0.83081850182,0.690259382966
2021-03-03,3819.72,-0.0130662043413,2021-03-02,0.04,1.5873015873e-06,-0.0130677916429,0.296903426331,0.338236507925,0.877798284264,0.770529827856
2021-03-04,3768.47,-0.0134172138272,2021-03-03,0.05,1.98412698413e-06,-0.0134191979542,0.241319334369,0.336030216182,0.718147722281,0.515736151017
2021-03-05,3841.94,0.0194959758204,2021-03-04,0.04,1.5873015873e-06,0.0194943885188,0.294764316475,0.33470591474,0.880666589666,0.775573642154
2021-03-08,3821.35,-0.00535927161798,2021-03-05,0.04,1.5873015873e-06,-0.00536085891957,0.30648197053,0.334270509455,0.91686811089,0.840647132766
2021-03-09,3875.44,0.0141546835542,2021-03-08,0.05,1.98412698413e-06,0.0141526994273,0.39662220786,0.32540788952,1.2188463176,1.48558634593
2021-03-10,3898.81,0.00603028301303,2021-03-09,0.05,1.98412698413e-06,0.00602829888604,0.353267266204,0.321880444094,1.09751080777,1.20452997318
2021-03-11,3939.34,0.0103954796464,2021-03-10,0.04,1.5873015873e-06,0.0103938923448,0.412547029784,0.31801974403,1.29723716068,1.68282425104
2021-03-12,3943.34,0.00101539851853,2021-03-11,0.04,1.5873015873e-06,0.00101381121695,0.508690188143,0.302822562922,1.67982921495,2.82182619141
2021-03-15,3968.94,0.00649195859348,2021-03-12,0.04,1.5873015873e-06,0.00649037129189,0.422322460142,0.288800126704,1.46233474674,2.13842291152
2021-03-16,3962.71,-0.00156968863223,2021-03-15,0.04,1.5873015873e-06,-0.00157127593382,0.540602798156,0.261790605448,2.0650198552,4.26430700237
2021-03-17,3974.12,0.00287934267206,2021-03-16,0.02,7.93650793651e-07,0.00287854902127,0.483536048743,0.255278454999,1.89415142279,3.58780961245
2021-03-18,3915.46,-0.0147605004378,2021-03-17,0.02,7.93650793651e-07,-0.0147612940886,0.520613117644,0.25008016633,2.08178491435,4.33382842963
2021-03-19,3913.1,-0.000602738886363,2021-03-18,0.01,3.96825396825e-07,-0.00060313571176,0.515302881834,0.250080311866,2.06054958101,4.24586457581
2021-03-22,3940.59,0.00702512074826,2021-03-19,0.01,3.96825396825e-07,0.00702472392286,0.565688715593,0.245936523352,2.30014114164,5.29064927145
2021-03-23,3910.52,-0.00763083700664,2021-03-22,0.03,1.19047619048e-06,-0.00763202748283,0.587352530593,0.244094236939,2.40625316664,5.79005430195
2021-03-24,3889.14,-0.00546730358111,2021-03-23,0.01,3.96825396825e-07,-0.00546770040651,0.488057966735,0.226273135334,2.15694172449,4.65239760287
2021-03-25,3909.52,0.00524023305924,2021-03-24,0.02,7.93650793651e-07,0.00523943940844,0.481762783172,0.226092651424,2.13082017544,4.54039462005
2021-03-26,3974.54,0.0166311976918,2021-03-25,0.02,7.93650793651e-07,0.016630404041,0.435979026376,0.218294078778,1.99720958451,3.98884612444
2021-03-29,3971.09,-0.000868024978991,2021-03-26,0.02,7.93650793651e-07,-0.000868818629785,0.468797524054,0.215395304417,2.17645192091,4.73694296404
2021-03-30,3958.55,-0.00315782316694,2021-03-29,0.03,1.19047619048e-06,-0.00315901364313,0.432123664892,0.213094529805,2.02784963691,4.11217414991
2021-03-31,3972.89,0.00362253855578,2021-03-30,0.02,7.93650793651e-07,0.00362174490499,0.451762963661,0.212357528035,2.12736966681,4.52570169927
2021-04-01,4019.87,0.0118251449197,2021-03-31,0.03,1.19047619048e-06,0.0118239544435,0.507733681011,0.207522049697,2.44664931631,5.98609287701
2021-04-05,4077.91,0.0144382778548,2021-04-01,0.02,7.93650793651e-07,0.014437484204,0.49934534988,0.206845770073,2.41409505113,5.82785491588
2021-04-06,4073.94,-0.000973537915256,2021-04-05,0.03,1.19047619048e-06,-0.000974728391446,0.513511317457,0.20615239935,2.49093058861,6.20473519729
2021-04-07,4079.95,0.00147523036667,2021-04-06,0.02,7.93650793651e-07,0.00147443671588,0.444658418306,0.194417582022,2.2871306889,5.23096678813
2021-04-08,4097.17,0.00422063995882,2021-04-07,0.02,7.93650793651e-07,0.00421984630803,0.450487262406,0.194403409917,2.31728066189,5.36978966596
2021-04-09,4128.8,0.00771996280359,2021-04-08,0.01,3.96825396825e-07,0.0077195659782,0.42415595789,0.191781230257,2.21166564278,4.89146491546
2021-04-12,4127.99,-0.000196182910289,2021-04-09,0.02,7.93650793651e-07,-0.000196976561082,0.409480333398,0.191358933286,2.13985480775,4.57897859825
2021-04-13,4141.59,0.00329458162447,2021-04-12,0.02,7.93650793651e-07,0.00329378797368,0.422888636568,0.191002855698,2.21404352841,4.90198874571
2021-04-14,4124.66,-0.00408780202772,2021-04-13,0.03,1.19047619048e-06,-0.00408899250391,0.388237437327,0.18887228019,2.05555540991,4.2253080432
2021-04-15,4170.42,0.0110942477683,2021-04-14,0.02,7.93650793651e-07,0.0110934541175,0.421369284091,0.187621799197,2.24584395787,5.04381508311
2021-04-16,4185.47,0.00360874923869,2021-04-15,0.02,7.93650793651e-07,0.00360795558789,0.419166084497,0.187585863483,2.23452917355,4.99312062742
2021-04-19,4163.26,-0.00530645303873,2021-04-16,0.02,7.93650793651e-07,-0.00530724668952,0.387070801536,0.186008925308,2.08092596037,4.33025285255
2021-04-20,4134.94,-0.00680236161085,2021-04-19,0.02,7.93650793651e-07,-0.00680315526165,0.398153405618,0.18517567776,2.15013877867,4.62309676754
2021-04-21,4173.42,0.00930606006375,2021-04-20,0.03,1.19047619048e-06,0.00930486958756,0.438137883736,0.182479522434,2.40102493635,5.76492074496
2021-04-22,4134.98,-0.00921067134389,2021-04-21,0.03,1.19047619048e-06,-0.00921186182008,0.406000138801,0.181560985969,2.23616398994,5.00042938988
2021-04-23,4180.17,0.0109287106588,2021-04-22,0.03,1.19047619048e-06,0.0109275201826,0.417471839531,0.181786420944,2.29649628043,5.27389516604
2021-04-26,4187.62,0.00178222416792,2021-04-23,0.03,1.19047619048e-06,0.00178103369173,0.405339159812,0.181369456279,2.23488104408,4.99469328117
2021-04-27,4186.72,-0.000214919214255,2021-04-26,0.03,1.19047619048e-06,-0.000216109690446,0.390413738829,0.180900522907,2.15816810563,4.65768957214
2021-04-28,4183.18,-0.000845530630183,2021-04-27,0.01,3.96825396825e-07,-0.00084592745558,0.394814923408,0.18078810252,2.18385456734,4.76922077128
2021-04-29,4211.47,0.00676279768023,2021-04-28,0.01,3.96825396825e-07,0.00676240085484,0.374997814983,0.179113576161,2.09363144336,4.38329262063
2021-04-30,4181.17,-0.00719463750187,2021-04-29,0.01,3.96825396825e-07,-0.00719503432727,0.377019168667,0.17900384159,2.10620713678,4.436108503
2021-05-03,4192.66,0.00274803464102,2021-04-30,0.01,3.96825396825e-07,0.00274763781562,0.40782942139,0.176530329828,2.31025128536,5.33726100152
2021-05-04,4164.66,-0.00667833785711,2021-05-03,0.04,1.5873015873e-06,-0.0066799251587,0.396904440953,0.176705172521,2.24613934776,5.04514196957
2021-05-05,4167.59,0.000703538824298,2021-05-04,0.02,7.93650793651e-07,0.000702745173504,0.388571771325,0.17654831351,2.20093731625,4.84412507005
2021-05-06,4201.62,0.00816539054945,2021-05-05,0.02,7.93650793651e-07,0.00816459689866,0.403720930393,0.17646366956,2.28784163562,5.23421934967
2021-05-07,4232.6,0.00737334647112,2021-05-06,0.02,7.93650793651e-07,0.00737255282033,0.399593621502,0.176279259078,2.26682153982,5.13847989337
2021-05-10,4188.43,-0.0104356660209,2021-05-07,0.02,7.93650793651e-07,-0.0104364596717,0.372290025898,0.176017334004,2.11507592707,4.47354617726
2021-05-11,4152.1,-0.00867389451417,2021-05-10,0.02,7.93650793651e-07,-0.00867468816497,0.36344261312,0.176305456714,2.06143712109,4.2495230042
2021-05-12,4063.04,-0.0214493870572,2021-05-11,0.01,3.96825396825e-07,-0.0214497838825,0.362541422532,0.176421139099,2.05497722316,4.22293138772
2021-05-13,4112.5,0.0121731511381,2021-05-12,0.02,7.93650793651e-07,0.0121723574873,0.392181623237,0.17572056265,2.23184821015,4.98114643313
2021-05-14,4173.85,0.0149179331307,2021-05-13,0.02,7.93650793651e-07,0.0149171394799,0.395579098752,0.175946366759,2.24829364788,5.05482432712
2021-05-17,4163.29,-0.00253003821412,2021-05-14,0.01,3.96825396825e-07,-0.00253043503952,0.389127045249,0.175978129754,2.21122389353,4.8895111073
2021-05-18,4127.83,-0.00851730242188,2021-05-17,0.02,7.93650793651e-07,-0.00851809607268,0.349112506346,0.173674505149,2.0101540295,4.0407192223
2021-05-19,4115.68,-0.00294343517054,2021-05-18,0.02,7.93650793651e-07,-0.00294422882133,0.356657845055,0.173320269149,2.05779651051,4.23452647867
2021-05-20,4159.12,0.0105547564436,2021-05-19,0.01,3.96825396825e-07,0.0105543596183,0.350566320276,0.172889037095,2.02769548704,4.11154898816
2021-05-21,4155.86,-0.000783819654158,2021-05-20,0.01,3.96825396825e-07,-0.000784216479554,0.357560429527,0.172658043401,2.07091672351,4.2886960757
2021-05-24,4197.05,0.00991130596315,2021-05-21,0.01,3.96825396825e-07,0.00991090913775,0.365122369363,0.17286425996,2.11219120394,4.461351682
2021-05-25,4188.13,-0.00212530229566,2021-05-24,0.02,7.93650793651e-07,-0.00212609594645,0.350711874618,0.172557723149,2.03243221003,4.13078068836
2021-05-26,4195.99,0.00187673257516,2021-05-25,0.02,7.93650793651e-07,0.00187593892437,0.337766026087,0.172030773778,1.96340467853,3.85495793166
2021-05-27,4200.88,0.00116539839227,2021-05-26,0.02,7.93650793651e-07,0.00116460474148,0.341044529839,0.171995974735,1.98286343831,3.93174741498
2021-05-28,4204.11,0.000768886519015,2021-05-27,0.02,7.93650793651e-07,0.000768092868221,0.33700626508,0.171961937126,1.95977243983,3.84070801593
2021-06-01,4202.04,-0.000492375318438,2021-05-28,0.01,3.96825396825e-07,-0.000492772143835,0.332767787943,0.171954571935,1.93520756208,3.74502830833
2021-06-02,4208.12,0.00144691625972,2021-06-01,0.02,7.93650793651e-07,0.00144612260893,0.326008662143,0.171815562177,1.89743384134,3.60025518226
2021-06-03,4192.85,-0.00362869880136,2021-06-02,0.02,7.93650793651e-07,-0.00362949245216,0.308736158484,0.171436797579,1.80087450794,3.24314899337
2021-06-04,4229.89,0.00883408659981,2021-06-03,0.02,7.93650793651e-07,0.00883329294901,0.320944496743,0.171542539419,1.87093241029,3.50038808388
2021-06-07,4226.52,-0.000796711025582,2021-06-04,0.02,7.93650793651e-07,-0.000797504676376,0.293941239465,0.169717487411,1.73194432671,2.99963115084
2021-06-08,4227.26,0.000175084939856,2021-06-07,0.02,7.93650793651e-07,0.000174291289062,0.282079891742,0.169368788412,1.66547741403,2.77381501664
2021-06-09,4219.55,-0.00182387645898,2021-06-08,0.02,7.93650793651e-07,-0.00182467010978,0.288061150312,0.169158051104,1.70291126217,2.89990676683
2021-06-10,4239.18,0.00465215485064,2021-06-09,0.03,1.19047619048e-06,0.00465096437445,0.298032733148,0.169069519087,1.76278216652,3.10740096661
2021-06-11,4247.44,0.00194849003817,2021-06-10,0.03,1.19047619048e-06,0.00194729956198,0.358930900317,0.157924998388,2.27279343981,5.16559002003
2021-06-14,4255.15,0.00181521104477,2021-06-11,0.03,1.19047619048e-06,0.00181402056858,0.347690809517,0.157493097993,2.2076574399,4.87375137193
2021-06-15,4246.59,-0.00201167996428,2021-06-14,0.03,1.19047619048e-06,-0.00201287044047,0.337372080715,0.157375383459,2.14374111948,4.59562598736
2021-06-16,4223.7,-0.00539020720154,2021-06-15,0.03,1.19047619048e-06,-0.00539139767773,0.313025395312,0.156519730751,1.99991013151,3.99964053413
2021-06-17,4221.86,-0.000435637000734,2021-06-16,0.04,1.5873015873e-06,-0.000437224302321,0.316195216586,0.156453349033,2.02101916348,4.08451845914
2021-06-18,4166.45,-0.0131245470006,2021-06-17,0.04,1.5873015873e-06,-0.0131261343022,0.3024816398,0.157111847725,1.92526307965,3.70663792588
2021-06-21,4224.79,0.0140023281211,2021-06-18,0.05,1.98412698413e-06,0.0140003439941,0.322137796623,0.157479886229,2.04558057753,4.18439989918
2021-06-22,4246.44,0.00512451506465,2021-06-21,0.05,1.98412698413e-06,0.00512253093767,0.320771222254,0.15744028901,2.03741510049,4.15106029172
2021-06-23,4241.84,-0.00108326033101,2021-06-22,0.04,1.5873015873e-06,-0.00108484763259,0.315385282185,0.157428361902,2.00335745335,4.01344108588
2021-06-24,4266.49,0.00581115742225,2021-06-23,0.05,1.98412698413e-06,0.00580917329527,0.347055963423,0.155121505922,2.23731687854,5.00558681498
2021-06-25,4280.7,0.00333060665793,2021-06-24,0.05,1.98412698413e-06,0.00332862253095,0.339431068376,0.154835847164,2.1921995106,4.80573869428
2021-06-28,4290.61,0.00231504193239,2021-06-25,0.06,2.38095238095e-06,0.00231266098001,0.365976996351,0.152694111483,2.3967983624,5.74464238999
2021-06-29,4291.8,0.000277349840699,2021-06-28,0.05,1.98412698413e-06,0.000275365713715,0.351572219477,0.152119403179,2.31115960312,5.34145871108
2021-06-30,4297.5,0.00132811407801,2021-06-29,0.04,1.5873015873e-06,0.00132652677642,0.337494442119,0.151467530681,2.22816362425,4.96471313641
2021-07-01,4319.94,0.00522164048866,2021-06-30,0.05,1.98412698413e-06,0.00521965636167,0.337698336852,0.151472529042,2.22943618218,4.97038569039
2021-07-02,4352.34,0.00750010416811,2021-07-01,0.05,1.98412698413e-06,0.00749812004113,0.340660730106,0.151564125031,2.24763432664,5.05186006627
2021-07-06,4343.54,-0.00202190086252,2021-07-02,0.05,1.98412698413e-06,-0.00202388498951,0.322760662275,0.150897236341,2.13894349625,4.57507928017
2021-07-07,4358.13,0.00335901131335,2021-07-06,0.05,1.98412698413e-06,0.00335702718637,0.336942204483,0.150420922769,2.23999559556,5.01758026815
2021-07-08,4320.82,-0.00856101125942,2021-07-07,0.05,1.98412698413e-06,-0.0085629953864,0.320557659029,0.150603931832,2.12848134261,4.53043282585
2021-07-09,4369.55,0.0112779518702,2021-07-08,0.06,2.38095238095e-06,0.0112755709179,0.337482822271,0.150774033168,2.23833517736,5.0101443662
2021-07-12,4384.63,0.00345115629756,2021-07-09,0.06,2.38095238095e-06,0.00344877534518,0.330470551813,0.150510783768,2.19566029449,4.82092412879
2021-07-13,4369.21,-0.0035168303825,2021-07-12,0.05,1.98412698413e-06,-0.00351881450948,0.336319415813,0.150207676417,2.23902948129,5.0132530181
2021-07-14,4374.3,0.00116497032644,2021-07-13,0.05,1.98412698413e-06,0.00116298619946,0.324081602386,0.149718192241,2.16461070986,4.68553952525
2021-07-15,4360.03,-0.00326223624351,2021-07-14,0.06,2.38095238095e-06,-0.00326461719589,0.311740898991,0.149581906181,2.08408160419,4.34339613291
2021-07-16,4327.16,-0.00753893895225,2021-07-15,0.05,1.98412698413e-06,-0.00754092307924,0.307612429452,0.149767757501,2.05392959462,4.21862677967
2021-07-19,4258.49,-0.015869531055,2021-07-16,0.05,1.98412698413e-06,-0.015871515182,0.288896639761,0.150730435992,1.91664435826,3.67352559603
2021-07-20,4323.06,0.0151626515502,2021-07-19,0.05,1.98412698413e-06,0.0151606674232,0.295654766879,0.151207668805,1.95528949831,3.82315702222
2021-07-21,4358.69,0.00824184721008,2021-07-20,0.05,1.98412698413e-06,0.00823986308309,0.302220739293,0.151371925867,1.99654419115,3.98618870723
2021-07-22,4367.48,0.00201666096924,2021-07-21,0.05,1.98412698413e-06,0.00201467684225,0.298493483716,0.151305420224,1.97278777769,3.89189161582
2021-07-23,4411.79,0.0101454385595,2021-07-22,0.05,1.98412698413e-06,0.0101434544326,0.320961923986,0.150959350762,2.12614801511,4.52050538217
2021-07-26,4422.3,0.00238225300842,2021-07-23,0.05,1.98412698413e-06,0.00238026888143,0.329537345605,0.15077694625,2.18559503824,4.77682567118
2021-07-27,4401.46,-0.00471247993126,2021-07-26,0.05,1.98412698413e-06,-0.00471446405824,0.317432117211,0.150772508182,2.10537133752,4.43258846884
2021-07-28,4400.64,-0.000186301818033,2021-07-27,0.05,1.98412698413e-06,-0.000188285945017,0.323721597366,0.150579612322,2.1498368363,4.62179842271
2021-07-29,4419.15,0.00420620636998,2021-07-28,0.05,1.98412698413e-06,0.004204222243,0.315501803236,0.15019282424,2.10064498642,4.41270935897
2021-07-30,4395.26,-0.00540601699422,2021-07-29,0.06,2.38095238095e-06,-0.0054083979466,0.31384803123,0.15025733123,2.08873689331,4.36282180947
2021-08-02,4387.16,-0.00184289439078,2021-07-30,0.06,2.38095238095e-06,-0.00184527534316,0.304335867519,0.150150206376,2.02687611868,4.10822680049
2021-08-03,4423.15,0.00820348471448,2021-08-02,0.05,1.98412698413e-06,0.0082015005875,0.305359912853,0.150194501462,2.03309648409,4.13348131363
2021-08-04,4402.66,-0.00463244520308,2021-08-03,0.05,1.98412698413e-06,-0.00463442933006,0.297117491636,0.150288611001,1.97697942417,3.90844764358
2021-08-05,4429.1,0.00600546033534,2021-08-04,0.05,1.98412698413e-06,0.00600347620836,0.296694799155,0.150274334149,1.97435444206,3.8980754629
2021-08-06,4436.52,0.00167528391773,2021-08-05,0.05,1.98412698413e-06,0.00167329979074,0.291944339321,0.150182830559,1.94392620139,3.77884907644
2021-08-09,4432.35,-0.000939925887858,2021-08-06,0.06,2.38095238095e-06,-0.000942306840239,0.290373006193,0.150196619395,1.93328589793,3.73759436315
2021-08-10,4436.75,0.000992701388654,2021-08-09,0.06,2.38095238095e-06,0.000990320436273,0.288625059081,0.150188244244,1.92175533135,3.69314355356
2021-08-11,4447.7,0.00246802276441,2021-08-10,0.05,1.98412698413e-06,0.00246603863743,0.299064586164,0.149914554911,1.99490027064,3.9796270898
2021-08-12,4460.83,0.00295208759584,2021-08-11,0.05,1.98412698413e-06,0.00295010346885,0.288022552338,0.149373121277,1.92820870231,3.71798879967
2021-08-13,4468,0.00160732419751,2021-08-12,0.06,2.38095238095e-06,0.00160494324513,0.291678985961,0.149339402453,1.95312811736,3.81470944281
2021-08-16,4479.71,0.00262085944494,2021-08-13,0.06,2.38095238095e-06,0.00261847849256,0.294473364539,0.149340509498,1.97182509642,3.88809421086
2021-08-17,4448.08,-0.007060724913,2021-08-16,0.06,2.38095238095e-06,-0.00706310586538,0.284704352489,0.149558891298,1.90362705967,3.62379598231
2021-08-18,4400.27,-0.0107484577616,2021-08-17,0.07,2.77777777778e-06,-0.0107512355393,0.271653707607,0.150025065843,1.81072213553,3.27871465211
2021-08-19,4405.8,0.00125674106362,2021-08-18,0.07,2.77777777778e-06,0.00125396328584,0.277315657947,0.149924047377,1.84970765397,3.42141840514
2021-08-20,4441.67,0.00814154069635,2021-08-19,0.06,2.38095238095e-06,0.00813915974397,0.282300523867,0.150075372728,1.88105828914,3.53838028715
2021-08-23,4479.53,0.00852382099526,2021-08-20,0.05,1.98412698413e-06,0.00852183686827,0.287385589915,0.150240183315,1.9128410494,3.65896088026
2021-08-24,4486.23,0.00149569262847,2021-08-23,0.05,1.98412698413e-06,0.00149370850148,0.278839583123,0.149974686846,1.85924430974,3.4567894033
2021-08-25,4496.19,0.00222012692171,2021-08-24,0.05,1.98412698413e-06,0.00221814279473,0.277466162253,0.149958084594,1.85029145313,3.42357846152
2021-08-26,4470,-0.00582493177557,2021-08-25,0.06,2.38095238095e-06,-0.00582731272795,0.261447548416,0.149838587383,1.7448612736,3.0445408641
2021-08-27,4509.37,0.00880760626398,2021-08-26,0.05,1.98412698413e-06,0.008805622137,0.268584511281,0.150038575884,1.79010304316,3.20446890511
2021-08-30,4528.79,0.00430658828173,2021-08-27,0.05,1.98412698413e-06,0.00430460415475,0.266160903855,0.149966219379,1.7748057193,3.14993534128
2021-08-31,4522.68,-0.00134914623994,2021-08-30,0.05,1.98412698413e-06,-0.00135113036693,0.267008718382,0.149950180004,1.78064953556,3.17071276851
2021-09-01,4524.09,0.000311762052588,2021-08-31,0.04,1.5873015873e-06,0.000310174751001,0.259798210431,0.149811469717,1.73416769037,3.00733757833
2021-09-02,4536.95,0.00284256060335,2021-09-01,0.05,1.98412698413e-06,0.00284057647636,0.247277691695,0.149130475281,1.65812984388,2.74939457916
2021-09-03,4535.43,-0.000335026835209,2021-09-02,0.05,1.98412698413e-06,-0.000337010962193,0.282071279034,0.144664205308,1.94983464246,3.80185513294
2021-09-07,4520.03,-0.00339548841014,2021-09-03,0.05,1.98412698413e-06,-0.00339747253712,0.286811170713,0.144437316446,1.98571378761,3.94305924631
2021-09-08,4514.07,-0.00131857531919,2021-09-07,0.05,1.98412698413e-06,-0.00132055944617,0.313251355178,0.141517023403,2.21352419408,4.89968935778
2021-09-09,4493.28,-0.00460559982455,2021-09-08,0.05,1.98412698413e-06,-0.00460758395153,0.288503904985,0.14035804231,2.05548538749,4.22502017818
2021-09-10,4458.58,-0.00772264359221,2021-09-09,0.04,1.5873015873e-06,-0.0077242308938,0.298369226638,0.139379677815,2.14069390398,4.58257039054
2021-09-13,4468.73,0.00227650956134,2021-09-10,0.05,1.98412698413e-06,0.00227452543436,0.30011545057,0.139382377693,2.15318073588,4.63618728134
2021-09-14,4443.05,-0.00574659914562,2021-09-13,0.06,2.38095238095e-06,-0.005748980098,0.281629027034,0.139070264695,2.02508442515,4.10096692897
2021-09-15,4480.7,0.00847390868885,2021-09-14,0.04,1.5873015873e-06,0.00847232138726,0.284886327887,0.139204599588,2.04652955958,4.18828323825
2021-09-16,4473.75,-0.00155109692682,2021-09-15,0.04,1.5873015873e-06,-0.00155268422841,0.287956966753,0.139111108419,2.06997823557,4.28480989573
2021-09-17,4432.99,-0.00911092483934,2021-09-16,0.04,1.5873015873e-06,-0.00911251214093,0.287261588138,0.139161037285,2.06423862413,4.26108109733
2021-09-20,4357.73,-0.0169772546295,2021-09-17,0.04,1.5873015873e-06,-0.0169788419311,0.281468887839,0.139795486851,2.01343329588,4.05391363697
2021-09-21,4354.19,-0.000812349548962,2021-09-20,0.04,1.5873015873e-06,-0.00081393685055,0.292230043549,0.13922778634,2.09893478329,4.4055272245
2021-09-22,4395.64,0.00951956621094,2021-09-21,0.03,1.19047619048e-06,0.00951837573475,0.291234445165,0.139163993657,2.09274279584,4.37957240952
2021-09-23,4448.98,0.0121347517085,2021-09-22,0.03,1.19047619048e-06,0.0121335612323,0.327093386053,0.137335417141,2.38171181813,5.6725511846
2021-09-24,4455.48,0.00146100904027,2021-09-23,0.03,1.19047619048e-06,0.00145981856408,0.325570161914,0.137325072613,2.37079912443,5.6206884884
2021-09-27,4443.11,-0.00277635630729,2021-09-24,0.03,1.19047619048e-06,-0.00277754678348,0.306819820072,0.136590528259,2.24627449636,5.045749113
2021-09-28,4352.63,-0.0203641143253,2021-09-27,0.04,1.5873015873e-06,-0.0203657016269,0.27034753814,0.137465532079,1.96665690702,3.86773938994
2021-09-29,4359.46,0.00156916622823,2021-09-28,0.04,1.5873015873e-06,0.00156757892665,0.276732108952,0.137339189423,2.01495370778,4.0600384445
2021-09-30,4307.54,-0.0119097319393,2021-09-29,0.04,1.5873015873e-06,-0.0119113192409,0.256570651767,0.137764273302,1.86238888804,3.46849237029
2021-10-01,4357.04,0.0114914777344,2021-09-30,0.04,1.5873015873e-06,0.0114898904328,0.262771617204,0.138096329383,1.90281391531,3.62070079629
2021-10-04,4300.46,-0.0129858803224,2021-10-01,0.04,1.5873015873e-06,-0.012987467624,0.259359420014,0.138401718944,1.87396097385,3.51172973153
2021-10-05,4345.72,0.0105244555234,2021-10-04,0.04,1.5873015873e-06,0.0105228682218,0.251910324789,0.137684581084,1.82961899442,3.34750566473
2021-10-06,4363.55,0.00410288743868,2021-10-05,0.04,1.5873015873e-06,0.00410130013709,0.270003617694,0.136893406119,1.97236393884,3.89021950726
2021-10-07,4399.76,0.00829828923697,2021-10-06,0.04,1.5873015873e-06,0.00829670193539,0.260898494879,0.136103177766,1.91691699754,3.67457077545
2021-10-08,4391.34,-0.0019137407495,2021-10-07,0.05,1.98412698413e-06,-0.00191572487648,0.250979602606,0.135954614497,1.84605431404,3.40791653038
2021-10-11,4361.19,-0.00686578584213,2021-10-08,0.05,1.98412698413e-06,-0.00686776996912,0.23532471813,0.135955143424,1.73089970856,2.9960138011
2021-10-12,4350.65,-0.00241677156923,2021-10-08,0.05,1.98412698413e-06,-0.00241875569621,0.216491217554,0.135103673142,1.60240808055,2.56771165661
2021-10-13,4363.8,0.00302253686231,2021-10-12,0.06,2.38095238095e-06,0.00302015590993,0.225822249607,0.134928717963,1.67364111226,2.80107457265
2021-10-14,4438.26,0.0170631101334,2021-10-13,0.05,1.98412698413e-06,0.0170611260064,0.249510879537,0.135680033035,1.83896535073,3.38179356118
2021-10-15,4471.37,0.00746013077197,2021-10-14,0.05,1.98412698413e-06,0.00745814664498,0.258501590945,0.135810066058,1.9034052368,3.62295149549
2021-10-18,4486.46,0.00337480459009,2021-10-15,0.05,1.98412698413e-06,0.00337282046311,0.261743848516,0.135827322614,1.92703385062,3.71345946144
2021-10-19,4519.63,0.00739335690054,2021-10-18,0.06,2.38095238095e-06,0.00739097594816,0.285469012353,0.13484953333,2.11694475542,4.48145509749
2021-10-20,4536.19,0.00366401674473,2021-10-19,0.05,1.98412698413e-06,0.00366203261775,0.284408133078,0.134825284905,2.10945694109,4.44980858633
2021-10-21,4549.78,0.00299590625613,2021-10-20,0.05,1.98412698413e-06,0.00299392212915,0.289601706447,0.134796640476,2.14843415551,4.61576932058
2021-10-22,4544.9,-0.00107257933351,2021-10-21,0.06,2.38095238095e-06,-0.00107496028589,0.283311769032,0.134752847698,2.10245478201,4.42031611041
2021-10-25,4566.48,0.00474817927787,2021-10-22,0.06,2.38095238095e-06,0.00474579832549,0.284615349164,0.134781645581,2.11167735738,4.45918126166
2021-10-26,4574.79,0.00181978241446,2021-10-25,0.06,2.38095238095e-06,0.00181740146208,0.305026257143,0.133320816684,2.28791170599,5.23453997439
2021-10-27,4551.68,-0.00505159799685,2021-10-26,0.06,2.38095238095e-06,-0.00505397894923,0.303002250673,0.133400846378,2.27136677839,5.15910704199
2021-10-28,4596.42,0.00982933773903,2021-10-27,0.06,2.38095238095e-06,0.00982695678665,0.348121082564,0.128551022662,2.7080382198,7.33347099992
2021-10-29,4605.38,0.00194934318448,2021-10-28,0.06,2.38095238095e-06,0.0019469622321,0.338124705933,0.128114204134,2.63924447892,6.96561141952
2021-11-01,4613.67,0.0018000686154,2021-10-29,0.05,1.98412698413e-06,0.00179808448842,0.35205586812,0.127398714077,2.76341775245,7.63647767457
2021-11-02,4630.65,0.00368036725644,2021-11-01,0.05,1.98412698413e-06,0.00367838312945,0.343419629184,0.126947460795,2.70521069924,7.31816492727
2021-11-03,4660.57,0.00646129593038,2021-11-02,0.05,1.98412698413e-06,0.00645931180339,0.332083198771,0.125976401915,2.63607464354,6.94888952629
2021-11-04,4680.06,0.00418189191451,2021-11-03,0.05,1.98412698413e-06,0.00417990778752,0.314220036381,0.124280635326,2.52831050916,6.39235403075
2021-11-05,4697.53,0.00373285812575,2021-11-04,0.04,1.5873015873e-06,0.00373127082416,0.298495084488,0.122954923268,2.42767899449,5.89362530027
2021-11-08,4701.7,0.000887700557527,2021-11-05,0.05,1.98412698413e-06,0.000885716430543,0.299672481574,0.122946392154,2.43742395627,5.94103554258
2021-11-09,4685.25,-0.00349873450029,2021-11-08,0.06,2.38095238095e-06,-0.00350111545267,0.284475462031,0.122581012766,2.32071391491,5.38571307486
2021-11-10,4646.71,-0.00822581505789,2021-11-09,0.04,1.5873015873e-06,-0.00822740235948,0.277652227595,0.12291210376,2.25894943705,5.10285255914
2021-11-11,4649.27,0.000550927430376,2021-11-10,0.05,1.98412698413e-06,0.000548943303392,0.270553250718,0.122737290018,2.20432804634,4.85906213586
2021-11-12,4682.85,0.00722263925304,2021-11-10,0.05,1.98412698413e-06,0.00722065512606,0.287756433491,0.122386762408,2.35120553751,5.5281674796
2021-11-15,4682.8,-1.06772585071e-05,2021-11-12,0.05,1.98412698413e-06,-1.26613854912e-05,0.274137374542,0.121750093108,2.25163995808,5.06988250083
2021-11-16,4700.9,0.00386520884941,2021-11-15,0.05,1.98412698413e-06,0.00386322472242,0.266356122494,0.121320470194,2.1954755209,4.82011276287
2021-11-17,4688.67,-0.00260162947521,2021-11-16,0.05,1.98412698413e-06,-0.00260361360219,0.268548038213,0.12123415897,2.21511858122,4.90675032888
2021-11-18,4704.54,0.00338475516511,2021-11-17,0.05,1.98412698413e-06,0.00338277103813,0.28349821309,0.120590352178,2.35091952191,5.52682259849
2021-11-19,4697.96,-0.00139864896462,2021-11-18,0.05,1.98412698413e-06,-0.0014006330916,0.278154730814,0.120583339672,2.30674263601,5.32106158879
2021-11-22,4682.94,-0.00319713237235,2021-11-19,0.05,1.98412698413e-06,-0.00319911649933,0.281750933419,0.120400364027,2.34011695643,5.47614736976
2021-11-23,4690.7,0.0016570786728,2021-11-22,0.05,1.98412698413e-06,0.00165509454582,0.277772888788,0.120316246621,2.30868977872,5.33004849435
2021-11-24,4701.46,0.00229390069712,2021-11-23,0.06,2.38095238095e-06,0.00229151974474,0.263905865332,0.1193692648,2.21083597838,4.88779572328
2021-11-26,4594.62,-0.0227248556831,2021-11-24,0.06,2.38095238095e-06,-0.0227272366355,0.242766615638,0.121687027735,1.99500817924,3.98005763523
2021-11-29,4655.27,0.0132002211282,2021-11-26,0.06,2.38095238095e-06,0.0131978401758,0.253571101919,0.12229268401,2.07347728094,4.29930803456
2021-11-30,4567,-0.0189613062185,2021-11-29,0.06,2.38095238095e-06,-0.0189636871709,0.23920647589,0.123788205592,1.93238503414,3.73411192018
2021-12-01,4513.04,-0.0118151959711,2021-11-30,0.05,1.98412698413e-06,-0.0118171800981,0.21612130244,0.124008455371,1.74279489083,3.0373340315
2021-12-02,4577.1,0.0141944232712,2021-12-01,0.06,2.38095238095e-06,0.0141920423189,0.228525765455,0.124720251035,1.83230681112,3.35734825007
2021-12-03,4538.43,-0.00844858097922,2021-12-02,0.05,1.98412698413e-06,-0.00845056510621,0.220702918346,0.125061769322,1.76475128684,3.11434710442
2021-12-06,4591.67,0.0117309289776,2021-12-03,0.06,2.38095238095e-06,0.0117285480253,0.223598405865,0.125280022838,1.78478899349,3.18547175129
2021-12-07,4686.75,0.0207070630076,2021-12-06,0.05,1.98412698413e-06,0.0207050788806,0.246242651667,0.126804353916,1.94191006903,3.7710147162
2021-12-08,4701.21,0.00308529364698,2021-12-07,0.06,2.38095238095e-06,0.0030829126946,0.24654160151,0.126808972743,1.94419681965,3.77990127354
2021-12-09,4667.45,-0.00718112996441,2021-12-08,0.07,2.77777777778e-06,-0.00718390774219,0.247310485265,0.126756986703,1.95105999044,3.80663508631
2021-12-10,4712.02,0.00954911139916,2021-12-09,0.06,2.38095238095e-06,0.00954673044678,0.258145506384,0.127025061852,2.03224074541,4.13000244731
2021-12-13,4668.97,-0.00913620909928,2021-12-10,0.06,2.38095238095e-06,-0.00913859005166,0.250275050996,0.127410893843,1.96431438041,3.85853098507
2021-12-14,4634.09,-0.00747059844034,2021-12-13,0.05,1.98412698413e-06,-0.00747258256733,0.247164909955,0.127580040936,1.93733211043,3.75325570609
2021-12-15,4709.85,0.0163484092886,2021-12-14,0.05,1.98412698413e-06,0.0163464251616,0.25059369223,0.127947528411,1.95856610395,3.83598118353
2021-12-16,4668.67,-0.00874337823922,2021-12-15,0.05,1.98412698413e-06,-0.00874536236621,0.24007865638,0.128315090519,1.87100874424,3.50067372103
2021-12-17,4620.64,-0.0102877264831,2021-12-16,0.05,1.98412698413e-06,-0.0102897106101,0.224034878398,0.128714672324,1.74055431563,3.02952932564
2021-12-20,4568.02,-0.0113880328266,2021-12-17,0.05,1.98412698413e-06,-0.0113900169536,0.216159136174,0.129225141103,1.67273283147,2.79803512549
2021-12-21,4649.23,0.0177779431789,2021-12-20,0.07,2.77777777778e-06,0.0177751654011,0.23784375777,0.130237591716,1.82622969786,3.33511490936
2021-12-22,4696.56,0.010180180374,2021-12-21,0.07,2.77777777778e-06,0.0101774025962,0.250097848398,0.130528537751,1.91603960871,3.67120778214
2021-12-23,4725.79,0.00622370415794,2021-12-22,0.08,3.1746031746e-06,0.00622052955476,0.255576138129,0.130632972605,1.95644432666,3.82767440334
2021-12-27,4791.19,0.0138389560264,2021-12-23,0.07,2.77777777778e-06,0.0138361782486,0.265879312025,0.131237399818,2.02594163244,4.10443949805
2021-12-28,4786.35,-0.00101018744821,2021-12-27,0.06,2.38095238095e-06,-0.00101256840059,0.256147799079,0.131027370017,1.95491826667,3.82170542935
2021-12-29,4793.06,0.00140190332926,2021-12-28,0.06,2.38095238095e-06,0.00139952237688,0.259779048825,0.130987369108,1.98323739604,3.93323056907
2021-12-30,4778.73,-0.00298973933145,2021-12-29,0.05,1.98412698413e-06,-0.00299172345843,0.255449746441,0.131048710833,1.94927324974,3.79966620217
2021-12-31,4766.18,-0.00262622077414,2021-12-30,0.05,1.98412698413e-06,-0.00262820490112,0.246385878402,0.130985579977,1.88101528768,3.5382185125
2022-01-03,4796.56,0.00637407735335,2021-12-31,0.06,2.38095238095e-06,0.00637169640097,0.267515929822,0.130138796595,2.05562012883,4.22557411406
2022-01-04,4793.54,-0.000629617892823,2022-01-03,0.08,3.1746031746e-06,-0.000632792495998,0.259804169201,0.130009123215,1.99835336763,3.99341618194
2022-01-05,4700.58,-0.0193927660977,2022-01-04,0.08,3.1746031746e-06,-0.0193959407009,0.234701899369,0.131517157794,1.78457247181,3.18469890713
2022-01-06,4696.05,-0.000963710861213,2022-01-05,0.09,3.57142857143e-06,-0.000967282289784,0.218890824215,0.130786093484,1.67365519058,2.80112169694
2022-01-07,4677.03,-0.00405021241256,2022-01-06,0.1,3.96825396825e-06,-0.00405418066653,0.209348323995,0.130795661563,1.60057544335,2.56184174986
2022-01-10,4670.29,-0.00144108547518,2022-01-07,0.1,3.96825396825e-06,-0.00144505372915,0.21446124161,0.130605515865,1.64205347829,2.69633962557
2022-01-11,4713.07,0.00916003074756,2022-01-10,0.13,5.15873015873e-06,0.0091548720174,0.223203456079,0.130868594483,1.70555400981,2.90891448038
2022-01-12,4726.35,0.00281769632108,2022-01-11,0.11,4.36507936508e-06,0.00281333124172,0.223744755583,0.130875489754,1.70960013982,2.92273263808
2022-01-13,4659.03,-0.0142435494621,2022-01-12,0.12,4.7619047619e-06,-0.0142483113668,0.213253454109,0.131667148215,1.61964056334,2.62323555443
2022-01-14,4662.85,0.000819913157889,2022-01-13,0.12,4.7619047619e-06,0.000815151253127,0.221262194549,0.131419614895,1.68363143299,2.83461480214
2022-01-18,4577.11,-0.0183878958148,2022-01-14,0.13,5.15873015873e-06,-0.018393054545,0.194736308593,0.132620394839,1.46837376581,2.15612151613
2022-01-19,4532.76,-0.00968952024312,2022-01-18,0.16,6.34920634921e-06,-0.00969586944947,0.171108434315,0.132370605164,1.29264676325,1.67093565453
2022-01-20,4482.73,-0.0110374253214,2022-01-19,0.17,6.74603174603e-06,-0.0110441713532,0.159750706643,0.132887903719,1.20214633667,1.44515581476
2022-01-21,4397.94,-0.0189148130715,2022-01-20,0.17,6.74603174603e-06,-0.0189215591032,0.143843305332,0.134270571982,1.07129435146,1.14767158748
2022-01-24,4410.13,0.00277175222945,2022-01-21,0.17,6.74603174603e-06,0.00276500619771,0.142995682808,0.134254017889,1.06511287376,1.13446543385
2022-01-25,4356.45,-0.0121719767898,2022-01-24,0.19,7.53968253968e-06,-0.0121795164723,0.132308574085,0.134842207628,0.981210382217,0.96277381417
2022-01-26,4349.93,-0.00149663143156,2022-01-25,0.19,7.53968253968e-06,-0.0015041711141,0.156485039862,0.13226782029,1.18309230106,1.39970739282
2022-01-27,4326.51,-0.00538399468497,2022-01-26,0.19,7.53968253968e-06,-0.00539153436751,0.141336017621,0.132084279525,1.07004420306,1.14499459649
2022-01-28,4431.85,0.0243475688257,2022-01-27,0.2,7.93650793651e-06,0.0243396323177,0.184989930655,0.132702947786,1.39401523283,1.94327846937
2022-01-31,4515.55,0.0188860182542,2022-01-28,0.19,7.53968253968e-06,0.0188784785717,0.187819054158,0.133061149398,1.4115243631,1.99240102763
2022-02-01,4546.54,0.00686295135698,2022-01-31,0.22,8.73015873016e-06,0.00685422119825,0.180777816315,0.13254805148,1.36386626809,1.86013119723
2022-02-02,4589.38,0.00942254989509,2022-02-01,0.19,7.53968253968e-06,0.00941501021255,0.189186799478,0.132833230604,1.42424300468,2.02846813639
2022-02-03,4477.44,-0.0243910942219,2022-02-02,0.19,7.53968253968e-06,-0.0243986339044,0.153936448714,0.13480364201,1.14193093315,1.3040062561
2022-02-04,4500.53,0.00515696469411,2022-02-03,0.2,7.93650793651e-06,0.00514902818617,0.155189591747,0.134840331529,1.15091375101,1.32460246226
2022-02-07,4483.87,-0.00370178623407,2022-02-04,0.23,9.12698412698e-06,-0.00371091321819,0.144080523008,0.1347367302,1.06934851984,1.14350625689
2022-02-08,4521.54,0.0084012248348,2022-02-07,0.27,1.07142857143e-05,0.00839051054908,0.153586515267,0.134952878996,1.13807512971,1.29521500086
2022-02-09,4587.18,0.0145171777757,2022-02-08,0.25,9.92063492063e-06,0.0145072571408,0.168440519672,0.135663614497,1.24160424515,1.54158110158
2022-02-10,4504.08,-0.0181157050737,2022-02-09,0.26,1.03174603175e-05,-0.018126022534,0.148654026151,0.136954007283,1.08543027766,1.17815888765
2022-02-11,4418.64,-0.0189694676826,2022-02-10,0.4,1.5873015873e-05,-0.0189853406985,0.124959686478,0.138279831336,0.90367254046,0.816624060381
2022-02-14,4401.67,-0.00384054822298,2022-02-11,0.36,1.42857142857e-05,-0.00385483393727,0.121675714754,0.138343862271,0.879516537682,0.773549340056
2022-02-15,4471.07,0.0157667430771,2022-02-14,0.43,1.70634920635e-05,0.015749679585,0.137747381174,0.139182613138,0.989688137534,0.979482609575
2022-02-16,4475.01,0.000881220826335,2022-02-15,0.4,1.5873015873e-05,0.000865347810462,0.143030124676,0.139093679371,1.02830067709,1.05740228251
2022-02-17,4380.26,-0.0211731370433,2022-02-16,0.38,1.50793650794e-05,-0.0211882164083,0.12369799288,0.140763306016,0.878765897026,0.772229501775
2022-02-18,4348.87,-0.00716624127335,2022-02-17,0.36,1.42857142857e-05,-0.00718052698763,0.124251902573,0.140731198347,0.882902327503,0.77951651991
2022-02-22,4304.76,-0.0101428646982,2022-02-18,0.35,1.38888888889e-05,-0.0101567535871,0.112840051574,0.141130432007,0.799544435379,0.639271304146
2022-02-23,4225.5,-0.0184121762886,2022-02-22,0.37,1.46825396825e-05,-0.0184268588283,0.0830631181339,0.141958336337,0.585123214863,0.342369176572
2022-02-24,4288.7,0.014956809845,2022-02-23,0.34,1.34920634921e-05,0.0149433177815,0.122486473295,0.140508582019,0.871736598116,0.759924696495
2022-02-25,4384.65,0.0223727469863,2022-02-24,0.32,1.26984126984e-05,0.0223600485736,0.149598274995,0.142102054917,1.05275236929,1.10828755105
2022-02-28,4373.94,-0.00244261229517,2022-02-25,0.33,1.30952380952e-05,-0.00245570753326,0.123353435427,0.140211990685,0.8797638121,0.773984365081
2022-03-01,4306.26,-0.0154734632848,2022-02-28,0.35,1.38888888889e-05,-0.0154873521737,0.115948911704,0.140859197128,0.823154711003,0.677583678246
2022-03-02,4386.54,0.018642627245,2022-03-01,0.32,1.26984126984e-05,0.0186299288323,0.147646632179,0.141369586345,1.0444016708,1.09077484997
2022-03-03,4363.49,-0.00525471100229,2022-03-02,0.34,1.34920634921e-05,-0.00526820306579,0.155797627067,0.140792145008,1.10657897185,1.22451702093
2022-03-04,4328.87,-0.00793401612012,2022-03-03,0.38,1.50793650794e-05,-0.0079490954852,0.128354143063,0.13976850052,0.918333834779,0.8433370321
2022-03-07,4201.09,-0.0295180959465,2022-03-04,0.34,1.34920634921e-05,-0.02953158801,0.104183413973,0.142841565004,0.729363431228,0.531971014812
2022-03-08,4170.7,-0.0072338369328,2022-03-07,0.38,1.50793650794e-05,-0.00724891629788,0.0827817982479,0.142376816219,0.581427513595,0.338057953565
2022-03-09,4277.88,0.0256983240223,2022-03-08,0.36,1.42857142857e-05,0.0256840383081,0.10243753767,0.144509684196,0.708862788261,0.502486452581
2022-03-10,4259.52,-0.00429184549356,2022-03-09,0.38,1.50793650794e-05,-0.00430692485864,0.0877367204665,0.144236838924,0.608282330098,0.370007393109
2022-03-11,4204.31,-0.0129615543535,2022-03-10,0.39,1.54761904762e-05,-0.012977030544,0.0737458787055,0.144848137808,0.509125487021,0.259208761534
2022-03-14,4173.11,-0.00742095611408,2022-03-11,0.4,1.5873015873e-05,-0.00743682912996,0.0598186782837,0.144918781691,0.412773814309,0.170382221779
2022-03-15,4262.45,0.021408493905,2022-03-14,0.45,1.78571428571e-05,0.0213906367622,0.0827805909797,0.146444265387,0.565270280545,0.319530490067
2022-03-16,4357.86,0.0223838402797,2022-03-15,0.46,1.8253968254e-05,0.0223655863114,0.10226762827,0.148074712997,0.690648836657,0.476995815576
2022-03-17,4411.67,0.0123478037385,2022-03-16,0.44,1.74603174603e-05,0.0123303434211,0.129359265779,0.14776756587,0.875423947184,0.766367087304
2022-03-18,4463.12,0.0116622503496,2022-03-17,0.4,1.5873015873e-05,0.0116463773338,0.141608778825,0.148182698355,0.955636389383,0.913240908712
2022-03-21,4461.18,-0.000434673501945,2022-03-18,0.42,1.66666666667e-05,-0.000451340168611,0.134132714734,0.148043916328,0.906033277561,0.820896300047
2022-03-22,4511.61,0.0113041840948,2022-03-21,0.54,2.14285714286e-05,0.0112827555234,0.15304749774,0.148206042343,1.03266705811,1.0664012529
2022-03-23,4456.24,-0.0122727806703,2022-03-22,0.51,2.02380952381e-05,-0.0122930187656,0.146222179381,0.148641873526,0.983721315616,0.967707626797
2022-03-24,4520.16,0.0143439312066,2022-03-23,0.5,1.98412698413e-05,0.0143240899367,0.155306829909,0.149205897043,1.04088935482,1.08345064898
2022-03-25,4543.06,0.00506619234717,2022-03-24,0.52,2.06349206349e-05,0.00504555742654,0.143721983295,0.14840598747,0.968437902974,0.937871971918
2022-03-28,4575.52,0.00714496396702,2022-03-25,0.55,2.18253968254e-05,0.00712313857019,0.151713940495,0.148544066168,1.0213396227,1.0431346249
2022-03-29,4631.6,0.0122565304053,2022-03-28,0.59,2.34126984127e-05,0.0122331177069,0.167106071845,0.148951150292,1.12188507116,1.25862611289
2022-03-30,4602.45,-0.00629372139218,2022-03-29,0.55,2.18253968254e-05,-0.006315546789,0.157168780151,0.149083640381,1.05423224003,1.11140561592
2022-03-31,4530.41,-0.0156525328901,2022-03-30,0.55,2.18253968254e-05,-0.0156743582869,0.12967046742,0.149543141029,0.867110765013,0.751881078801
2022-04-01,4545.86,0.00341028736913,2022-03-31,0.52,2.06349206349e-05,0.0033896524485,0.118622635665,0.148917885829,0.796564059476,0.634514300849
2022-04-04,4582.64,0.00809087829366,2022-04-01,0.53,2.10317460317e-05,0.00806984654762,0.127667210604,0.149105113085,0.856222888419,0.733117634652
2022-04-05,4525.12,-0.0125517169143,2022-04-04,0.66,2.61904761905e-05,-0.0125779073905,0.113614866497,0.149672749788,0.759088522514,0.576215385012
2022-04-06,4481.15,-0.00971686938689,2022-04-05,0.65,2.57936507937e-05,-0.00974266303768,0.0996523571517,0.149969364799,0.664484758505,0.441539994285
2022-04-07,4500.21,0.00425337246019,2022-04-06,0.67,2.65873015873e-05,0.00422678515861,0.0961595763321,0.149839497699,0.641750525118,0.411843736489
2022-04-08,4488.28,-0.00265098739837,2022-04-07,0.68,2.69841269841e-05,-0.00267797152535,0.0936785813678,0.149869183627,0.625069004186,0.390711259994
2022-04-11,4412.53,-0.0168772892957,2022-04-08,0.7,2.77777777778e-05,-0.0169050670735,0.0734797263207,0.150829316914,0.487171379041,0.237335952557
2022-04-12,4397.45,-0.00341754050397,2022-04-11,0.77,3.05555555556e-05,-0.00344809605953,0.0741206227651,0.150811244366,0.491479419035,0.241552019335
2022-04-13,4446.59,0.0111746580405,2022-04-12,0.74,2.93650793651e-05,0.0111452929611,0.0741724616086,0.150817044404,0.491804238053,0.241871408567
2022-04-14,4392.59,-0.0121441374177,2022-04-13,0.75,2.97619047619e-05,-0.0121738993224,0.0583906066983,0.151291961431,0.385946524494,0.148954719769
2022-04-18,4391.69,-0.000204890508789,2022-04-14,0.79,3.13492063492e-05,-0.000236239715138,0.0634616136727,0.15119027103,0.419746675763,0.176187271814
2022-04-19,4462.21,0.016057599694,2022-04-18,0.81,3.21428571429e-05,0.0160254568368,0.0862902257712,0.151845405438,0.568276830784,0.322938556406
2022-04-20,4459.45,-0.000618527590589,2022-04-19,0.81,3.21428571429e-05,-0.000650670447731,0.0763346857359,0.151581675883,0.503587820172,0.253600692626
2022-04-21,4393.66,-0.014752940385,2022-04-20,0.82,3.25396825397e-05,-0.0147854800676,0.0707610674884,0.152031765113,0.465436071442,0.216630736599
2022-04-22,4271.78,-0.0277399707761,2022-04-21,0.83,3.29365079365e-05,-0.027772907284,0.0320606400218,0.154216108972,0.207894235144,0.0432200130062
2022-04-25,4296.12,0.00569785897214,2022-04-22,0.83,3.29365079365e-05,0.0056649224642,0.0359445287942,0.154307830938,0.232940406042,0.054261232767
2022-04-26,4175.2,-0.0281463273838,2022-04-25,0.91,3.61111111111e-05,-0.0281824384949,0.0079781999898,0.156880401077,0.0508553008218,0.00258626162168
2022-04-27,4183.96,0.00209810308488,2022-04-26,0.83,3.29365079365e-05,0.00206516657695,0.0108892940223,0.156891376854,0.0694065807866,0.00481727345648
2022-04-28,4287.5,0.0247468905056,2022-04-27,0.82,3.25396825397e-05,0.0247143508231,0.0288412439906,0.158684466016,0.181752157062,0.0330338465967
2022-04-29,4131.93,-0.036284548105,2022-04-28,0.82,3.25396825397e-05,-0.0363170877875,-0.000280809469635,0.162647753016,-0.00172648846619,2.9807624239e-06
2022-05-02,4155.38,0.0056753139574,2022-04-29,0.85,3.37301587302e-05,0.00564158379867,0.00261313651341,0.162723634987,0.016058739799,0.000257883123933
2022-05-03,4175.48,0.00483710274391,2022-05-02,0.9,3.57142857143e-05,0.0048013884582,0.0140944501303,0.162655379239,0.0866522226087,0.00750860768303
2022-05-04,4300.17,0.0298624349775,2022-05-03,0.91,3.61111111111e-05,0.0298263238664,0.0432180288232,0.165361826927,0.261354326004,0.0683060837211
2022-05-05,4146.87,-0.0356497533818,2022-05-04,0.89,3.53174603175e-05,-0.0356850708422,-0.000631638917593,0.169001811535,-0.00373746832566,1.39686694853e-05
2022-05-06,4123.34,-0.00567415906455,2022-05-05,0.85,3.37301587302e-05,-0.00570788922328,-0.0137120809612,0.168934291919,-0.081168132328,0.00658826570562
2022-05-09,3991.24,-0.032037134944,2022-05-06,0.85,3.37301587302e-05,-0.0320708651027,-0.0353464863923,0.171627556077,-0.205948783519,0.0424149014328
2022-05-10,4001.05,0.00245788276325,2022-05-09,0.92,3.65079365079e-05,0.00242137482674,-0.0242504234005,0.171432274814,-0.141457747246,0.020010294256
2022-05-11,3935.18,-0.0164631784157,2022-05-10,0.89,3.53174603175e-05,-0.016498495876,-0.019299135394,0.170880137554,-0.112939605915,0.0127553545841
2022-05-12,3930.08,-0.00129600170767,2022-05-11,0.91,3.61111111111e-05,-0.00133211281878,-0.0328036057,0.170441612868,-0.192462422457,0.0370417840579
2022-05-13,4023.89,0.0238697431096,2022-05-12,0.96,3.80952380952e-05,0.0238316478715,-0.0238890973085,0.171466696499,-0.139322082925,0.0194106427904
2022-05-16,4008.01,-0.00394642994714,2022-05-13,1.03,4.0873015873e-05,-0.00398730296301,-0.025345965232,0.171492806313,-0.147796084144,0.0218436824883
2022-05-17,4088.85,0.0201696103553,2022-05-16,1.07,4.24603174603e-05,0.0201271500378,0.0032992808785,0.172474444791,0.0191290998647,0.000365922461633
2022-05-18,3923.68,-0.0403952211502,2022-05-17,1.06,4.20634920635e-05,-0.0404372846423,-0.0341937749424,0.177124321591,-0.193049574645,0.0372681382706
2022-05-19,3900.79,-0.00583380907719,2022-05-18,1.03,4.0873015873e-05,-0.00587468209307,-0.0506228166537,0.176890045207,-0.286182394235,0.0819003627703
2022-05-20,3901.36,0.000146124246627,2022-05-19,1.05,4.16666666667e-05,0.00010445757996,-0.0497341425942,0.176889367742,-0.28115959274,0.0790507165894
2022-05-23,3973.75,0.0185550679763,2022-05-20,1.03,4.0873015873e-05,0.0185141949604,-0.0411308567716,0.17759465616,-0.231599630647,0.0536383889159
2022-05-24,3941.48,-0.00812079270211,2022-05-23,1.07,4.24603174603e-05,-0.00816325301957,-0.0471680138447,0.177762582181,-0.265342758111,0.0704067792817
2022-05-25,3978.73,0.00945076468738,2022-05-24,1.06,4.20634920635e-05,0.00940870119531,-0.0396352515737,0.178011665207,-0.222655360971,0.049575409769
2022-05-26,4057.84,0.0198832290706,2022-05-25,1.06,4.20634920635e-05,0.0198411655785,-0.0209586907367,0.179130893906,-0.117002099859,0.0136894913714
2022-05-27,4158.24,0.0247422273919,2022-05-26,1.07,4.24603174603e-05,0.0246997670745,0.00297298346954,0.180840160346,0.0164398409283,0.000270268369749
2022-05-31,4132.15,-0.00627428912232,2022-05-27,1.08,4.28571428571e-05,-0.00631714626518,-0.0028513906518,0.18094904842,-0.0157579753897,0.000248313788383
2022-06-01,4101.23,-0.00748278741091,2022-05-31,1.16,4.60317460317e-05,-0.00752881915694,-0.0118263324177,0.181097555677,-0.0653036556647,0.00426456744317
2022-06-02,4176.82,0.018431056049,2022-06-01,1.15,4.56349206349e-05,0.0183854211284,0.0101885811629,0.181999627935,0.0559813296241,0.00313390926648
2022-06-03,4108.54,-0.0163473647416,2022-06-02,1.17,4.64285714286e-05,-0.016393793313,-0.0150385050991,0.182520793076,-0.0823933802044,0.0067886691015
2022-06-06,4121.43,0.00313736753202,2022-06-03,1.21,4.80158730159e-05,0.003089351659,-0.0111516487638,0.182547018133,-0.0610891861058,0.00373188865906
2022-06-07,4160.68,0.00952339357941,2022-06-06,1.26,5e-05,0.00947339357941,-0.00185254647342,0.182796953723,-0.0101344493751,0.000102707064136
2022-06-08,4115.77,-0.010793908688,2022-06-07,1.26,5e-05,-0.010843908688,-0.0108717850516,0.183106792345,-0.0593740129048,0.00352527340842
2022-06-09,4017.82,-0.023798705953,2022-06-08,1.28,5.07936507937e-05,-0.0238494996038,-0.0393722490298,0.184580420555,-0.21330674679,0.0454997682263
2022-06-10,3900.86,-0.0291103135531,2022-06-09,1.3,5.15873015873e-05,-0.0291619008547,-0.0704814494465,0.186826138103,-0.377256898644,0.142322767574
2022-06-13,3749.63,-0.0387683741534,2022-06-10,1.39,5.51587301587e-05,-0.0388235328836,-0.111119002899,0.190738648897,-0.582572035303,0.339390176317
2022-06-14,3735.48,-0.00377370567229,2022-06-13,1.73,6.86507936508e-05,-0.00384235646594,-0.112948488924,0.190761460271,-0.592092809333,0.350573894864
2022-06-15,3789.99,0.0145925021684,2022-06-14,1.83,7.2619047619e-05,0.0145198831208,-0.0930372081256,0.191286377906,-0.486376547791,0.236562146242
2022-06-16,3666.77,-0.0325119591345,2022-06-15,1.74,6.90476190476e-05,-0.0325810067535,-0.125180990577,0.193970150889,-0.645362134344,0.416492284445
2022-06-17,3674.84,0.00220084706704,2022-06-16,1.59,6.30952380952e-05,0.00213775182894,-0.109917104446,0.193572509551,-0.567834268929,0.32243575697
2022-06-21,3764.79,0.0244772561526,2022-06-17,1.63,6.46825396825e-05,0.024412573613,-0.0995048748268,0.19463675839,-0.51123372404,0.261359920596
2022-06-22,3759.89,-0.00130153341886,2022-06-21,1.7,6.74603174603e-05,-0.00136899373632,-0.105996399501,0.194560293922,-0.544799750061,0.296806767667
2022-06-23,3795.73,0.00953219376099,2022-06-22,1.61,6.38888888889e-05,0.0094683048721,-0.0954432469961,0.194812716118,-0.489923085607,0.240024629811
2022-06-24,3911.74,0.0305632908558,2022-06-23,1.65,6.54761904762e-05,0.0304978146653,-0.070754605626,0.197158950206,-0.358870878304,0.128788307295
2022-06-27,3900.11,-0.00297310148425,2022-06-24,1.73,6.86507936508e-05,-0.0030417522779,-0.0771249804349,0.197144230522,-0.391210943534,0.15304600234
2022-06-28,3821.55,-0.0201430216071,2022-06-27,1.79,7.10317460317e-05,-0.0202140533531,-0.099651694768,0.198122775736,-0.502979500453,0.252988377876
2022-06-29,3818.83,-0.000711753084481,2022-06-28,1.79,7.10317460317e-05,-0.000782784830513,-0.100709845312,0.198121942829,-0.508322520334,0.258391784679
2022-06-30,3785.38,-0.0087592273026,2022-06-29,1.78,7.06349206349e-05,-0.00882986222324,-0.110866234312,0.198291080534,-0.559108528803,0.31260234698
2022-07-01,3825.33,0.0105537621058,2022-06-30,1.72,6.8253968254e-05,0.0104855081375,-0.105600382536,0.198515100493,-0.531951384424,0.28297227539
2022-07-05,3831.39,0.00158417705139,2022-07-01,1.73,6.86507936508e-05,0.00151552625774,-0.111582976319,0.198366700968,-0.562508605401,0.31641593115
2022-07-06,3845.08,0.00357311576216,2022-07-05,1.9,7.53968253968e-05,0.00349771893677,-0.106061372393,0.198400458278,-0.534582295392,0.285778230546
2022-07-07,3902.62,0.0149645781102,2022-07-06,1.9,7.53968253968e-05,0.0148891812848,-0.0945292182947,0.198960190189,-0.475116244134,0.22573544544
2022-07-08,3899.38,-0.000830211498942,2022-07-07,1.95,7.7380952381e-05,-0.000907592451323,-0.0868738153596,0.198790361232,-0.437012211363,0.190979672881
2022-07-11,3854.43,-0.0115274735984,2022-07-08,1.98,7.85714285714e-05,-0.0116060450269,-0.109755431304,0.198761652485,-0.552196210547,0.304920654942
2022-07-12,3818.8,-0.00924390895671,2022-07-11,2.18,8.65079365079e-05,-0.00933041689321,-0.122534623543,0.19891882168,-0.616003164044,0.379459898112
2022-07-13,3801.78,-0.0044568974547,2022-07-12,2.22,8.80952380952e-05,-0.00454499269279,-0.123560801726,0.198935500417,-0.62110986459,0.385777463891
2022-07-14,3790.38,-0.00299859539479,2022-07-13,2.39,9.48412698413e-05,-0.00309343666463,-0.12781722459,0.198944644825,-0.642476326533,0.412775830155
2022-07-15,3863.16,0.0192012410365,2022-07-14,2.4,9.52380952381e-05,0.0191060029413,-0.105446604453,0.19989629717,-0.52750654187,0.278263151716
2022-07-18,3830.85,-0.00836361942037,2022-07-15,2.37,9.40476190476e-05,-0.00845766703942,-0.106363348413,0.199927562131,-0.532009430214,0.283034033836
2022-07-19,3936.69,0.0276283331376,2022-07-18,2.5,9.92063492063e-05,0.0275291267883,-0.0629627064429,0.201276674267,-0.312816707014,0.0978542921871
2022-07-20,3959.9,0.00589581602819,2022-07-19,2.52,0.0001,0.00579581602819,-0.0723275578379,0.200777809797,-0.360236810587,0.129770559702
2022-07-21,3998.95,0.00986136013536,2022-07-20,2.51,9.96031746032e-05,0.00976175696075,-0.0708056639603,0.200853244226,-0.352524372873,0.12427343347
2022-07-22,3961.63,-0.00933244976806,2022-07-21,2.48,9.84126984127e-05,-0.00943086246648,-0.082251203269,0.201044537947,-0.409119313109,0.167378612359
2022-07-25,3966.84,0.00131511524297,2022-07-22,2.49,9.88095238095e-05,0.00121630571916,-0.0911783519824,0.200777370405,-0.454126636875,0.206231002319
2022-07-26,3921.05,-0.0115431930706,2022-07-25,2.62,0.000103968253968,-0.0116471613245,-0.105205782188,0.201070386536,-0.523228626556,0.273768195647
2022-07-27,4023.61,0.0261562591653,2022-07-26,2.55,0.00010119047619,0.0260550686891,-0.074436249441,0.202767591421,-0.367101314955,0.134763375441
2022-07-28,4072.43,0.0121333827086,2022-07-27,2.44,9.68253968254e-05,0.0120365573117,-0.0622114061843,0.203146879623,-0.306238551632,0.0937820505055
2022-07-29,4130.29,0.0142077334663,2022-07-28,2.42,9.60317460317e-05,0.0141117017202,-0.052303926707,0.203611615772,-0.256880858731,0.0659877755823
2022-08-01,4118.63,-0.00282304632362,2022-07-29,2.41,9.56349206349e-05,-0.00291868124426,-0.0498142100047,0.203561509452,-0.244713306257,0.0598846022593
2022-08-02,4091.19,-0.00666240958765,2022-08-01,2.56,0.000101587301587,-0.00676399688924,-0.0547329315508,0.203658168104,-0.268749012427,0.0722260316807
2022-08-03,4155.17,0.0156384817131,2022-08-02,2.56,0.000101587301587,0.0155368944116,-0.0473975377267,0.204101224575,-0.232225641103,0.0539287483855
2022-08-04,4151.94,-0.00077734484991,2022-08-03,2.52,0.0001,-0.00087734484991,-0.0436404532466,0.204052915917,-0.213868314748,0.0457396560532
2022-08-05,4145.19,-0.00162574603679,2022-08-04,2.5,9.92063492063e-05,-0.001724952386,-0.0513688818409,0.203964470091,-0.251852108448,0.0634294845297
2022-08-08,4140.06,-0.00123757897708,2022-08-05,2.58,0.000102380952381,-0.00133995992946,-0.0543821415611,0.203958663098,-0.266633153675,0.0710932386384
2022-08-09,4122.47,-0.00424873069472,2022-08-08,2.65,0.000105158730159,-0.00435388942488,-0.0577937241458,0.203997681706,-0.283305788881,0.0802621700137
2022-08-10,4210.24,0.0212906340131,2022-08-09,2.67,0.000105952380952,0.0211846816322,-0.0375993629499,0.205124054884,-0.183300602999,0.03359911106
2022-08-11,4207.27,-0.000705422968762,2022-08-10,2.65,0.000105158730159,-0.00081058169892,-0.0408759832862,0.205108333776,-0.199289724283,0.0397163942047
2022-08-12,4280.15,0.0173223967086,2022-08-11,2.62,0.000103968253968,0.0172184284546,-0.0266076583005,0.205827775768,-0.129271465919,0.016711111901
2022-08-15,4297.14,0.00396948705069,2022-08-12,2.63,0.000104365079365,0.00386512197132,-0.0243474795743,0.205860770129,-0.118271585009,0.0139881678205
2022-08-16,4305.2,0.00187566614074,2022-08-15,2.72,0.000107936507937,0.0017677296328,-0.0251982284341,0.205852336742,-0.122409241658,0.0149840224432
2022-08-17,4274.04,-0.00723775898913,2022-08-16,2.7,0.000107142857143,-0.00734490184627,-0.025480024415,0.205858445629,-0.123774491433,0.0153201247296
2022-08-18,4283.74,0.00226951549354,2022-08-17,2.68,0.000106349206349,0.00216316628719,-0.0125656225885,0.205592193088,-0.0611191621613,0.0037355519833
2022-08-19,4228.48,-0.0128999425735,2022-08-18,2.71,0.00010753968254,-0.0130074822561,-0.0268270681304,0.20599075672,-0.130234329722,0.0169609806382
2022-08-22,4137.99,-0.0214001248676,2022-08-19,2.74,0.00010873015873,-0.0215088550263,-0.0564750829006,0.206923360153,-0.272927536354,0.0744894401002
2022-08-23,4128.73,-0.00223780144466,2022-08-22,2.82,0.000111904761905,-0.00234970620657,-0.0673466259755,0.206747818772,-0.325742860918,0.106108411439
2022-08-24,4140.77,0.00291615097136,2022-08-23,2.8,0.000111111111111,0.00280503986025,-0.0660352946167,0.206764662092,-0.319374181007,0.101999867494
2022-08-25,4199.12,0.0140915820004,2022-08-24,2.82,0.000111904761905,0.0139796772385,-0.0542737601729,0.20724632104,-0.261880451728,0.0685813709975
2022-08-26,4057.66,-0.0336880108213,2022-08-25,2.88,0.000114285714286,-0.0338022965356,-0.0822487439806,0.20986393895,-0.391914610925,0.153597062256
2022-08-29,4030.61,-0.00666640378938,2022-08-26,2.89,0.000114682539683,-0.00678108632906,-0.0978354524466,0.209760427721,-0.466415202856,0.217543141455
2022-08-30,3986.16,-0.0110281074081,2022-08-29,2.97,0.000117857142857,-0.0111459645509,-0.113286021152,0.20997847181,-0.539512551813,0.291073793564
2022-08-31,3955,-0.00781704698256,2022-08-30,2.97,0.000117857142857,-0.00793490412542,-0.119869794911,0.210106815402,-0.570518356016,0.325491194551
2022-09-01,3966.85,0.00299620733249,2022-08-31,2.96,0.00011746031746,0.00287874701503,-0.117301222647,0.210133664387,-0.558221944061,0.311611738832
2022-09-02,3924.26,-0.0107364785661,2022-09-01,2.97,0.000117857142857,-0.010854335709,-0.130996134832,0.210359716074,-0.62272443259,0.387785718945
2022-09-06,3908.19,-0.00409503957434,2022-09-02,2.94,0.000116666666667,-0.00421170624101,-0.134870830111,0.210390576,-0.641049768838,0.410944806128
2022-09-07,3979.87,0.0183409711401,2022-09-06,3.04,0.000120634920635,0.0182203362195,-0.113253021354,0.211211765063,-0.536206026782,0.287516903158
2022-09-08,4006.18,0.00661076869345,2022-09-07,3.07,0.000121825396825,0.00648894329662,-0.105443518612,0.211326573769,-0.498960053773,0.248961135261
2022-09-09,4067.36,0.0152714056782,2022-09-08,3.06,0.000121428571429,0.0151499771068,-0.0856859575532,0.211862128582,-0.404442068654,0.163573386897
2022-09-12,4110.41,0.010584261044,2022-09-09,3.08,0.000122222222222,0.0104620388218,-0.0674996878376,0.212009610682,-0.318380320687,0.101366028601
2022-09-13,3932.69,-0.043236562776,2022-09-12,3.17,0.000125793650794,-0.0433623564268,-0.113136569699,0.216310265556,-0.523029128589,0.273559469353
2022-09-14,3946.01,0.00338699465252,2022-09-13,3.28,0.000130158730159,0.00325683592236,-0.104130753678,0.216277033483,-0.481469308143,0.231812694684
2022-09-15,3901.35,-0.0113177614857,2022-09-14,3.24,0.000128571428571,-0.0114463329142,-0.12404940798,0.21636933256,-0.573322506069,0.328698695965
2022-09-16,3873.33,-0.00718212926295,2022-09-15,3.22,0.000127777777778,-0.00730990704073,-0.129806630792,0.216471186569,-0.59964853914,0.359578370493
2022-09-19,3899.89,0.0068571487583,2022-09-16,3.2,0.000126984126984,0.00673016463132,-0.11396395402,0.21642083106,-0.52658495701,0.277291716949
2022-09-20,3855.93,-0.0112721128032,2022-09-19,3.37,0.00013373015873,-0.0114058429619,-0.108390955051,0.216057390119,-0.501676684102,0.251679495371
2022-09-21,3789.93,-0.0171164932973,2022-09-20,3.35,0.000132936507937,-0.0172494298053,-0.124826448005,0.216703389892,-0.576024436294,0.331804151208
2022-09-22,3757.99,-0.00842759628806,2022-09-21,3.31,0.000131349206349,-0.00855894549441,-0.142903769235,0.216616980641,-0.659707142125,0.435213513371
2022-09-23,3693.23,-0.017232616372,2022-09-22,3.29,0.000130555555556,-0.0173631719276,-0.172400502395,0.216883874725,-0.794897742459,0.631862420967
2022-09-26,3655.04,-0.0103405420188,2022-09-23,3.24,0.000128571428571,-0.0104691134473,-0.184329434406,0.217089800399,-0.849093020803,0.720958957976
2022-09-27,3647.29,-0.0021203598319,2022-09-26,3.39,0.000134523809524,-0.00225488364143,-0.183806771264,0.217084467909,-0.846706229304,0.716911438742
2022-09-28,3719.04,0.0196721401369,2022-09-27,3.35,0.000132936507937,0.019539203629,-0.143901866008,0.217133339357,-0.66273501082,0.439217694567
2022-09-29,3640.47,-0.0211264197212,2022-09-28,3.4,0.000134920634921,-0.0212613403561,-0.166730785291,0.218096973397,-0.76448005075,0.584429747995
2022-09-30,3585.62,-0.0150667358885,2022-09-29,3.36,0.000133333333333,-0.0152000692218,-0.170019535272,0.218283806665,-0.778892112382,0.606672922731
2022-10-03,3678.43,0.025883947546,2022-09-30,3.33,0.000132142857143,0.0257518046889,-0.155757621016,0.219557189321,-0.709417083985,0.503272599049
2022-10-04,3790.93,0.0305837001112,2022-10-03,3.46,0.000137301587302,0.0304463985239,-0.112323754868,0.22140002814,-0.507333968345,0.257387755437
2022-10-05,3783.28,-0.0020179744812,2022-10-04,3.45,0.000136904761905,-0.0021548792431,-0.125001502333,0.221133617309,-0.565275889997,0.319536831812
2022-10-06,3744.52,-0.0102450783447,2022-10-05,3.46,0.000137301587302,-0.010382379932,-0.139485182402,0.221302255352,-0.630292638365,0.397268809977
2022-10-07,3639.66,-0.0280035892451,2022-10-06,3.46,0.000137301587302,-0.0281408908324,-0.17592277517,0.222823844819,-0.789515032883,0.623333987149
2022-10-10,3612.39,-0.00749245808674,2022-10-07,3.45,0.000136904761905,-0.00762936284865,-0.181636413142,0.222925325862,-0.814785903932,0.663876069246
2022-10-11,3588.84,-0.00651922965128,2022-10-07,3.45,0.000136904761905,-0.00665613441319,-0.181424777586,0.222915934161,-0.813870835517,0.662385736905
2022-10-12,3577.03,-0.00329075690195,2022-10-11,3.67,0.000145634920635,-0.00343639182259,-0.182442413712,0.222924504945,-0.818404480731,0.669785894081
2022-10-13,3669.91,0.0259656754346,2022-10-12,3.7,0.000146825396825,0.0258188500378,-0.159643719584,0.22448208663,-0.711164627793,0.505755127824
2022-10-14,3583.07,-0.0236627056249,2022-10-13,3.79,0.000150396825397,-0.0238131024503,-0.200517948041,0.224960968455,-0.891345505037,0.79449680935
2022-10-17,3677.95,0.0264800855133,2022-10-14,3.81,0.00015119047619,0.0263288950371,-0.181647199649,0.226456843009,-0.802127227577,0.64340808922
2022-10-18,3719.98,0.0114275615492,2022-10-17,3.97,0.00015753968254,0.0112700218667,-0.173749998245,0.226744356759,-0.76628146662,0.587187286085
2022-10-19,3695.16,-0.00667207888214,2022-10-18,4.04,0.000160317460317,-0.00683239634246,-0.187973370536,0.226680214018,-0.829244719704,0.687646805157
2022-10-20,3665.78,-0.00795094123123,2022-10-19,4.07,0.000161507936508,-0.00811244916774,-0.199747852321,0.22675342552,-0.880903350692,0.77599071326
2022-10-21,3752.75,0.0237248280039,2022-10-20,4.09,0.000162301587302,0.0235625264166,-0.179179248034,0.228040422641,-0.785734590206,0.617378846247
2022-10-24,3797.34,0.0118819532343,2022-10-21,4.09,0.000162301587302,0.011719651647,-0.166384636101,0.228384642583,-0.728528127897,0.530753233136
2022-10-25,3859.11,0.0162666498128,2022-10-24,4.16,0.000165079365079,0.0161015704477,-0.155028863979,0.228945704757,-0.677142487313,0.458521948124
2022-10-26,3830.6,-0.00738771374747,2022-10-25,4.14,0.000164285714286,-0.00755199946176,-0.164398264903,0.229034595375,-0.717787915984,0.515219492333
2022-10-27,3807.3,-0.00608259802642,2022-10-26,4.11,0.000163095238095,-0.00624569326451,-0.165589979218,0.229057032165,-0.722920303529,0.522613765254
2022-10-28,3901.06,0.0246263756468,2022-10-27,4.13,0.000163888888889,0.0244624867579,-0.150954449247,0.230208781486,-0.65572845776,0.429979810317
2022-10-31,3871.98,-0.00745438419301,2022-10-28,4.18,0.000165873015873,-0.00762025720889,-0.160521668688,0.230298504783,-0.697015679017,0.485830856796
2022-11-01,3856.1,-0.00410126085362,2022-10-31,4.22,0.00016746031746,-0.00426872117108,-0.166588474347,0.230312805801,-0.723313989285,0.523183127095
2022-11-02,3759.69,-0.0250019449703,2022-11-01,4.23,0.000167857142857,-0.0251698021132,-0.19543665959,0.23155944078,-0.844002122874,0.712339583416
2022-11-03,3719.89,-0.0105859791632,2022-11-02,4.22,0.00016746031746,-0.0107534394806,-0.212649410874,0.23165612001,-0.917952916006,0.842637556004
2022-11-04,3770.55,0.0136186822729,2022-11-03,4.25,0.000168650793651,0.0134500314792,-0.203379287182,0.232051248484,-0.876441253863,0.768149271473
2022-11-07,3806.8,0.00961398204506,2022-11-04,4.21,0.000167063492063,0.009446918553,-0.197663639453,0.232239775102,-0.851118803256,0.724403217256
2022-11-08,3828.11,0.0055978774824,2022-11-07,4.29,0.000170238095238,0.00542763938716,-0.193121716497,0.23232040676,-0.831273150691,0.691015051059
2022-11-09,3748.57,-0.0207778773337,2022-11-08,4.28,0.000169841269841,-0.0209477186036,-0.210568319648,0.233169795683,-0.903068594417,0.815532886222
2022-11-10,3956.37,0.0554344723455,2022-11-09,4.29,0.000170238095238,0.0552642342502,-0.147076683038,0.23972612613,-0.613519625134,0.376406330425
2022-11-11,3992.93,0.00924079396012,2022-11-10,4.28,0.000169841269841,0.00907095269028,-0.138554673651,0.239922678662,-0.577497193778,0.333503008821
2022-11-14,3957.25,-0.00893579401592,2022-11-10,4.28,0.000169841269841,-0.00910563528576,-0.154880964063,0.239945305923,-0.645484450996,0.416650176477
2022-11-15,3991.73,0.00871312148588,2022-11-14,4.34,0.000172222222222,0.00854089926366,-0.146327403414,0.240123659051,-0.609383531768,0.37134828879
2022-11-16,3958.79,-0.0082520611364,2022-11-15,4.31,0.000171031746032,-0.00842309288243,-0.158613721019,0.24020724056,-0.660320316109,0.436022919867
2022-11-17,3946.56,-0.00308932779966,2022-11-16,4.32,0.000171428571429,-0.00326075637108,-0.159270863788,0.240211882107,-0.663043236623,0.439626333631
2022-11-18,3965.34,0.00475857455607,2022-11-17,4.32,0.000171428571429,0.00458714598464,-0.158066488841,0.240238513807,-0.657956488059,0.43290674018
2022-11-21,3949.94,-0.00388365184322,2022-11-18,4.34,0.000172222222222,-0.00405587406544,-0.160721729815,0.240260033777,-0.668949085241,0.447492878645
2022-11-22,4003.58,0.0135799531132,2022-11-21,4.41,0.000175,0.0134049531132,-0.144117660202,0.240661546098,-0.598839584218,0.358608847626
2022-11-23,4027.26,0.00591470633783,2022-11-22,4.4,0.000174603174603,0.00574010316322,-0.140032651585,0.240737637531,-0.581681589224,0.338353471243
2022-11-25,4026.12,-0.000283070872007,2022-11-23,4.4,0.000174603174603,-0.000457674046611,-0.142781845376,0.240721507159,-0.593141207287,0.351816491782
2022-11-28,3963.94,-0.0154441497024,2022-11-25,4.41,0.000175,-0.0156191497024,-0.135673758443,0.240156086915,-0.564939911313,0.319157103394
2022-11-29,3957.63,-0.00159185053255,2022-11-28,4.41,0.000175,-0.00176685053255,-0.150638449152,0.239765863367,-0.628273128778,0.394727124344
2022-11-30,4080.11,0.0309478147275,2022-11-29,4.38,0.00017380952381,0.0307740052037,-0.100900756777,0.241104779755,-0.418493390631,0.175136718002
2022-12-01,4076.57,-0.000867623667009,2022-11-30,4.37,0.000173412698413,-0.00104103636542,-0.0901246130443,0.240829696867,-0.374225497173,0.140044722734
2022-12-02,4071.7,-0.00119463176151,2022-12-01,4.33,0.000171825396825,-0.00136645715833,-0.105683112521,0.240391809001,-0.439628592008,0.193273298911
2022-12-05,3998.84,-0.0178942456468,2022-12-02,4.34,0.000172222222222,-0.018066467869,-0.115299015284,0.240896339264,-0.478625020358,0.229081910112
2022-12-06,3941.26,-0.014399175761,2022-12-05,4.36,0.000173015873016,-0.014572191634,-0.141599754944,0.240993772783,-0.587566032551,0.345233842607
2022-12-07,3933.92,-0.00186234858903,2022-12-06,4.37,0.000173412698413,-0.00203576128744,-0.164340595112,0.240055627819,-0.684593802713,0.468668674713
2022-12-08,3963.51,0.00752175946638,2022-12-07,4.29,0.000170238095238,0.00735152137115,-0.160071986435,0.240164618654,-0.666509443948,0.444234838872
2022-12-09,3934.38,-0.00734954623553,2022-12-08,4.28,0.000169841269841,-0.00751938750537,-0.160407466198,0.240169337095,-0.66789319627,0.446081321624
2022-12-12,3990.56,0.0142792511145,2022-12-09,4.31,0.000171031746032,0.0141082193685,-0.155845977276,0.240415756826,-0.648235287629,0.420208988128
2022-12-13,4019.65,0.00728970370073,2022-12-12,4.38,0.00017380952381,0.00711589417692,-0.139591493048,0.240387570264,-0.580693473021,0.33720490961
2022-12-14,3995.32,-0.00605276578807,2022-12-13,4.35,0.000172619047619,-0.00622538483569,-0.138344295316,0.240350351715,-0.575594311925,0.33130881192
2022-12-15,3895.75,-0.0249216583403,2022-12-14,4.33,0.000171825396825,-0.0250934837371,-0.179784204215,0.240992617984,-0.746015399635,0.556538976493
2022-12-16,3852.36,-0.0111377783482,2022-12-15,4.34,0.000172222222222,-0.0113100005704,-0.182348842419,0.241085348268,-0.756366339675,0.572090039794
2022-12-19,3817.66,-0.00900746555358,2022-12-16,4.31,0.000171031746032,-0.00917849729961,-0.181237629109,0.241037344942,-0.751906843117,0.565363900726
2022-12-20,3821.62,0.00103728461937,2022-12-19,4.37,0.000173412698413,0.000863871920962,-0.168983740234,0.240801347499,-0.701755791605,0.492461191052
2022-12-21,3878.44,0.0148680402552,2022-12-20,4.35,0.000172619047619,0.0146954212076,-0.172063484428,0.240595958041,-0.715155341048,0.511447161829
2022-12-22,3822.39,-0.0144516867607,2022-12-21,4.33,0.000171825396825,-0.0146235121575,-0.196864399181,0.240748270296,-0.81771885189,0.668664120736
2022-12-23,3844.82,0.00586805637311,2022-12-22,4.35,0.000172619047619,0.00569543732549,-0.197389491411,0.240738260472,-0.819934027202,0.672291808964
2022-12-27,3829.25,-0.00404960440281,2022-12-23,4.34,0.000172222222222,-0.00422182662503,-0.215447496284,0.240317585931,-0.896511570095,0.803732995314
2022-12-28,3783.22,-0.0120206306718,2022-12-27,4.46,0.000176984126984,-0.0121976147988,-0.226632542682,0.240580501653,-0.942023734781,0.887408716892
2022-12-29,3849.28,0.0174613160218,2022-12-28,4.46,0.000176984126984,0.0172843318948,-0.210747733164,0.241264337677,-0.873513819711,0.763026393226
2022-12-30,3839.5,-0.00254073489068,2022-12-29,4.45,0.000176587301587,-0.00271732219227,-0.210473331898,0.241260579346,-0.872390062516,0.761064421176
2023-01-03,3824.14,-0.00400052090116,2022-12-30,4.42,0.000175396825397,-0.00417591772656,-0.212021044724,0.241275206678,-0.878751893505,0.772204890338
2023-01-04,3852.97,0.00753894993384,2023-01-03,4.53,0.000179761904762,0.00735918802908,-0.211033553096,0.241312588246,-0.874523598747,0.764791524766
2023-01-05,3808.1,-0.0116455617355,2023-01-04,4.55,0.000180555555556,-0.011826117291,-0.222226877891,0.241558214127,-0.919972349911,0.846349124601
2023-01-06,3895.08,0.022840786744,2023-01-05,4.66,0.000184920634921,0.0226558661091,-0.180175071081,0.241985730033,-0.744568991964,0.554382983794
2023-01-09,3892.09,-0.000767635067829,2023-01-06,4.67,0.000185317460317,-0.000952952528147,-0.180160741319,0.241985537879,-0.744510365777,0.55429568475
2023-01-10,3919.25,0.0069782558985,2023-01-09,4.7,0.000186507936508,0.00679174796199,-0.16931481269,0.242080290994,-0.699415933431,0.489182647937
2023-01-11,3969.61,0.0128493972061,2023-01-10,4.73,0.000187698412698,0.0126616987934,-0.155208060168,0.24245108576,-0.640162363807,0.409807852035
2023-01-12,3983.17,0.00341595270064,2023-01-11,4.72,0.000187301587302,0.00322865111334,-0.161134281072,0.242288620031,-0.665050967112,0.442292788856
2023-01-13,3999.09,0.00399681660587,2023-01-12,4.66,0.000184920634921,0.00381189597095,-0.160135716343,0.242307949758,-0.660876857332,0.436758220556
2023-01-17,3990.97,-0.00203046193009,2023-01-13,4.67,0.000185317460317,-0.00221577939041,-0.148103184366,0.241922318094,-0.612193143374,0.374780444794
2023-01-18,3928.86,-0.0155626326432,2023-01-17,4.71,0.000186904761905,-0.0157495374051,-0.164667873025,0.242386950488,-0.679359481578,0.46152930521
2023-01-19,3898.85,-0.00763834801953,2023-01-18,4.69,0.000186111111111,-0.00782445913064,-0.15409927761,0.241831028609,-0.637218798997,0.406047797795
2023-01-20,3972.61,0.0189183990151,2023-01-19,4.71,0.000186904761905,0.0187314942532,-0.125671913908,0.242433418669,-0.518377023257,0.26871473824
2023-01-23,4019.81,0.0118813575961,2023-01-20,4.72,0.000187301587302,0.0116940560088,-0.102933686546,0.242507779119,-0.424455194467,0.18016221211
2023-01-24,4016.95,-0.000711476413064,2023-01-23,4.73,0.000187698412698,-0.000899174825763,-0.0849113022681,0.241788276957,-0.351180393594,0.123327668845
2023-01-25,4016.22,-0.000181729919466,2023-01-24,4.72,0.000187301587302,-0.000369031506768,-0.0880453399725,0.241769331368,-0.364170837858,0.132620399146
2023-01-26,4060.43,0.0110078631151,2023-01-25,4.72,0.000187301587302,0.0108205615278,-0.0650452619724,0.241733479898,-0.269078416444,0.072403194196
2023-01-27,4070.56,0.00249480966302,2023-01-26,4.71,0.000186904761905,0.00230790490111,-0.0612331859572,0.241744334781,-0.253297294486,0.0641595193938
2023-01-30,4017.77,-0.012968731575,2023-01-27,4.73,0.000187698412698,-0.0131564299877,-0.0689980815774,0.242028094213,-0.285082943787,0.0812722848381
2023-01-31,4076.6,0.0146424509118,2023-01-30,4.72,0.000187301587302,0.0144551493245,-0.0788825645707,0.241234006699,-0.326996038618,0.106926409272
2023-02-01,4119.21,0.0104523377324,2023-01-31,4.7,0.000186507936508,0.0102658297959,-0.0874952133464,0.240710368862,-0.363487513064,0.132123172154
2023-02-02,4179.76,0.01469942052,2023-02-01,4.66,0.000184920634921,0.014514499885,-0.0798349346596,0.241070145418,-0.331168899082,0.109672839719
2023-02-03,4136.48,-0.0103546615117,2023-02-02,4.66,0.000184920634921,-0.0105395821466,-0.0997895270188,0.241087279736,-0.413914525594,0.171325234498
2023-02-06,4111.08,-0.0061404865973,2023-02-03,4.7,0.000186507936508,-0.00632699453381,-0.0817178876482,0.239944166822,-0.34057042824,0.115988216592
2023-02-07,4164,0.0128725298462,2023-02-06,4.71,0.000186904761905,0.0126856250843,-0.0741812907501,0.24024177681,-0.308777647814,0.0953436357893
2023-02-08,4117.86,-0.0110806916427,2023-02-07,4.71,0.000186904761905,-0.0112675964046,-0.0817379739364,0.240463156778,-0.339918909123,0.11554486478
2023-02-09,4081.5,-0.00882982908598,2023-02-08,4.72,0.000187301587302,-0.00901713067328,-0.0991456151588,0.240460035138,-0.412316396368,0.170004810714
2023-02-10,4090.46,0.00219527134632,2023-02-09,4.77,0.000189285714286,0.00200598563203,-0.111646886668,0.240013441747,-0.465169308248,0.216382485336
2023-02-13,4137.29,0.0114485901341,2023-02-10,4.79,0.000190079365079,0.011258510769,-0.0822623533645,0.23963577793,-0.343280765816,0.117841684179
2023-02-14,4136.13,-0.000280376768368,2023-02-13,4.81,0.000190873015873,-0.000471249784241,-0.0637482624502,0.238895594027,-0.266845701822,0.0712066285809
2023-02-15,4147.6,0.00277312366874,2023-02-14,4.8,0.000190476190476,0.00258264747827,-0.0573107810347,0.238884544307,-0.23990995818,0.0575567880341
2023-02-16,4090.41,-0.0137886970778,2023-02-15,4.79,0.000190079365079,-0.0139787764429,-0.0870392370626,0.238739078867,-0.364578926398,0.132917793574
2023-02-17,4079.09,-0.00276744873986,2023-02-16,4.84,0.000192063492063,-0.00295951223192,-0.090864097105,0.23874975098,-0.38058300263,0.144843421891
2023-02-21,3997.34,-0.0200412346871,2023-02-17,4.84,0.000192063492063,-0.0202332981792,-0.0899091788758,0.238652846474,-0.376736251858,0.141930203464
2023-02-22,3991.05,-0.00157354640836,2023-02-21,4.86,0.000192857142857,-0.00176640355122,-0.0844950554394,0.238555641122,-0.354194329851,0.125453623299
2023-02-23,4012.32,0.00532942458751,2023-02-22,4.84,0.000192063492063,0.00513736109545,-0.0692009407569,0.238411736214,-0.290258113362,0.0842497723725
2023-02-24,3970.04,-0.0105375443634,2023-02-23,4.84,0.000192063492063,-0.0107296078554,-0.0615036897841,0.237936270078,-0.258488080711,0.0668160878698
2023-02-27,3982.24,0.00307301689656,2023-02-24,4.86,0.000192857142857,0.0028801597537,-0.0735668478119,0.237475802357,-0.309786711243,0.0959678064628
2023-02-28,3970.15,-0.00303597975009,2023-02-27,4.89,0.000194047619048,-0.00323002736914,-0.0991569237546,0.236409784543,-0.419428171919,0.1759199914
2023-03-01,3951.39,-0.00472526226969,2023-02-28,4.88,0.000193650793651,-0.00491891306334,-0.101620129285,0.236441733059,-0.429789309908,0.184718850911
2023-03-02,3981.35,0.00758214198042,2023-03-01,4.9,0.000194444444444,0.00738769753597,-0.078745079575,0.236079337897,-0.333553458242,0.111257909505
2023-03-03,4045.64,0.0161477890665,2023-03-02,4.91,0.000194841269841,0.0159529477967,-0.0814220606106,0.2358925171,-0.345165932398,0.119139520888
2023-03-06,4048.42,0.000687159509991,2023-03-03,4.91,0.000194841269841,0.00049231824015,-0.0756615393046,0.235839792505,-0.320817528293,0.10292388646
2023-03-07,3986.37,-0.0153269670637,2023-03-06,4.93,0.000195634920635,-0.0155226019843,-0.0832350458038,0.236199198002,-0.352393431086,0.124181130273
2023-03-08,3992.01,0.00141482100257,2023-03-07,5.04,0.0002,0.00121482100257,-0.0524886367912,0.234364947643,-0.223961122681,0.0501585844724
2023-03-09,3918.32,-0.0184593725968,2023-03-08,5.06,0.000200793650794,-0.0186601662476,-0.0638998867409,0.234976335431,-0.271941796282,0.0739523405649
2023-03-10,3861.59,-0.0144781436942,2023-03-09,5.05,0.000200396825397,-0.0146785405196,-0.104262465569,0.233973698838,-0.445616178597,0.198573778627
2023-03-13,3855.76,-0.00150974080625,2023-03-10,5.01,0.00019880952381,-0.00170855033006,-0.10166409104,0.233942557654,-0.434568605472,0.188849872861
2023-03-14,3919.29,0.0164766479241,2023-03-13,4.87,0.000193253968254,0.0162833939559,-0.0724036665401,0.23419332983,-0.309161950054,0.0955811113614
2023-03-15,3891.93,-0.00698085622651,2023-03-14,4.88,0.000193650793651,-0.00717450702016,-0.0721413444303,0.234180062692,-0.308059292499,0.094900527695
2023-03-16,3960.28,0.0175619808167,2023-03-15,4.75,0.000188492063492,0.0173734887532,-0.0761584924392,0.233855607472,-0.325664598179,0.106057430507
2023-03-17,3916.64,-0.0110194228691,2023-03-16,4.74,0.000188095238095,-0.0112075181072,-0.109731596858,0.233003359689,-0.470944268804,0.221788504319
2023-03-20,3951.57,0.00891835859308,2023-03-17,4.52,0.000179365079365,0.00873899351371,-0.113322946765,0.2328414055,-0.486695854296,0.236872854589
2023-03-21,4002.87,0.0129821817657,2023-03-20,4.81,0.000190873015873,0.0127913087499,-0.112178015349,0.232913386629,-0.481629746459,0.231967212674
2023-03-22,3936.97,-0.0164631876629,2023-03-21,4.78,0.000189682539683,-0.0166528702025,-0.128379545383,0.233471849986,-0.549871624312,0.302358803223
2023-03-23,3948.72,0.00298452871117,2023-03-22,4.79,0.000190079365079,0.00279444934609,-0.13686785156,0.233201617928,-0.586907812974,0.34446078093
2023-03-24,3970.99,0.00563980226504,2023-03-23,4.73,0.000187698412698,0.00545210385234,-0.119122728942,0.232975483792,-0.511310147333,0.261438066765
2023-03-27,3977.53,0.00164694446473,2023-03-24,4.74,0.000188095238095,0.00145884922664,-0.131987969652,0.232517019943,-0.567648637872,0.322224976078
2023-03-28,3971.27,-0.00157384105211,2023-03-27,4.91,0.000194841269841,-0.00176868232195,-0.138802209401,0.232455088813,-0.597114092488,0.356545239448
2023-03-29,4027.81,0.0142372591136,2023-03-28,4.8,0.000190476190476,0.0140467829231,-0.131878565048,0.232794971779,-0.566500917268,0.320923289265
2023-03-30,4050.83,0.00571526462271,2023-03-29,4.8,0.000190476190476,0.00552478843223,-0.138586894323,0.232529709672,-0.595996505214,0.355211834228
2023-03-31,4109.31,0.0144365475717,2023-03-30,4.97,0.000197222222222,0.0142393253495,-0.118032022184,0.232928107088,-0.506731556185,0.256776870034
2023-04-03,4124.51,0.00369891782319,2023-03-31,4.85,0.00019246031746,0.00350645750573,-0.0988512063915,0.232454450448,-0.425249790662,0.180837384458
2023-04-04,4100.6,-0.0057970522559,2023-04-03,4.9,0.000194444444444,-0.00599149670035,-0.10823235554,0.232490618902,-0.465534291454,0.216722176519
2023-04-05,4090.38,-0.00249231819734,2023-04-04,4.88,0.000193650793651,-0.00268596899099,-0.118988171079,0.232347876443,-0.512112152264,0.262258856496
2023-04-06,4105.02,0.00357912956742,2023-04-05,4.86,0.000192857142857,0.00338627242457,-0.103023991264,0.232056741781,-0.443960345532,0.197100788405
2023-04-10,4109.11,0.00099634106533,2023-04-06,4.91,0.000194841269841,0.000801499795488,-0.0924798284308,0.231866559913,-0.398849357431,0.159080809923
2023-04-11,4108.94,-4.13714892032e-05,2023-04-10,5.08,0.000201587301587,-0.000242958790791,-0.0969495723802,0.231822816116,-0.418205481258,0.174895824554
2023-04-12,4091.95,-0.00413488636972,2023-04-11,5.04,0.0002,-0.00433488636972,-0.0986064872246,0.231842964946,-0.425315847939,0.180893570508
2023-04-13,4146.22,0.0132626253986,2023-04-12,5.02,0.000199206349206,0.0130634190494,-0.0686380011017,0.231633170074,-0.296321986526,0.0878067196986
2023-04-14,4137.64,-0.00206935473757,2023-04-13,5.1,0.000202380952381,-0.00227173568995,-0.0674616407321,0.231617945699,-0.291262581267,0.0848338912463
2023-04-17,4151.32,0.00330623253836,2023-04-14,5.14,0.000203968253968,0.00310226428439,-0.0755046694088,0.231365704353,-0.326343394844,0.106500011358
2023-04-18,4154.87,0.000855149687328,2023-04-17,5.21,0.000206746031746,0.000648403655582,-0.0626823664308,0.231055047368,-0.271287587719,0.0735969552505
2023-04-19,4154.52,-8.42384960298e-05,2023-04-18,5.2,0.000206349206349,-0.000290587702379,-0.062736714418,0.231055031828,-0.271522822601,0.0737246431931
2023-04-20,4129.79,-0.00595255288216,2023-04-19,5.16,0.000204761904762,-0.00615731478692,-0.0849194860418,0.230556130745,-0.368324562731,0.135662983511
2023-04-21,4133.52,0.000903193624858,2023-04-20,5.12,0.000203174603175,0.000700019021683,-0.0835687965724,0.230558392622,-0.362462609241,0.131379143098
2023-04-24,4137.04,0.000851574445025,2023-04-21,5.14,0.000203968253968,0.000647606191057,-0.0681357103138,0.230096838087,-0.296117542859,0.0876855991887
2023-04-25,4071.63,-0.0158108212635,2023-04-24,5.2,0.000206349206349,-0.0160171704699,-0.0563799734996,0.228966385093,-0.246236902752,0.0606326122769
2023-04-26,4055.99,-0.00384121346979,2023-04-25,5.12,0.000203174603175,-0.00404438807296,-0.0660892840368,0.228923132461,-0.288696399207,0.0833456109152
2023-04-27,4135.35,0.0195661231906,2023-04-26,5.16,0.000204761904762,0.0193613612859,-0.018545484256,0.228029938213,-0.0813291640622,0.00661443292705
2023-04-28,4169.48,0.00825323128635,2023-04-27,5.18,0.000205555555556,0.00804767573079,-0.0125629751022,0.228168071997,-0.0550601799462,0.00303162341571
2023-05-01,4167.87,-0.000386139278759,2023-04-28,5.1,0.000202380952381,-0.00058852023114,-0.0378658461564,0.226821415045,-0.16694123061,0.0278693744777
2023-05-02,4119.58,-0.0115862538899,2023-05-01,5.27,0.000209126984127,-0.011795380874,-0.0133441392429,0.224185213137,-0.0595228340718,0.00354296777594
2023-05-03,4090.75,-0.00699828623306,2023-05-02,5.24,0.000207936507937,-0.007206222741,-0.0261919457826,0.224226289884,-0.116810324945,0.0136446520138
2023-05-04,4061.22,-0.00721872517265,2023-05-03,5.26,0.00020873015873,-0.00742745533138,-0.0384207895722,0.224291275989,-0.171298635681,0.0293432225863
2023-05-05,4136.25,0.0184747440424,2023-05-04,5.26,0.00020873015873,0.0182660138837,-0.0499810995549,0.223054194784,-0.224076034989,0.0502100694565
2023-05-08,4138.12,0.000452100332427,2023-05-05,5.26,0.00020873015873,0.000243370173697,-0.014052658539,0.220173268044,-0.063825452853,0.00407368843189
2023-05-09,4119.17,-0.00457937420858,2023-05-08,5.31,0.000210714285714,-0.00479008849429,-0.01313485781,0.22014722558,-0.0596639715783,0.00355978950449
2023-05-10,4137.64,0.00448391302131,2023-05-09,5.29,0.000209920634921,0.00427399238639,0.0232099996791,0.217812942485,0.106559322942,0.0113548893058
2023-05-11,4130.62,-0.00169661932889,2023-05-10,5.24,0.000207936507937,-0.00190455583683,0.0188840690155,0.217810027676,0.0866997227675,0.00751684192796
2023-05-12,4124.08,-0.00158329742266,2023-05-11,5.2,0.000206349206349,-0.00178964662901,0.0335929182625,0.217173083597,0.154682696889,0.0239267367168
2023-05-15,4136.28,0.00295823553374,2023-05-12,5.25,0.000208333333333,0.00274990220041,0.0376749332817,0.21718377149,0.173470296714,0.0300919438419
2023-05-16,4109.9,-0.0063777113735,2023-05-15,5.21,0.000206746031746,-0.00658445740525,0.00725882800497,0.215990584335,0.0336071501789,0.00112944054315
2023-05-17,4158.77,0.0118908002628,2023-05-16,5.23,0.00020753968254,0.0116832605802,0.0229293915482,0.216267547153,0.106023265395,0.0112409328051
2023-05-18,4198.05,0.00944510035419,2023-05-17,5.26,0.00020873015873,0.00923637019546,0.0120386117059,0.215539950372,0.0558532730713,0.00311958811277
2023-05-19,4191.98,-0.00144590941032,2023-05-18,5.31,0.000210714285714,-0.00165662369604,0.0508192726521,0.211659851173,0.240098782884,0.0576474255423
2023-05-22,4192.63,0.000155057991689,2023-05-19,5.29,0.000209920634921,-5.48626432317e-05,0.0566390921019,0.211568865548,0.267709957962,0.0716686215921
2023-05-23,4145.58,-0.0112220730186,2023-05-22,5.4,0.000214285714286,-0.0114363587329,0.0450982757891,0.211886380622,0.212841786512,0.0453016260855
2023-05-24,4115.24,-0.00731863816402,2023-05-23,5.34,0.000211904761905,-0.00753054292593,0.0190535379027,0.211230697766,0.0902025042016,0.00813649176423
2023-05-25,4151.28,0.00875769092447,2023-05-24,5.37,0.000213095238095,0.00854459568637,0.0357613866087,0.211235354965,0.169296406914,0.0286612733939
2023-05-26,4205.45,0.0130489873003,2023-05-25,5.38,0.000213492063492,0.0128354952368,0.0391881806502,0.211422519885,0.185354808332,0.0343564049716
2023-05-30,4205.52,1.66450677099e-05,2023-05-26,5.34,0.000211904761905,-0.000195259694195,0.0191517553775,0.210507208871,0.090979095111,0.00827719574722
2023-05-31,4179.83,-0.00610863817079,2023-05-30,5.55,0.000220238095238,-0.00632887626602,-0.011876887963,0.209156751535,-0.0567846262473,0.00322449377805
2023-06-01,4221.02,0.00985446776544,2023-05-31,5.52,0.000219047619048,0.00963542014639,0.00407567844856,0.209284547936,0.0194743400254,0.000379249919423
2023-06-02,4282.37,0.0145344016375,2023-06-01,5.5,0.000218253968254,0.0143161476693,0.0259206452748,0.209633991084,0.123647148731,0.0152886173894
2023-06-05,4273.79,-0.00200356344734,2023-06-02,5.5,0.000218253968254,-0.0022218174156,0.00531340673076,0.208849987394,0.0254412595235,0.000647257686143
2023-06-06,4283.85,0.00235388261941,2023-06-05,5.46,0.000216666666667,0.00213721595274,0.0238444159965,0.208200701349,0.114526107943,0.0131162294006
2023-06-07,4267.52,-0.00381199154966,2023-06-06,5.44,0.000215873015873,-0.00402786456553,0.016727199772,0.208219966752,0.0803342735711,0.00645359551019
2023-06-08,4293.93,0.00618860602879,2023-06-07,5.42,0.000215079365079,0.00597352666371,0.0132273328563,0.208097102476,0.063563272621,0.00404028962629
2023-06-09,4298.86,0.00114813236359,2023-06-08,5.38,0.000213492063492,0.0009346403001,0.0250058818444,0.207805526773,0.120333093314,0.0144800533466
2023-06-12,4338.93,0.0093210758201,2023-06-09,5.37,0.000213095238095,0.00910798058201,0.0579633620302,0.206591878082,0.280569413321,0.0787191956911
2023-06-13,4369.01,0.00693258476168,2023-06-12,5.4,0.000214285714286,0.0067182990474,0.0938435619323,0.204558822227,0.458760765783,0.210461440221
2023-06-14,4372.59,0.000819407600349,2023-06-13,5.36,0.000212698412698,0.00060670918765,0.133273804003,0.20071732276,0.663987553097,0.440879470667
2023-06-15,4425.84,0.0121781369852,2023-06-14,5.36,0.000212698412698,0.0119654385725,0.149081599042,0.200994885697,0.74171837022,0.550146140721
2023-06-16,4409.59,-0.0036716193988,2023-06-15,5.33,0.000211507936508,-0.00388312733531,0.130678588586,0.200561634206,0.651563241909,0.424534658207
2023-06-20,4388.71,-0.00473513410544,2023-06-16,5.34,0.000211904761905,-0.00494703886734,0.158312556472,0.197851511788,0.800158437208,0.640253524636
2023-06-21,4365.69,-0.00524527708598,2023-06-20,5.39,0.000213888888889,-0.00545916597487,0.150715638668,0.197938322988,0.761427278927,0.579771501094
2023-06-22,4381.89,0.00371075362657,2023-06-21,5.4,0.000214285714286,0.00349646791229,0.129799532967,0.196524545021,0.660474919068,0.436227118718
2023-06-23,4348.33,-0.00765879563385,2023-06-22,5.4,0.000214285714286,-0.00787308134813,0.123295445356,0.196691607886,0.626846496812,0.392936530566
2023-06-26,4328.82,-0.0044867799822,2023-06-23,5.41,0.000214682539683,-0.00470146252188,0.109125677962,0.196555806627,0.555189286108,0.308235143409
2023-06-27,4378.41,0.011455777787,2023-06-26,5.5,0.000218253968254,0.0112375238188,0.0898653871151,0.194549701818,0.461914802621,0.213365284881
2023-06-28,4376.86,-0.000354009788942,2023-06-27,5.44,0.000215873015873,-0.000569882804815,0.0923372565882,0.194520090252,0.474692647267,0.22533310937
2023-06-29,4396.44,0.00447352668351,2023-06-28,5.44,0.000215873015873,0.00425765366764,0.116808963609,0.193447855493,0.603826614211,0.364606580029
2023-06-30,4450.38,0.0122690176597,2023-06-29,5.46,0.000216666666667,0.0120523509931,0.129644099433,0.193792672662,0.668983494843,0.447538916373
2023-07-03,4455.59,0.00117068654811,2023-06-30,5.43,0.000215476190476,0.000955210357639,0.139429172013,0.193561267808,0.72033611679,0.518884121152
2023-07-05,4446.82,-0.00196831396067,2023-07-03,5.44,0.000215873015873,-0.00218418697654,0.126759476899,0.193327522174,0.655672174732,0.429906000718
2023-07-06,4411.59,-0.00792251541551,2023-07-05,5.44,0.000215873015873,-0.00813838843138,0.11710556221,0.193516099851,0.605146353716,0.366202109416
2023-07-07,4398.95,-0.0028651801278,2023-07-06,5.46,0.000216666666667,-0.00308184679447,0.110525996479,0.193525010645,0.571119960725,0.326178009539
2023-07-10,4409.53,0.00240511940349,2023-07-07,5.46,0.000216666666667,0.00218845273683,0.097825267931,0.192996400282,0.506876127161,0.256923408286
2023-07-11,4439.26,0.00674221515672,2023-07-10,5.48,0.00021746031746,0.00652475483926,0.105257615222,0.193090243601,0.545121354961,0.297157291635
2023-07-12,4472.16,0.00741114510076,2023-07-11,5.49,0.000217857142857,0.0071932879579,0.124056948206,0.192825770285,0.643362907474,0.413915830713
2023-07-13,4510.04,0.00847017995778,2023-07-12,5.47,0.000217063492063,0.00825311646572,0.141640481565,0.192725641108,0.734933248898,0.540126880335
2023-07-14,4505.42,-0.00102438115848,2023-07-13,5.47,0.000217063492063,-0.00124144465055,0.144944029608,0.192663384766,0.752317466982,0.565981571126
2023-07-17,4522.79,0.00385535643736,2023-07-14,5.49,0.000217857142857,0.0036374992945,0.151674965567,0.192651509887,0.787302241524,0.619844819509
2023-07-18,4554.98,0.00711728822254,2023-07-17,5.49,0.000217857142857,0.00689943107968,0.139468393705,0.191868483269,0.726895795123,0.528377496968
2023-07-19,4565.72,0.00235785887095,2023-07-18,5.49,0.000217857142857,0.00214000172809,0.150066062473,0.191657949237,0.782988981519,0.61307174518
2023-07-20,4534.87,-0.00675687514784,2023-07-19,5.49,0.000217857142857,-0.0069747322907,0.115562203394,0.189896361575,0.608554068311,0.370338054058
2023-07-21,4536.34,0.00032415482693,2023-07-20,5.49,0.000217857142857,0.000106297684073,0.10987268505,0.189823044057,0.578816368662,0.335028388631
2023-07-24,4554.64,0.00403408915557,2023-07-21,5.5,0.000218253968254,0.00381583518732,0.103926763276,0.189627268159,0.548058115717,0.300367698204
2023-07-25,4567.46,0.00281471202993,2023-07-24,5.51,0.000218650793651,0.00259606123628,0.115953686979,0.189378191096,0.61228637948,0.374894610497
2023-07-26,4566.75,-0.000155447447816,2023-07-25,5.51,0.000218650793651,-0.000374098241466,0.114363283018,0.189378602789,0.603887035463,0.3646795516
2023-07-27,4537.41,-0.00642470027919,2023-07-26,5.51,0.000218650793651,-0.00664335107284,0.11936709327,0.189117275053,0.631180272857,0.398388536844
2023-07-28,4582.23,0.00987788187534,2023-07-27,5.51,0.000218650793651,0.00965923108169,0.102971255663,0.187607625209,0.54886498109,0.301252767467
2023-07-31,4588.96,0.00146871719665,2023-07-28,5.52,0.000219047619048,0.0012496695776,0.0921843679284,0.187251341457,0.492302843925,0.242362090137
2023-08-01,4576.73,-0.00266509187267,2023-07-31,5.55,0.000220238095238,-0.00288532996791,0.0751873362402,0.186774726965,0.402556263697,0.162051545442
2023-08-02,4513.39,-0.0138395754174,2023-08-01,5.54,0.000219841269841,-0.0140594166872,0.0640466007973,0.187294270626,0.341957074197,0.116934640594
2023-08-03,4501.89,-0.00254797391761,2023-08-02,5.53,0.000219444444444,-0.00276741836205,0.0680431793245,0.187182950979,0.363511628429,0.132140704003
2023-08-04,4478.03,-0.00529999622381,2023-08-03,5.54,0.000219841269841,-0.00551983749365,0.0469864474192,0.186647378702,0.251739122971,0.063372586034
2023-08-07,4518.44,0.00902405745384,2023-08-04,5.54,0.000219841269841,0.00880421618399,0.0566680084532,0.186844362042,0.303289903072,0.0919847653053
2023-08-08,4499.38,-0.0042182700224,2023-08-07,5.56,0.000220634920635,-0.00443890494303,0.0539540558961,0.186890625976,0.288693216229,0.0833437730964
2023-08-09,4467.71,-0.00703874756078,2023-08-08,5.57,0.000221031746032,-0.00725977930681,0.0480342365188,0.187031464109,0.256824362402,0.0659587531231
2023-08-10,4468.83,0.000250687712497,2023-08-09,5.55,0.000220238095238,3.04496172589e-05,0.0524185755609,0.186973990343,0.280352232227,0.0785973741145
2023-08-11,4464.05,-0.00106963120101,2023-08-10,5.54,0.000219841269841,-0.00128947247085,0.0299444214579,0.185797750083,0.161166760332,0.025974724636
2023-08-14,4489.72,0.00575038362026,2023-08-11,5.54,0.000219841269841,0.00553054235041,0.0362855455072,0.185874804426,0.195214976119,0.0381088869013
2023-08-15,4437.86,-0.0115508316777,2023-08-14,5.56,0.000220634920635,-0.0117714665983,0.00729565045433,0.185466209732,0.0393368175522,0.00154738521514
2023-08-16,4404.33,-0.00755544338938,2023-08-15,5.56,0.000220634920635,-0.00777607831002,-0.00434554982701,0.185589793093,-0.0234148104516,0.000548253348483
2023-08-17,4370.36,-0.00771286438573,2023-08-16,5.56,0.000220634920635,-0.00793349930636,-0.0140467787662,0.185748724033,-0.0756224778357,0.00571875915401
2023-08-18,4369.71,-0.000148729166476,2023-08-17,5.56,0.000220634920635,-0.000369364087111,-0.00707124100701,0.185601722898,-0.0380990052064,0.00145153419772
2023-08-21,4399.77,0.00687917504823,2023-08-18,5.55,0.000220238095238,0.00665893695299,-0.00257547034121,0.185711640227,-0.0138681147722,0.000192324607335
2023-08-22,4387.55,-0.00277741791048,2023-08-21,5.57,0.000221031746032,-0.00299844965651,0.00743356225836,0.185271530908,0.040122528388,0.00160981728425
2023-08-23,4436.01,0.0110448883773,2023-08-22,5.57,0.000221031746032,0.0108238566313,0.039766273916,0.184309723558,0.215757872935,0.0465514597332
2023-08-24,4376.31,-0.0134580399954,2023-08-23,5.57,0.000221031746032,-0.0136790717414,0.0284369083811,0.184808314125,0.153872451657,0.023676731379
2023-08-25,4405.71,0.00671798844232,2023-08-24,5.58,0.000221428571429,0.00649655987089,0.0321284283917,0.184901460883,0.173759732553,0.030192444657
2023-08-28,4433.31,0.00626459753366,2023-08-25,5.61,0.000222619047619,0.00604197848604,0.0241907296392,0.184481088045,0.131128506968,0.0171946853397
2023-08-29,4497.63,0.0145083470364,2023-08-28,5.58,0.000221428571429,0.014286918465,0.0722799446398,0.18184775346,0.397475048575,0.15798641424
2023-08-30,4514.87,0.00383312989285,2023-08-29,5.56,0.000220634920635,0.00361249497222,0.0826735259411,0.181736929865,0.454907684434,0.206941001357
2023-08-31,4507.66,-0.00159694520551,2023-08-30,5.56,0.000220634920635,-0.00181758012614,0.0920019103659,0.181379859185,0.507233332185,0.25728565328
2023-09-01,4515.77,0.00179915965268,2023-08-31,5.56,0.000220634920635,0.00157852473205,0.101515339223,0.181189156011,0.560272708689,0.313905508102
2023-09-05,4496.83,-0.00419419058101,2023-09-01,5.53,0.000219444444444,-0.00441363502545,0.0942229571828,0.181235993946,0.519890972711,0.270286623506
2023-09-06,4465.48,-0.00697157775589,2023-09-05,5.55,0.000220238095238,-0.00719181585112,0.0978854770407,0.181039338797,0.540686227044,0.292341596115
2023-09-07,4451.14,-0.00321130091278,2023-09-06,5.55,0.000220238095238,-0.00343153900802,0.0986656442737,0.181018595283,0.545058059475,0.297088288199
2023-09-08,4457.49,0.00142660082586,2023-09-07,5.53,0.000219444444444,0.00120715638141,0.0816524644356,0.180140594565,0.453270761278,0.205454383029
2023-09-11,4487.46,0.00672351480317,2023-09-08,5.55,0.000220238095238,0.00650327670794,0.0816667978469,0.180144460974,0.453340599014,0.205517698714
2023-09-12,4461.9,-0.00569587249803,2023-09-11,5.55,0.000220238095238,-0.00591611059327,0.0606007101469,0.179639508431,0.33734622565,0.11380247596
2023-09-13,4467.44,0.00124162352361,2023-09-12,5.56,0.000220634920635,0.00102098860298,0.0511596599281,0.179352073511,0.285247106022,0.0813659114939
2023-09-14,4505.1,0.00842988378132,2023-09-13,5.55,0.000220238095238,0.00820964568608,0.102731662041,0.174098125533,0.590079081706,0.348193322666
2023-09-15,4450.32,-0.0121595525072,2023-09-14,5.55,0.000220238095238,-0.0123797906024,0.0870950355162,0.174541741112,0.498992590318,0.248993605193
2023-09-18,4453.53,0.000721296446098,2023-09-15,5.56,0.000220634920635,0.000500661525463,0.0990420299558,0.174135503497,0.568764140377,0.323492647379
2023-09-19,4443.95,-0.00215110260849,2023-09-18,5.55,0.000220238095238,-0.00237134070373,0.103980596293,0.173982813654,0.597648664881,0.357183926634
2023-09-20,4402.2,-0.00939479517096,2023-09-19,5.54,0.000219841269841,-0.0096146364408,0.0876357952207,0.1741554407,0.503204464176,0.253214732767
2023-09-21,4330,-0.0164008904639,2023-09-20,5.56,0.000220634920635,-0.0166215253845,0.0824201127981,0.174579705618,0.472105921513,0.222884001128
2023-09-22,4320.06,-0.00229561200924,2023-09-21,5.57,0.000221031746032,-0.00251664375527,0.0971528988481,0.173703387707,0.559303420218,0.312820315868
2023-09-25,4337.44,0.00402309227187,2023-09-22,5.56,0.000220634920635,0.00380245735123,0.109514301694,0.173501343625,0.631201461648,0.398415285186
2023-09-26,4273.53,-0.0147344977683,2023-09-25,5.58,0.000221428571429,-0.0149559263397,0.111921547282,0.173260968974,0.645970918578,0.417278427648
2023-09-27,4274.51,0.000229318619502,2023-09-26,5.58,0.000221428571429,7.89004807336e-06,0.122398550777,0.172910585158,0.707871936614,0.501082678646
2023-09-28,4299.7,0.00589307312417,2023-09-27,5.58,0.000221428571429,0.00567164455274,0.130325078971,0.172965954542,0.753472435175,0.567720710569
2023-09-29,4288.05,-0.00270949135986,2023-09-28,5.56,0.000220634920635,-0.0029301262805,0.107855749062,0.171947849269,0.627258494482,0.393453218899
2023-10-02,4288.39,7.92901202178e-05,2023-09-29,5.55,0.000220238095238,-0.00014094797502,0.128976141443,0.170556839409,0.756206211901,0.571847834917
2023-10-03,4229.45,-0.0137440857758,2023-10-02,5.62,0.000223015873016,-0.0139671016488,0.130209109016,0.170439113164,0.763962605758,0.583638862996
2023-10-04,4263.75,0.00810980151083,2023-10-03,5.62,0.000223015873016,0.00788678563782,0.112344089965,0.168721812576,0.665853977323,0.443361519116
2023-10-05,4258.19,-0.00130401641747,2023-10-04,5.61,0.000222619047619,-0.00152663546509,0.0803710559759,0.166032320558,0.48406873858,0.23432254367
2023-10-06,4308.5,0.0118148790918,2023-10-05,5.61,0.000222619047619,0.0115922600442,0.0941181952632,0.166396236352,0.565626947619,0.319933843873
2023-10-09,4335.66,0.00630381803412,2023-10-06,5.63,0.000223412698413,0.00608040533571,0.110580980531,0.166139027337,0.665593041582,0.443014097002
2023-10-10,4358.24,0.00520797294991,2023-10-06,5.63,0.000223412698413,0.0049845602515,0.143706431615,0.163692592208,0.877904306338,0.770715971087
2023-10-11,4376.95,0.00429301736481,2023-10-10,5.61,0.000222619047619,0.00407039831719,0.155406192781,0.16351966593,0.95038227908,0.903226476389
2023-10-12,4349.61,-0.00624635876581,2023-10-11,5.61,0.000222619047619,-0.00646897781343,0.15559334938,0.163507606017,0.951597012341,0.905536873896
2023-10-13,4327.78,-0.00501884076963,2023-10-12,5.63,0.000223412698413,-0.00524225346804,0.153787487735,0.163560303689,0.940249463141,0.884069052937
2023-10-16,4373.63,0.010594346293,2023-10-13,5.62,0.000223015873016,0.01037133042,0.138339968117,0.161900537949,0.854475036771,0.730127588466
2023-10-17,4373.2,-9.83165013959e-05,2023-10-16,5.61,0.000222619047619,-0.000320935549015,0.161832135018,0.160037613488,1.01121312354,1.02255198121
2023-10-18,4314.6,-0.0133997987744,2023-10-17,5.62,0.000223015873016,-0.0136228146474,0.121880425334,0.158585507907,0.768547056681,0.590664578334
2023-10-19,4278,-0.00848282575442,2023-10-18,5.61,0.000222619047619,-0.00870544480203,0.101904958665,0.158481017536,0.643010502139,0.413462505861
2023-10-20,4224.16,-0.0125853202431,2023-10-19,5.6,0.000222222222222,-0.0128075424653,0.0959298125424,0.158863446691,0.60385075699,0.364635736718
2023-10-23,4217.04,-0.00168554221431,2023-10-20,5.58,0.000221428571429,-0.00190697078574,0.102135290924,0.15864903268,0.643781365693,0.414454446813
2023-10-24,4247.68,0.00726575986948,2023-10-23,5.58,0.000221428571429,0.00704433129805,0.0856170958059,0.157087051373,0.545029619295,0.297057285909
2023-10-25,4186.77,-0.0143395924363,2023-10-24,5.58,0.000221428571429,-0.0145610210078,0.0593364231511,0.157374547014,0.377039516727,0.142158797173
2023-10-26,4137.23,-0.0118325105033,2023-10-25,5.59,0.000221825396825,-0.0120543359001,0.0311805168033,0.157044968554,0.198545149777,0.0394201764999
2023-10-27,4117.37,-0.00480031325307,2023-10-26,5.59,0.000221825396825,-0.0050221386499,0.0337103776152,0.156938674542,0.214799683466,0.0461389040172
2023-10-30,4166.82,0.012010093822,2023-10-27,5.59,0.000221825396825,0.0117882684252,0.0517443393049,0.157238499507,0.329081869054,0.10829487654
2023-10-31,4193.8,0.00647496172141,2023-10-30,5.6,0.000222222222222,0.00625273949919,0.0335345920462,0.155469213315,0.21569924573,0.0465261646084
2023-11-01,4237.86,0.0105059850255,2023-10-31,5.59,0.000221825396825,0.0102841596287,0.0514390088837,0.155603166655,0.330578162319,0.109281921402
2023-11-02,4317.78,0.0188585748467,2023-11-01,5.57,0.000221031746032,0.0186375431007,0.0743452731555,0.156625996036,0.474667520317,0.225309254844
2023-11-03,4358.34,0.00939371621528,2023-11-02,5.54,0.000219841269841,0.00917387494544,0.108688950214,0.154769704235,0.702262440519,0.493172535363
2023-11-06,4365.98,0.00175296098973,2023-11-03,5.53,0.000219444444444,0.00153351654529,0.12097590624,0.154362987938,0.783710576323,0.614202267441
2023-11-07,4378.38,0.00284014127412,2023-11-06,5.56,0.000220634920635,0.00261950635349,0.110145381114,0.153831509166,0.716013134836,0.512674809257
2023-11-08,4382.78,0.00100493789941,2023-11-07,5.55,0.000220238095238,0.000784699804168,0.101483162366,0.153567949146,0.660835564517,0.43670364333
2023-11-09,4347.35,-0.00808391021224,2023-11-08,5.54,0.000219841269841,-0.00830375148208,0.0877517714963,0.153730792498,0.570814539302,0.325829238278
2023-11-10,4415.24,0.0156164099969,2023-11-09,5.54,0.000219841269841,0.0153965687271,0.124096058827,0.152967289406,0.811258794668,0.658140831926
2023-11-13,4411.55,-0.000835741658437,2023-11-10,5.53,0.000219444444444,-0.00105518610288,0.0677766384738,0.142760177295,0.474758716036,0.225395838453
2023-11-14,4495.7,0.0190749283132,2023-11-13,5.55,0.000220238095238,0.0188546902179,0.0775603760014,0.14370220318,0.539729901734,0.291308366825
2023-11-15,4502.88,0.0015970816558,2023-11-14,5.52,0.000219047619048,0.00137803403676,0.088044045324,0.143392668909,0.614006601552,0.377004106749
2023-11-16,4508.24,0.00119034928757,2023-11-15,5.53,0.000219444444444,0.000970904843122,0.0804740509034,0.143160020383,0.562126567797,0.315986278223
2023-11-17,4514.02,0.00128209678278,2023-11-16,5.51,0.000218650793651,0.00106344598913,0.089960589775,0.142890485576,0.629577185719,0.396367432778
2023-11-20,4547.38,0.00739030841689,2023-11-17,5.5,0.000218253968254,0.00717205444863,0.100393400595,0.143005925779,0.702022661283,0.492835816955
2023-11-21,4538.19,-0.00202094392815,2023-11-20,5.54,0.000219841269841,-0.00224078519799,0.0935654694121,0.142968824309,0.654446659013,0.428300429493
2023-11-22,4556.62,0.00406109043473,2023-11-21,5.53,0.000219444444444,0.00384164599029,0.101462989468,0.142940758437,0.709825459001,0.503852182246
2023-11-24,4559.34,0.000596933692079,2023-11-22,5.54,0.000219841269841,0.000377092422238,0.0884351287768,0.142346175282,0.621268036191,0.385973972792
2023-11-27,4550.43,-0.00195423021753,2023-11-24,5.54,0.000219841269841,-0.00217407148737,0.0805209541262,0.142266238457,0.565987791619,0.320342180262
2023-11-28,4554.89,0.000980127152818,2023-11-27,5.49,0.000217857142857,0.000762270009961,0.0817408981828,0.142264645268,0.574569303771,0.330129884836
2023-11-29,4550.58,-0.000946235803719,2023-11-28,5.47,0.000217063492063,-0.00116329929578,0.0961967485895,0.141366180385,0.680479223017,0.463051972958
2023-11-30,4567.8,0.00378413301162,2023-11-29,5.45,0.00021626984127,0.00356786317035,0.101531462292,0.141385200169,0.718119450769,0.515695545573
2023-12-01,4594.63,0.00587372476904,2023-11-30,5.45,0.00021626984127,0.00565745492777,0.0764149120164,0.138170068045,0.553049680713,0.305863949337
2023-12-04,4569.78,-0.00540848773459,2023-12-01,5.43,0.000215476190476,-0.00562396392507,0.0718319844568,0.138290058019,0.519429852629,0.269807371803
2023-12-05,4567.18,-0.000568955179461,2023-12-04,5.46,0.000216666666667,-0.000785621846128,0.072412819769,0.138283816013,0.523653612236,0.274213105608
2023-12-06,4549.34,-0.00390613025981,2023-12-05,5.45,0.00021626984127,-0.00412240010108,0.0863568875369,0.137118961445,0.6297953735,0.396642212482
2023-12-07,4585.59,0.00796818879222,2023-12-06,5.45,0.00021626984127,0.00775191895095,0.108680998122,0.13649372824,0.796234372984,0.633989176722
2023-12-08,4604.37,0.00409543810066,2023-12-07,5.44,0.000215873015873,0.00387956508479,0.114596324494,0.136514186452,0.839446269083,0.704670038677
2023-12-11,4622.44,0.00392453256363,2023-12-08,5.44,0.000215873015873,0.00370865954776,0.110953462671,0.136380022792,0.813560962957,0.661881440447
2023-12-12,4643.7,0.00459930253286,2023-12-11,5.47,0.000217063492063,0.0043822390408,0.122855089217,0.136199926723,0.902020229914,0.813640495175
2023-12-13,4707.09,0.0136507526326,2023-12-12,5.46,0.000216666666667,0.0134340859659,0.122180955814,0.136138426585,0.897475891852,0.805462976455
2023-12-14,4719.55,0.00264707069548,2023-12-13,5.44,0.000215873015873,0.00243119767961,0.117496259317,0.135991621112,0.863996313567,0.746489629857
2023-12-15,4719.19,-7.62784587515e-05,2023-12-14,5.43,0.000215476190476,-0.000291754649228,0.123429889503,0.135826056566,0.908734985203,0.825799273332
2023-12-18,4740.56,0.00452831947855,2023-12-15,5.44,0.000215873015873,0.00431244646268,0.152835819703,0.133420552497,1.1455193135,1.3122144976
2023-12-19,4768.37,0.00586639553133,2023-12-18,5.46,0.000216666666667,0.00564972886466,0.169795549138,0.132974042835,1.27690747396,1.63049269705
2023-12-20,4698.35,-0.0146842631759,2023-12-19,5.43,0.000215476190476,-0.0148997393664,0.164074307072,0.133517968188,1.22885563118,1.51008616228
2023-12-21,4746.75,0.0103014888205,2023-12-20,5.44,0.000215873015873,0.0100856158047,0.173296050955,0.133851354991,1.29469030005,1.67622297304
2023-12-22,4754.63,0.00166008321483,2023-12-21,5.42,0.000215079365079,0.00144500384975,0.160045633597,0.133116794244,1.20229483069,1.44551285991
2023-12-26,4774.75,0.00423166471418,2023-12-22,5.44,0.000215873015873,0.00401579169831,0.178684937453,0.132269940757,1.35091114754,1.82496092856
2023-12-27,4781.58,0.00143044138437,2023-12-26,5.45,0.00021626984127,0.0012141715431,0.174203671671,0.132177605447,1.31795148718,1.73699612257
2023-12-28,4783.35,0.000370170529407,2023-12-27,5.44,0.000215873015873,0.000154297513534,0.178579795809,0.132085298515,1.35200357509,1.82791366707
2023-12-29,4769.83,-0.00282647098791,2023-12-28,5.45,0.00021626984127,-0.00304274082918,0.187734669779,0.131499799534,1.42764225074,2.0381623961
2024-01-02,4742.83,-0.00566057909821,2023-12-29,5.4,0.000214285714286,-0.00587486481249,0.164575473072,0.130615558546,1.25999899938,1.58759747844
2024-01-03,4704.81,-0.00801631093672,2024-01-02,5.46,0.000216666666667,-0.00823297760339,0.159059817661,0.130873308028,1.21537248547,1.47713027844
2024-01-04,4688.68,-0.00342840624807,2024-01-03,5.48,0.00021746031746,-0.00364586656553,0.159589868822,0.130853309358,1.21960896216,1.48744602059
2024-01-05,4697.24,0.00182567375039,2024-01-04,5.48,0.00021746031746,0.00160821343293,0.153838894225,0.130684402037,1.17717869789,1.38574968677
2024-01-08,4763.54,0.0141146715944,2024-01-05,5.47,0.000217063492063,0.0138976081023,0.179562619619,0.13075625616,1.37326216651,1.88584897797
2024-01-09,4756.5,-0.00147789249172,2024-01-08,5.49,0.000217857142857,-0.00169574963458,0.155211003875,0.128911990933,1.20400749962,1.44963405915
2024-01-10,4783.45,0.00566593083149,2024-01-09,5.47,0.000217063492063,0.00544886733943,0.161612823743,0.128992655364,1.2528839203,1.56971811775
2024-01-11,4780.24,-0.000671063771964,2024-01-10,5.46,0.000216666666667,-0.00088773043863,0.153933345342,0.128854619747,1.19462806723,1.427136219
2024-01-12,4783.83,0.000751008317574,2024-01-11,5.46,0.000216666666667,0.000534341650907,0.1418059882,0.128287489576,1.10537659337,1.22185741318
2024-01-16,4765.98,-0.00373131988386,2024-01-12,5.45,0.00021626984127,-0.00394758972513,0.134629747361,0.128338752367,1.04901867034,1.10044017072
2024-01-17,4739.21,-0.00561689306292,2024-01-16,5.45,0.00021626984127,-0.00583316290419,0.124984688486,0.128454200373,0.972990280762,0.946710086457
2024-01-18,4780.94,0.00880526501252,2024-01-17,5.47,0.000217063492063,0.00858820152046,0.135788669397,0.128679218389,1.05524941087,1.11355131915
2024-01-19,4839.81,0.0123134781026,2024-01-18,5.45,0.00021626984127,0.0120972082614,0.163635415063,0.128149717378,1.27690812286,1.63049435424
2024-01-22,4850.43,0.00219430101595,2024-01-19,5.45,0.00021626984127,0.00197803117468,0.173437905369,0.127871957646,1.35634042491,1.83965934826
2024-01-23,4864.6,0.00292139047466,2024-01-22,5.46,0.000216666666667,0.00270472380799,0.157411134923,0.126603084248,1.24334360303,1.54590331519
2024-01-24,4868.55,0.000811988652716,2024-01-23,5.45,0.00021626984127,0.000595718811446,0.146312797726,0.126116465521,1.1601403284,1.34592558157
2024-01-25,4894.16,0.00526029310575,2024-01-24,5.44,0.000215873015873,0.00504442008988,0.152256392642,0.126186362472,1.2065994269,1.45588217699
2024-01-26,4890.97,-0.000651797244062,2024-01-25,5.44,0.000215873015873,-0.000867670259935,0.151757753889,0.126190967855,1.20260393012,1.44625621274
2024-01-29,4927.93,0.00755678321478,2024-01-26,5.44,0.000215873015873,0.00734091019891,0.14827810256,0.125958041742,1.17720234857,1.38580536948
2024-01-30,4924.97,-0.000600657882722,2024-01-29,5.42,0.000215079365079,-0.000815737247801,0.145154460411,0.125954261526,1.15243786635,1.32811303581
2024-01-31,4845.65,-0.016105681862,2024-01-30,5.42,0.000215079365079,-0.0163207612271,0.141990129171,0.126336720509,1.12390228747,1.26315635177
2024-02-01,4906.19,0.0124936798985,2024-01-31,5.42,0.000215079365079,0.0122786005334,0.13981358038,0.126118008133,1.10859331233,1.22897913214
2024-02-02,4958.61,0.0106844618737,2024-02-01,5.42,0.000215079365079,0.0104693825086,0.140017133093,0.126136118097,1.11004790067,1.23220634179
2024-02-05,4942.81,-0.00318637682738,2024-02-02,5.43,0.000215476190476,-0.00340185301785,0.12210078019,0.125418801056,0.973544469904,0.947788834881
2024-02-06,4954.23,0.00231042666014,2024-02-05,5.42,0.000215079365079,0.00209534729506,0.134735709632,0.124936912105,1.07842996406,1.16301118739
2024-02-07,4995.06,0.00824144216155,2024-02-06,5.44,0.000215873015873,0.00802556914567,0.149088273311,0.124968688983,1.19300502009,1.42326097796
2024-02-08,4997.91,0.000570563716952,2024-02-07,5.43,0.000215476190476,0.000355087526476,0.136757735753,0.124380046384,1.09951507279,1.20893339528
2024-02-09,5026.61,0.00574240032334,2024-02-08,5.44,0.000215873015873,0.00552652730746,0.153551859465,0.123909615888,1.23922472332,1.53567791489
2024-02-12,5021.84,-0.000948949689751,2024-02-09,5.44,0.000215873015873,-0.00116482270562,0.161404167433,0.123543376192,1.30645747598,1.70683113653
2024-02-13,4953.17,-0.0136742707852,2024-02-12,5.43,0.000215476190476,-0.0138897469757,0.145508434825,0.124386669786,1.16980730392,1.3684491283
2024-02-14,5000.62,0.0095797236921,2024-02-13,5.45,0.00021626984127,0.00936345385083,0.143613377907,0.12423984705,1.15593653178,1.33618926549
2024-02-15,5029.73,0.00582127816151,2024-02-14,5.43,0.000215476190476,0.00560580197103,0.149690429662,0.124337215733,1.20390688162,1.44939177962
2024-02-16,5005.57,-0.00480343875317,2024-02-15,5.43,0.000215476190476,-0.00501891494365,0.14208886724,0.124447727375,1.14175542003,1.30360543917
2024-02-20,4975.51,-0.00600531008457,2024-02-16,5.44,0.000215873015873,-0.00622118310044,0.149846460583,0.123774689455,1.21063895407,1.46564667712
2024-02-21,4981.8,0.00126419201248,2024-02-20,5.44,0.000215873015873,0.0010483189966,0.153854291811,0.123723417806,1.24353412264,1.54637711417
2024-02-22,5087.03,0.0211228873098,2024-02-21,5.44,0.000215873015873,0.0209070142939,0.194994604285,0.123601524605,1.57760678849,2.4888431791
2024-02-23,5088.8,0.000347943692095,2024-02-22,5.45,0.00021626984127,0.000131673850826,0.196892681687,0.123576489606,1.59328592611,2.53856004233
2024-02-26,5069.53,-0.00378674736677,2024-02-23,5.46,0.000216666666667,-0.00400341403343,0.187751906558,0.123591703513,1.51913033983,2.30775698941
2024-02-27,5078.18,0.00170627257359,2024-02-26,5.47,0.000217063492063,0.00148920908153,0.199970723495,0.123053578967,1.62507035693,2.64085366499
2024-02-28,5069.76,-0.00165807434947,2024-02-27,5.45,0.00021626984127,-0.00187434419074,0.19521621955,0.123064788424,1.58628818243,2.51631019772
2024-02-29,5096.27,0.00522904437291,2024-02-28,5.45,0.00021626984127,0.00501277453164,0.203459021451,0.123070967327,1.65318454766,2.73301914863
2024-03-01,5137.08,0.0080078174822,2024-02-29,5.45,0.00021626984127,0.00779154764093,0.216169482155,0.123132727714,1.75558103981,3.08206478735
2024-03-04,5130.95,-0.00119328490115,2024-03-01,5.42,0.000215079365079,-0.00140836426623,0.207373420353,0.122979509688,1.6862436749,2.84341773113
2024-03-05,5078.65,-0.0101930441731,2024-03-04,5.48,0.00021746031746,-0.0104105044906,0.181009968066,0.122550259013,1.47702640145,2.18160699057
2024-03-06,5104.76,0.00514113002471,2024-03-05,5.47,0.000217063492063,0.00492406653265,0.185441716358,0.122622224449,1.51230103019,2.28705440591
2024-03-07,5157.36,0.0103041083224,2024-03-06,5.47,0.000217063492063,0.0100870448304,0.211051363173,0.121882886236,1.73159144562,2.99840893454
2024-03-08,5123.69,-0.00652853397862,2024-03-07,5.47,0.000217063492063,-0.00674559747069,0.2030909447,0.122117752691,1.66307469819,2.76581745175
2024-03-11,5117.94,-0.00112223807451,2024-03-08,5.46,0.000216666666667,-0.00133890474118,0.220412206206,0.120561959977,1.82820689252,3.34234044185
2024-03-12,5175.27,0.0112017725882,2024-03-11,5.48,0.00021746031746,0.0109843122707,0.246075058997,0.119966354793,2.05120060054,4.20742390366
2024-03-13,5165.31,-0.00192453727052,2024-03-12,5.48,0.00021746031746,-0.00214199758798,0.245641611739,0.119976446896,2.04741528936,4.19190936711
2024-03-14,5150.48,-0.00287107646976,2024-03-13,5.48,0.00021746031746,-0.00308853678722,0.226269680996,0.119057877348,1.90050155468,3.61190615933
2024-03-15,5117.09,-0.00648289091502,2024-03-14,5.48,0.00021746031746,-0.00670035123248,0.226743836783,0.11902492798,1.9050113336,3.62906818115
2024-03-18,5149.42,0.00631804404456,2024-03-15,5.48,0.00021746031746,0.0061005837271,0.215470931757,0.117991606268,1.82615474585,3.3348411558
2024-03-19,5178.51,0.00564917990764,2024-03-18,5.48,0.00021746031746,0.00543171959018,0.232110169454,0.117453093657,1.97619460014,3.9053450976
2024-03-20,5224.62,0.00890410562111,2024-03-19,5.48,0.00021746031746,0.00868664530365,0.232057821244,0.117452146378,1.97576484041,3.90364670461
2024-03-21,5241.53,0.00323659902538,2024-03-20,5.47,0.000217063492063,0.00301953553332,0.222286048028,0.116868166868,1.9020239128,3.61769496485
2024-03-22,5234.18,-0.00140226231654,2024-03-21,5.48,0.00021746031746,-0.001619722634,0.237319195596,0.115559229536,2.0536585139,4.21751329171
2024-03-25,5218.19,-0.00305491977731,2024-03-22,5.46,0.000216666666667,-0.00327158644398,0.231253159806,0.115621147835,2.00009396323,4.00037586174
2024-03-26,5203.58,-0.00279982139401,2024-03-25,5.46,0.000216666666667,-0.00301648806067,0.222784567893,0.115598900125,1.92722048093,3.7141787821
2024-03-27,5248.49,0.00863059662771,2024-03-26,5.46,0.000216666666667,0.00841392996104,0.229739648628,0.115842786415,1.98320202523,3.93309027289
2024-03-28,5254.35,0.0011165116062,2024-03-27,5.45,0.00021626984127,0.000900241764926,0.232408572715,0.115811038473,2.00679119866,4.02721091501
2024-04-01,5243.77,-0.00201356970891,2024-03-28,5.46,0.000216666666667,-0.00223023637557,0.216131553416,0.115103627034,1.87771279659,3.52580534649
2024-04-02,5205.81,-0.00723906654945,2024-04-01,5.44,0.000215873015873,-0.00745493956532,0.203151825418,0.115307940363,1.76181991265,3.10400940461
2024-04-03,5211.49,0.00109108861061,2024-04-02,5.42,0.000215079365079,0.000876009245531,0.189788509314,0.114518795013,1.65726952762,2.74654228719
2024-04-04,5147.21,-0.0123342844369,2024-04-03,5.42,0.000215079365079,-0.012549363802,0.173732688007,0.11525509986,1.50737527639,2.27218022386
2024-04-05,5204.34,0.0110992168573,2024-04-04,5.41,0.000214682539683,0.0108845343176,0.190608719025,0.115506794852,1.65019485883,2.72314307209
2024-04-08,5202.39,-0.000374687280231,2024-04-05,5.43,0.000215476190476,-0.000590163470708,0.192704524545,0.115462420185,1.66898047206,2.7854958161
2024-04-09,5209.91,0.00144548947695,2024-04-08,5.43,0.000215476190476,0.00123001328648,0.190548265407,0.115433929304,1.6507128065,2.72485276955
2024-04-10,5160.64,-0.00945697718387,2024-04-09,5.43,0.000215476190476,-0.00967245337434,0.180074312237,0.115904121723,1.55364890877,2.41382493173
2024-04-11,5199.06,0.00744481304644,2024-04-10,5.45,0.00021626984127,0.00722854320517,0.187545814233,0.116082686058,1.6156226273,2.61023647386
2024-04-12,5123.41,-0.0145507072432,2024-04-11,5.45,0.00021626984127,-0.0147669770845,0.177113723518,0.117005359493,1.51372316863,2.29135783126
2024-04-15,5061.82,-0.0120212905077,2024-04-12,5.45,0.00021626984127,-0.012237560349,0.15181274412,0.117059292906,1.29688758877,1.68191741791
2024-04-16,5051.41,-0.00205657253715,2024-04-15,5.45,0.00021626984127,-0.00227284237842,0.151811637431,0.117058976938,1.29688163524,1.68190197583
2024-04-17,5022.21,-0.0057805642385,2024-04-16,5.45,0.00021626984127,-0.00599683407977,0.142712539067,0.117217727497,1.21749962327,1.48230533265
2024-04-18,5011.12,-0.00220819121462,2024-04-17,5.45,0.00021626984127,-0.00242446105589,0.139639674356,0.117255860372,1.19089718768,1.41823611163
2024-04-19,4967.23,-0.00875852104919,2024-04-18,5.46,0.000216666666667,-0.00897518771585,0.130955074342,0.117639602405,1.11318868531,1.23918904911
2024-04-22,5010.6,0.00873122444501,2024-04-19,5.45,0.00021626984127,0.00851495460374,0.145627343733,0.11771772858,1.23708931092,1.5303899632
2024-04-23,5070.55,0.0119646349739,2024-04-22,5.42,0.000215079365079,0.0117495556088,0.15667688032,0.118246462237,1.32500268808,1.75563212342
2024-04-24,5071.63,0.000212994645551,2024-04-23,5.45,0.00021626984127,-3.27519571848e-06,0.156025998933,0.118248116887,1.31947977728,1.74102688265
2024-04-25,5048.42,-0.00457643794993,2024-04-24,5.46,0.000216666666667,-0.0047931046166,0.167250064786,0.117189164845,1.42718027735,2.03684354407
2024-04-26,5099.96,0.0102091347392,2024-04-25,5.47,0.000217063492063,0.00999207124712,0.181286524107,0.117462729183,1.54335358431,2.38194028619
2024-04-29,5116.17,0.00317845630162,2024-04-26,5.46,0.000216666666667,0.00296178963495,0.164886952456,0.115987174762,1.42159642041,2.02093638253
2024-04-30,5035.69,-0.0157305171642,2024-04-29,5.45,0.00021626984127,-0.0159467870055,0.140892489719,0.116930539937,1.20492464839,1.45184340829
2024-05-01,5018.39,-0.00343547756117,2024-04-30,5.46,0.000216666666667,-0.00365214422783,0.137828865723,0.117000715374,1.17801729059,1.38772473693
2024-05-02,5064.2,0.00912842565046,2024-05-01,5.46,0.000216666666667,0.00891175898379,0.15853600558,0.116638562387,1.35920747252,1.84744495334
2024-05-03,5127.79,0.0125567710596,2024-05-02,5.46,0.000216666666667,0.0123401043929,0.178082332714,0.116956934039,1.52263167787,2.31840722645
2024-05-06,5180.74,0.0103260858967,2024-05-03,5.45,0.00021626984127,0.0101098160554,0.195619604101,0.117046487736,1.67129836944,2.79323823969
2024-05-07,5187.7,0.001343437424,2024-05-06,5.45,0.00021626984127,0.00112716758273,0.1784807578,0.115723929227,1.54229776842,2.37868240648
2024-05-08,5187.67,-5.78290957454e-06,2024-05-07,5.45,0.00021626984127,-0.000222052750844,0.178015334876,0.115726716276,1.53823888385,2.36617886379
2024-05-09,5214.08,0.00509091750246,2024-05-08,5.45,0.00021626984127,0.00487464766119,0.187680071031,0.115669043955,1.62256092567,2.63270395752
2024-05-10,5222.68,0.00164938013993,2024-05-09,5.46,0.000216666666667,0.00143271347326,0.184838792118,0.11561711853,1.59871474456,2.55588883448
2024-05-13,5221.42,-0.000241255447395,2024-05-10,5.47,0.000217063492063,-0.000458318939458,0.186285029015,0.115592815694,1.61156234405,2.59713318876
2024-05-14,5246.68,0.00483776443956,2024-05-13,5.45,0.00021626984127,0.00462149459829,0.192696170243,0.115629492163,1.66649672708,2.77721134136
2024-05-15,5308.15,0.0117159803914,2024-05-14,5.44,0.000215873015873,0.0115001073755,0.201446375418,0.116110404638,1.73495541631,3.0100702966
2024-05-16,5297.1,-0.00208170454867,2024-05-15,5.45,0.00021626984127,-0.00229797438994,0.205732858433,0.115915026013,1.77485926984,3.15012542772
2024-05-17,5303.27,0.00116478828038,2024-05-16,5.45,0.00021626984127,0.00094851843911,0.194998116292,0.115401529975,1.68973597086,2.85520765122
2024-05-20,5308.13,0.000916415720867,2024-05-17,5.46,0.000216666666667,0.0006997490542,0.186461495151,0.115089010899,1.62015029666,2.62488698378
2024-05-21,5321.41,0.00250182267578,2024-05-20,5.45,0.00021626984127,0.00228555283451,0.190403671681,0.115073943056,1.65462020875,2.7377680352
2024-05-22,5307.01,-0.00270604971239,2024-05-21,5.45,0.00021626984127,-0.00292231955366,0.187536214771,0.115129922614,1.62890941393,2.6533458788
2024-05-23,5267.84,-0.00738080388015,2024-05-22,5.45,0.00021626984127,-0.00759707372142,0.191375499782,0.11478535342,1.66724668331,2.77971150301
2024-05-24,5304.72,0.00700097193537,2024-05-23,5.46,0.000216666666667,0.0067843052687,0.205690347977,0.114639418127,1.79423754358,3.21928836278
2024-05-28,5306.04,0.000248834999774,2024-05-24,5.46,0.000216666666667,3.21683331071e-05,0.197177920624,0.114379341332,1.72389452786,2.9718123432
2024-05-29,5266.95,-0.00736707601149,2024-05-28,5.46,0.000216666666667,-0.00758374267816,0.176758682709,0.114041717749,1.54994756479,2.40233745359
2024-05-30,5235.48,-0.00597499501609,2024-05-29,5.46,0.000216666666667,-0.00619166168276,0.17076228072,0.114246540874,1.49468228459,2.23407513185
2024-05-31,5277.51,0.00802791721103,2024-05-30,5.46,0.000216666666667,0.00781125054436,0.18490240753,0.114251030688,1.61838721644,2.61917718233
2024-06-03,5283.4,0.00111605662519,2024-05-31,5.46,0.000216666666667,0.000899389958522,0.176166377343,0.113901023567,1.54666193354,2.39216313665
2024-06-04,5291.34,0.00150282015369,2024-06-03,5.52,0.000219047619048,0.00128377253464,0.163134002208,0.113079332053,1.44265091813,2.08124167157
2024-06-05,5354.03,0.011847660517,2024-06-04,5.52,0.000219047619048,0.0116286128979,0.176984432522,0.113573784526,1.5583211677,2.42836486169
2024-06-06,5352.96,-0.000199849459192,2024-06-05,5.51,0.000218650793651,-0.000418500252843,0.174428716316,0.113570128234,1.53586791727,2.35889025931
2024-06-07,5346.99,-0.00111527080344,2024-06-06,5.51,0.000218650793651,-0.00133392159709,0.177122659284,0.113489546389,1.56069580786,2.43577140466
2024-06-10,5360.79,0.0025808913052,2024-06-07,5.52,0.000219047619048,0.00236184368615,0.173510976307,0.113378706267,1.53036652137,2.34202168974
2024-06-11,5375.32,0.00271042141177,2024-06-10,5.52,0.000219047619048,0.00249137379272,0.175067709799,0.113392813637,1.54390480476,2.38364204615
2024-06-12,5421.03,0.00850367978092,2024-06-11,5.52,0.000219047619048,0.00828463216188,0.174244361379,0.113334890489,1.53742912379,2.36368831067
2024-06-13,5433.74,0.00234457289482,2024-06-12,5.51,0.000218650793651,0.00212592210117,0.169651984433,0.113182849969,1.49891953135,2.24675976146
2024-06-14,5431.6,-0.000393835553412,2024-06-13,5.51,0.000218650793651,-0.000612486347063,0.168432788898,0.113190124114,1.48805198525,2.21429871082
2024-06-17,5473.23,0.00766440827749,2024-06-14,5.51,0.000218650793651,0.00744575748384,0.16391310781,0.112827458207,1.45277674792,2.11056027931
2024-06-18,5487.03,0.0025213630708,2024-06-17,5.52,0.000219047619048,0.00230231545175,0.170098550597,0.112747203227,1.50867201782,2.27609125737
2024-06-20,5473.17,-0.00252595666508,2024-06-18,5.5,0.000218253968254,-0.00274421063334,0.172301378831,0.112658094498,1.52941854376,2.33912108201
2024-06-21,5464.62,-0.00156216598425,2024-06-20,5.5,0.000218253968254,-0.0017804199525,0.175980124853,0.112516447135,1.56403911903,2.44621836586
2024-06-24,5447.87,-0.00306517196072,2024-06-21,5.49,0.000217857142857,-0.00328302910358,0.169200627837,0.112551516613,1.50331717358,2.25996252438
2024-06-25,5469.3,0.00393364746222,2024-06-24,5.5,0.000218253968254,0.00371539349397,0.180789102679,0.112264190857,1.61038975384,2.59335515926
2024-06-26,5477.9,0.00157241328872,2024-06-25,5.49,0.000217857142857,0.00135455614586,0.186845121347,0.112133811528,1.66626924388,2.7764531931
2024-06-27,5482.87,0.000907281987623,2024-06-26,5.5,0.000218253968254,0.000689028019369,0.176296625548,0.111637541165,1.5791876434,2.49383361307
2024-06-28,5460.48,-0.00408362773511,2024-06-27,5.49,0.000217857142857,-0.00430148487797,0.172565023475,0.111742445262,1.54431042806,2.3848946982
2024-07-01,5475.09,0.00267558895921,2024-06-28,5.48,0.00021746031746,0.00245812864175,0.170765498449,0.111699220238,1.52879758771,2.3372220642
2024-07-02,5509.01,0.00619533194888,2024-07-01,5.47,0.000217063492063,0.00597826845682,0.164691415912,0.111242524914,1.48047175341,2.19179661264
2024-07-03,5537.02,0.0050843981042,2024-07-02,5.47,0.000217063492063,0.00486733461213,0.168603540167,0.111321906026,1.51455851041,2.29388748146
2024-07-05,5567.19,0.00544877930728,2024-07-03,5.47,0.000217063492063,0.00523171581522,0.176019442959,0.111377972833,1.58037930195,2.49759873803
2024-07-08,5572.85,0.00101667088783,2024-07-05,5.46,0.000216666666667,0.00080000422116,0.184957835611,0.111023887726,1.66592829165,2.77531707292
2024-07-09,5576.98,0.000741092977561,2024-07-08,5.46,0.000216666666667,0.000524426310894,0.188564108717,0.11095795236,1.69941950717,2.88802666137
2024-07-10,5633.91,0.0102080337387,2024-07-09,5.46,0.000216666666667,0.00999136707202,0.196367023052,0.111333261402,1.76377679572,3.11090858511
2024-07-11,5584.54,-0.00876300828377,2024-07-10,5.46,0.000216666666667,-0.00897967495043,0.180862593262,0.111609344366,1.62049687049,2.62601010726
2024-07-12,5615.35,0.00551701662089,2024-07-11,5.44,0.000215873015873,0.00530114360501,0.178970448909,0.111515045922,1.60489956695,2.57570262001
2024-07-15,5631.22,0.00282618180523,2024-07-12,5.43,0.000215476190476,0.00261070561475,0.173328038058,0.111274382033,1.5576634522,2.42631543031
2024-07-16,5667.2,0.0063893792109,2024-07-15,5.43,0.000215476190476,0.00617390302042,0.180743385729,0.111392175845,1.62258600622,2.63278534759
2024-07-17,5588.27,-0.0139275127047,2024-07-16,5.43,0.000215476190476,-0.0141429888952,0.16296289754,0.112339573361,1.45062770548,2.10432073991
2024-07-18,5544.59,-0.00781637250884,2024-07-17,5.43,0.000215476190476,-0.00803184869932,0.148031617761,0.11249756904,1.31586503623,1.73150079356
2024-07-19,5505,-0.00714029351133,2024-07-18,5.43,0.000215476190476,-0.00735576970181,0.138535846331,0.112766621605,1.22851819411,1.50925695326
2024-07-22,5564.41,0.0107920072661,2024-07-19,5.43,0.000215476190476,0.0105765310756,0.156087109697,0.11295628898,1.38183638208,1.90947178683
2024-07-23,5555.74,-0.00155811667365,2024-07-22,5.43,0.000215476190476,-0.00177359286412,0.154207219149,0.11298055626,1.36490051257,1.8629534092
2024-07-24,5427.13,-0.0231490314522,2024-07-23,5.41,0.000214682539683,-0.0233637139918,0.12702766997,0.11544971826,1.10028566448,1.21062854345
2024-07-25,5399.22,-0.00514268130669,2024-07-24,5.4,0.000214285714286,-0.00535696702098,0.119074641712,0.115579068953,1.03024399479,1.0614026888
2024-07-26,5459.1,0.0110904908487,2024-07-25,5.39,0.000213888888889,0.0108766019598,0.130325341914,0.11604261866,1.1230817041,1.26131251409
2024-07-29,5463.54,0.000813320877068,2024-07-26,5.38,0.000213492063492,0.000599828813575,0.1375685218,0.115819770627,1.18778098986,1.41082367987
2024-07-30,5436.44,-0.00496015403932,2024-07-29,5.41,0.000214682539683,-0.00517483657901,0.122734454139,0.115597753442,1.061737365,1.12728623224
2024-07-31,5522.3,0.0157934236375,2024-07-30,5.4,0.000214285714286,0.0155791379232,0.137063922485,0.11657617976,1.17574553196,1.38237755591
2024-08-01,5446.68,-0.0136935697083,2024-07-31,5.41,0.000214682539683,-0.013908252248,0.126041000205,0.117420276913,1.07341767128,1.15222549702
2024-08-02,5346.56,-0.0183818399465,2024-08-01,5.37,0.000213095238095,-0.0185949351846,0.121505481708,0.11807171434,1.02908204888,1.05900986333
2024-08-05,5186.33,-0.0299688023701,2024-08-02,5.29,0.000209920634921,-0.030178723005,0.0940941770646,0.121949445651,0.771583475124,0.595341059085
2024-08-06,5240.03,0.0103541425247,2024-08-05,5.35,0.000212301587302,0.0101418409374,0.109755855496,0.122194683547,0.898204834362,0.806771924471
2024-08-07,5199.5,-0.00773468854186,2024-08-06,5.34,0.000211904761905,-0.00794659330376,0.0930050460078,0.12219129672,0.761142966027,0.579338614733
2024-08-08,5319.31,0.02304260025,2024-08-07,5.34,0.000211904761905,0.0228306954881,0.120274646439,0.12414041046,0.968859745131,0.938689205735
2024-08-09,5344.16,0.00467165854218,2024-08-08,5.34,0.000211904761905,0.00445975378027,0.131994179526,0.123960164933,1.06481126092,1.13382302137
2024-08-12,5344.39,4.30376336038e-05,2024-08-09,5.33,0.000211507936508,-0.000168470302904,0.131795259606,0.123961164277,1.06319798119,1.13038994721
2024-08-13,5434.43,0.0168475728755,2024-08-12,5.33,0.000211507936508,0.016636064939,0.149720797016,0.1249890686,1.1978711314,1.43489524743
2024-08-14,5455.21,0.00382376808607,2024-08-13,5.32,0.000211111111111,0.00361265697496,0.14780291164,0.124927473542,1.1831097472,1.39974867391
2024-08-15,5543.22,0.016133201105,2024-08-14,5.32,0.000211111111111,0.0159220899939,0.175496468233,0.125245696252,1.40121755465,1.96341063546
2024-08-16,5554.25,0.00198981819231,2024-08-15,5.34,0.000211904761905,0.00177791343041,0.185050459973,0.124961060744,1.48086499003,2.1929611187
2024-08-19,5608.25,0.00972228473691,2024-08-16,5.33,0.000211507936508,0.00951077680041,0.20249473608,0.124963619443,1.62042950567,2.62579178284
2024-08-20,5597.12,-0.00198457629385,2024-08-19,5.31,0.000210714285714,-0.00219529057957,0.200668809587,0.124994354499,1.60542298404,2.57738295768
2024-08-21,5620.85,0.00423968040707,2024-08-20,5.29,0.000209920634921,0.00402975977215,0.198039632406,0.124897833149,1.58561303598,2.51416869987
2024-08-22,5570.64,-0.00893281265289,2024-08-21,5.26,0.00020873015873,-0.00914154281162,0.191896539251,0.125236122572,1.53227787087,2.34787547356
2024-08-23,5634.61,0.0114834202174,2024-08-22,5.28,0.000209523809524,0.0112738964079,0.192346579028,0.125272273211,1.53542818453,2.35753970984
2024-08-26,5616.84,-0.00315372315032,2024-08-23,5.25,0.000208333333333,-0.00336205648365,0.202663594286,0.124501306803,1.62780294833,2.6497424386
2024-08-27,5625.8,0.0015952029967,2024-08-26,5.24,0.000207936507937,0.00138726648877,0.197554300904,0.124371306359,1.58842346106,2.52308909165
2024-08-28,5592.18,-0.00597603896335,2024-08-27,5.23,0.00020753968254,-0.00618357864589,0.185328743772,0.124453549004,1.48913988597,2.21753759998
2024-08-29,5591.96,-3.93406506944e-05,2024-08-28,5.21,0.000206746031746,-0.00024608668244,0.170795738624,0.123710709288,1.38060592819,1.90607272896
2024-08-30,5648.4,0.0100930621821,2024-08-29,5.22,0.000207142857143,0.00988591932499,0.177069162977,0.124017981592,1.42777007579,2.03852738931
2024-09-03,5528.93,-0.0211511224418,2024-08-30,5.21,0.000206746031746,-0.0213578684735,0.15752887463,0.125943000077,1.2507949988,1.56448812902
2024-09-04,5520.07,-0.00160248004587,2024-09-03,5.19,0.000205952380952,-0.00180843242682,0.154141917471,0.125962983888,1.22370805068,1.49746139329
2024-09-05,5503.41,-0.0030180776693,2024-09-04,5.18,0.000205555555556,-0.00322363322486,0.155331919271,0.125921383207,1.23356268265,1.52167689202
2024-09-06,5408.42,-0.0172602077621,2024-09-05,5.15,0.000204365079365,-0.0174645728415,0.145059162281,0.126977528638,1.14240026433,1.30507836395
2024-09-09,5471.05,0.0115800917828,2024-09-06,5.13,0.000203571428571,0.0113765203542,0.159867221643,0.12737018679,1.25513847213,1.57537258423
2024-09-10,5495.52,0.00447263322397,2024-09-09,5.11,0.000202777777778,0.00426985544619,0.162929920708,0.127420416543,1.27867986253,1.63502219083
2024-09-11,5554.13,0.010665050805,2024-09-10,5.06,0.000200793650794,0.0104642571542,0.166890901154,0.127663148301,1.30727546184,1.70896913312
2024-09-12,5595.76,0.00749532329996,2024-09-11,5.1,0.000202380952381,0.00729294234758,0.180099954095,0.127662597556,1.41074956599,1.99021433794
2024-09-13,5626.02,0.00540766580411,2024-09-12,5.06,0.000200793650794,0.00520687215332,0.184285837646,0.127740719591,1.44265539004,2.0812545744
2024-09-16,5633.09,0.00125666101436,2024-09-13,4.97,0.000197222222222,0.00105943879214,0.177135630752,0.127520103235,1.38908004509,1.92954337168
2024-09-17,5634.58,0.000264508466934,2024-09-16,4.96,0.000196825396825,6.76830701083e-05,0.189583104424,0.126844215417,1.4946137181,2.23387016632
2024-09-18,5618.26,-0.00289640044156,2024-09-17,4.95,0.000196428571429,-0.00309282901299,0.185989613886,0.126902872339,1.46560602182,2.14800101119
2024-09-19,5713.64,0.0169767864072,2024-09-18,4.84,0.000192063492063,0.0167847229151,0.205145677504,0.127870814978,1.60431977805,2.57384195023
2024-09-20,5702.55,-0.00194096932953,2024-09-19,4.8,0.000190476190476,-0.00213144552001,0.212628868425,0.12747734939,1.66797371801,2.78213632398
2024-09-23,5718.57,0.00280926953731,2024-09-20,4.75,0.000188492063492,0.00262077747382,0.231871171284,0.126277435014,1.83620431678,3.37164629295
2024-09-24,5732.93,0.00251111728981,2024-09-23,4.72,0.000187301587302,0.00232381570251,0.236711630741,0.126237770841,1.87512524313,3.51609467743
2024-09-25,5722.26,-0.0018611774433,2024-09-24,4.69,0.000186111111111,-0.00204728855441,0.230861884836,0.126240689875,1.82874384689,3.34430405755
2024-09-26,5745.37,0.004038614114,2024-09-25,4.69,0.000186111111111,0.00385250300289,0.249670314178,0.12526393703,1.9931539763,3.97266277325
2024-09-27,5738.17,-0.00125318299779,2024-09-26,4.68,0.000185714285714,-0.0014388972835,0.248223526847,0.125284315025,1.98128174942,3.92547737058
2024-09-30,5762.48,0.00423654231227,2024-09-27,4.68,0.000185714285714,0.00405082802656,0.246602710321,0.125232959725,1.96915181804,3.87755888247
2024-10-01,5708.75,-0.00932411045244,2024-09-30,4.73,0.000187698412698,-0.00951180886514,0.240021027736,0.125614049086,1.91078171177,3.65108675005
2024-10-02,5709.54,0.000138384059558,2024-10-01,4.71,0.000186904761905,-4.85207023471e-05,0.240113455009,0.125613549032,1.91152512495,3.65392830332
2024-10-03,5699.94,-0.00168139639971,2024-10-02,4.69,0.000186111111111,-0.00186750751082,0.252213049147,0.124752101432,2.02171383288,4.08732682207
2024-10-04,5751.07,0.00897026986249,2024-10-03,4.68,0.000185714285714,0.00878455557678,0.253110819086,0.124802800667,2.02808605041,4.11313302786
2024-10-07,5695.94,-0.00958604224953,2024-10-04,4.73,0.000187698412698,-0.00977374066223,0.244863713888,0.125244913339,1.95507911149,3.82233433218
2024-10-08,5751.13,0.00968935768284,2024-10-07,4.77,0.000189285714286,0.00950007196856,0.242771525813,0.125081744288,1.94090294467,3.76710424065
2024-10-09,5792.04,0.00711338467397,2024-10-08,4.75,0.000188492063492,0.00692489261048,0.243616013087,0.125117669185,1.94709519985,3.79117971729
2024-10-10,5780.05,-0.00207008238893,2024-10-09,4.75,0.000188492063492,-0.00225857445243,0.236372878384,0.125094159993,1.88955965967,3.57043570746
2024-10-11,5815.03,0.00605185076254,2024-10-10,4.75,0.000188492063492,0.00586335869904,0.238165838765,0.125150850736,1.90303012217,3.62152364589
2024-10-14,5859.85,0.0077076128584,2024-10-11,4.73,0.000187698412698,0.0075199144457,0.252154731025,0.125099790925,2.01562871657,4.06275912306
2024-10-15,5815.26,-0.00760940979718,2024-10-11,4.73,0.000187698412698,-0.00779710820988,0.249599876283,0.125256107338,1.9927162163,3.97091791871
2024-10-16,5842.47,0.00467906851972,2024-10-15,4.73,0.000187698412698,0.00449137010702,0.24371991597,0.12495018269,1.95053669168,3.8045933856
2024-10-17,5841.47,-0.000171160485206,2024-10-16,4.72,0.000187301587302,-0.000358462072507,0.243682389446,0.124950952478,1.95022434494,3.8033749956
2024-10-18,5864.67,0.00397160303828,2024-10-17,4.74,0.000188095238095,0.00378350780018,0.261088711894,0.124120643756,2.10350755517,4.42474403467
2024-10-21,5853.98,-0.00182277945733,2024-10-18,4.73,0.000187698412698,-0.00201047787003,0.267783678826,0.123774560872,2.16347912641,4.6806419304
2024-10-22,5851.2,-0.000474890587259,2024-10-21,4.73,0.000187698412698,-0.000662588999957,0.279928632291,0.12300301527,2.27578674943,5.17920532886
2024-10-23,5797.42,-0.00919127700301,2024-10-22,4.72,0.000187301587302,-0.00937857859031,0.272457024487,0.123415685231,2.20763693023,4.87366081573
2024-10-24,5809.86,0.00214578208927,2024-10-23,4.73,0.000187698412698,0.00195808367658,0.267370776865,0.123273073972,2.16893088045,4.70426116417
2024-10-25,5808.12,-0.000299490865529,2024-10-24,4.7,0.000186507936508,-0.000485998802037,0.281445799071,0.122283302928,2.30158813454,5.29730794106
2024-10-28,5823.52,0.00265146036928,2024-10-25,4.73,0.000187698412698,0.00246376195658,0.295963896928,0.121573849335,2.43443716347,5.92648430291
2024-10-29,5832.92,0.00161414402286,2024-10-28,4.7,0.000186507936508,0.00142763608635,0.302413671664,0.121415220266,2.49073939002,6.20378270899
2024-10-30,5813.67,-0.00330023384514,2024-10-29,4.7,0.000186507936508,-0.00348674178165,0.287138661457,0.121038244708,2.37229697233,5.62779292494
2024-10-31,5705.45,-0.0186147476551,2024-10-30,4.67,0.000185317460317,-0.0188000651154,0.262085856842,0.122562777294,2.13838053143,4.57267129719
2024-11-01,5728.8,0.00409257814896,2024-10-31,4.64,0.000184126984127,0.00390845116484,0.255710148379,0.122243991736,2.09180136174,4.37563293698
2024-11-04,5712.69,-0.00281210724759,2024-11-01,4.61,0.000182936507937,-0.00299504375553,0.234077561522,0.121020532657,1.93419708527,3.74111836467
2024-11-05,5782.76,0.0122656751898,2024-11-04,4.65,0.000184523809524,0.0120811513803,0.236984837957,0.121251029228,1.95449753677,3.82006062125
2024-11-06,5929.04,0.0252958794762,2024-11-05,4.64,0.000184126984127,0.0251117524921,0.260563073904,0.123630477937,2.10759578263,4.44195998294
2024-11-07,5973.1,0.00743121989395,2024-11-06,4.64,0.000184126984127,0.00724709290982,0.26519066046,0.123775099409,2.14252027853,4.59039314392
2024-11-08,5995.54,0.00375684318026,2024-11-07,4.63,0.00018373015873,0.00357311302153,0.267979073678,0.123799916014,2.16461434147,4.68555524732
2024-11-11,6001.35,0.000969053663223,2024-11-08,4.63,0.00018373015873,0.000785323504493,0.277068148664,0.123443339914,2.24449653467,5.03776469416
2024-11-12,5983.99,-0.00289268247978,2024-11-08,4.63,0.00018373015873,-0.00307641263851,0.258595167299,0.122674985163,2.10796982738,4.44353679316
2024-11-13,5985.38,0.000232286484436,2024-11-12,4.63,0.00018373015873,4.85563257058e-05,0.259698909727,0.12266151661,2.11719956596,4.48253400212
2024-11-14,5949.17,-0.00604974120273,2024-11-13,4.6,0.00018253968254,-0.00623228088527,0.234611938624,0.121562298673,1.9299728714,3.72479528436
2024-11-15,5870.62,-0.0132035225082,2024-11-14,4.61,0.000182936507937,-0.0133864590161,0.219847445571,0.122404698772,1.79607031247,3.22586856733
2024-11-18,5893.62,0.00391781447275,2024-11-15,4.6,0.00018253968254,0.00373527479021,0.222611815518,0.122437488709,1.81816711421,3.3057316552
2024-11-19,5916.98,0.00396360810504,2024-11-18,4.63,0.00018373015873,0.00377987794631,0.225328247475,0.122470993451,1.83984991977,3.3850477273
2024-11-20,5917.11,2.19706674689e-05,2024-11-19,4.62,0.000183333333333,-0.000161362665864,0.217994830361,0.122312842399,1.78227262227,3.17649570011
2024-11-21,5948.71,0.00534044491314,2024-11-20,4.62,0.000183333333333,0.00515711157981,0.225392727139,0.122347289984,1.84223718538,3.39383784718
2024-11-22,5969.34,0.00346797877187,2024-11-21,4.63,0.00018373015873,0.00328424861314,0.224835329762,0.122334335423,1.83787592407,3.37778791227
2024-11-25,5987.37,0.00302043441989,2024-11-22,4.63,0.00018373015873,0.00283670426116,0.227294941601,0.12234829786,1.85776954462,3.45130768092
2024-11-26,6021.63,0.00572204490452,2024-11-25,4.62,0.000183333333333,0.00553871157119,0.235007724659,0.122395987224,1.92006069797,3.68663308391
2024-11-27,5998.74,-0.00380129632674,2024-11-26,4.61,0.000182936507937,-0.00398423283468,0.230261221814,0.122495685502,1.87974964891,3.53345874256
2024-11-29,6032.38,0.00560784431397,2024-11-27,4.6,0.00018253968254,0.00542530463143,0.236849825742,0.122559854101,1.93252372467,3.73464794639
2024-12-02,6047.15,0.002448453181,2024-11-29,4.58,0.000181746031746,0.00226670714925,0.235548669721,0.122538297258,1.92224533057,3.69502711089
2024-12-03,6049.88,0.000451452337051,2024-12-02,4.51,0.000178968253968,0.000272484083083,0.230163698876,0.122448092654,1.87968382264,3.53321127311
2024-12-04,6086.49,0.00605135969639,2024-12-03,4.49,0.000178174603175,0.00587318509322,0.241660847894,0.122370696932,1.97482611403,3.89993818066
2024-12-05,6075.11,-0.00186971472885,2024-12-04,4.47,0.000177380952381,-0.00204709568123,0.240399374059,0.122396140176,1.9641091109,3.85772459952
2024-12-06,6090.27,0.00249542806632,2024-12-05,4.46,0.000176984126984,0.00231844393934,0.246840218099,0.122297354968,2.01836105256,4.07378133849
2024-12-09,6052.85,-0.00614422677484,2024-12-06,4.42,0.000175396825397,-0.00631962360024,0.232768675548,0.122326067408,1.90285423607,3.62085424372
2024-12-10,6034.91,-0.00296389304212,2024-12-09,4.42,0.000175396825397,-0.00313928986752,0.225749820596,0.122358049235,1.84499362329,3.40400146997
2024-12-11,6084.19,0.00816582185981,2024-12-10,4.41,0.000175,0.00799082185981,0.230031982908,0.122529600152,1.87735847193,3.52447483214
2024-12-12,6051.25,-0.00541403210616,2024-12-11,4.38,0.00017380952381,-0.00558784162997,0.220061902237,0.122653277974,1.79417872781,3.21907730734
2024-12-13,6051.09,-2.64408180127e-05,2024-12-12,4.35,0.000172619047619,-0.000199059865632,0.206428756406,0.122006894818,1.69194336692,2.86267235686
2024-12-16,6074.08,0.00379931549522,2024-12-13,4.34,0.000172222222222,0.003627093273,0.207624651999,0.122027698383,1.70145511839,2.89494951991
2024-12-17,6050.61,-0.00386395964492,2024-12-16,4.37,0.000173412698413,-0.00403737234333,0.203879034305,0.122120959883,1.66948437435,2.7871780762
2024-12-18,5872.16,-0.0294928941049,2024-12-17,4.38,0.00017380952381,-0.0296667036287,0.169899884214,0.125821484686,1.35032490387,1.823377346
2024-12-19,5867.08,-0.000865099043623,2024-12-18,4.36,0.000173015873016,-0.00103811491664,0.163212040432,0.125733749725,1.29807661658,1.68500290251
2024-12-20,5930.85,0.0108691205847,2024-12-19,4.35,0.000172619047619,0.0106965015371,0.188808281336,0.125158510362,1.50855328007,2.27573299882
2024-12-23,5974.07,0.00728731969279,2024-12-20,4.34,0.000172222222222,0.00711509747057,0.185837763002,0.124968695935,1.48707451583,2.21139061564
2024-12-24,6040.04,0.0110427229678,2024-12-23,4.36,0.000173015873016,0.0108697070947,0.195262466247,0.12537424584,1.55743681597,2.42560943575
2024-12-26,6037.59,-0.000405626452805,2024-12-24,4.4,0.000174603174603,-0.000580229627408,0.190666444921,0.125339294313,1.52120247657,2.31405697472
2024-12-27,5970.84,-0.0110557358151,2024-12-26,4.35,0.000172619047619,-0.0112283548627,0.178223918515,0.125913134113,1.41545137265,2.00350258834
2024-12-30,5906.94,-0.0107020117772,2024-12-27,4.31,0.000171031746032,-0.0108730435233,0.167196577478,0.126446761407,1.32226856281,1.7483941522
2024-12-31,5881.63,-0.00428479043295,2024-12-30,4.37,0.000173412698413,-0.00445820313136,0.165781115176,0.126497953445,1.31054385199,1.71752518798
2025-01-02,5868.55,-0.00222387331403,2024-12-31,4.37,0.000173412698413,-0.00239728601244,0.169258693976,0.126366617492,1.33942569118,1.7940611822
2025-01-03,5942.47,0.0125959564117,2025-01-02,4.36,0.000173015873016,0.0124229405387,0.189914612118,0.126591072798,1.50022120771,2.25066367206
2025-01-06,5975.38,0.00553810115996,2025-01-03,4.34,0.000172222222222,0.00536587893773,0.198926357621,0.126596630169,1.57134006929,2.46910961335
2025-01-07,5909.03,-0.0111038963212,2025-01-06,4.35,0.000172619047619,-0.0112765153689,0.18604162882,0.127170362748,1.46293228076,2.14017085809
2025-01-08,5918.25,0.00156032377565,2025-01-07,4.35,0.000172619047619,0.00138770472803,0.173531725445,0.126482711177,1.37197980523,1.88232858596
2025-01-10,5827.04,-0.0154116504034,2025-01-08,4.35,0.000172619047619,-0.015584269451,0.159643205629,0.127508313651,1.25202193534,1.56755892656
2025-01-13,5836.22,0.00157541393229,2025-01-10,4.36,0.000173015873016,0.00140239805927,0.155596736349,0.127418397862,1.22114811487,1.49120271845
2025-01-14,5842.91,0.00114628989312,2025-01-13,4.37,0.000173412698413,0.000972877194703,0.157457343982,0.127409980047,1.23583210612,1.52728099452
2025-01-15,5949.91,0.0183127927694,2025-01-14,4.36,0.000173015873016,0.0181397768963,0.175062779228,0.128603916517,1.3612554265,1.85301633616
2025-01-16,5937.34,-0.00211263699787,2025-01-15,4.35,0.000172619047619,-0.00228525604549,0.176725112907,0.12855558553,1.37469805126,1.88979473215
2025-01-17,5996.66,0.00999100607343,2025-01-16,4.34,0.000172222222222,0.0098187838512,0.192377059663,0.128707975084,1.4946786284,2.2340642022
2025-01-21,6049.24,0.00876821430596,2025-01-17,4.34,0.000172222222222,0.00859599208374,0.192384850226,0.128705715062,1.49476540442,2.23432361426
2025-01-22,6086.37,0.00613796113231,2025-01-21,4.36,0.000173015873016,0.00596494525929,0.186252587224,0.128306657706,1.45162059829,2.10720236139
2025-01-23,6118.71,0.00531351199483,2025-01-22,4.36,0.000173015873016,0.00514049612182,0.189415052171,0.128375109021,1.47548113973,2.17704459369
2025-01-24,6101.24,-0.00285517698992,2025-01-23,4.36,0.000173015873016,-0.00302819286294,0.1836821355,0.128416224811,1.43036548357,2.0459454166
2025-01-27,6012.28,-0.0145806426235,2025-01-24,4.35,0.000172619047619,-0.0147532616711,0.168333155017,0.129349781844,1.30137950461,1.69358861502
2025-01-28,6067.7,0.00921780090082,2025-01-27,4.32,0.000171428571429,0.00904637232939,0.172335107257,0.129545008091,1.33031067578,1.7697264941
2025-01-29,6039.31,-0.00467887337871,2025-01-28,4.31,0.000171031746032,-0.00484990512474,0.168352872392,0.129655565546,1.29846236591,1.68600451569
2025-01-30,6071.17,0.00527543709463,2025-01-29,4.31,0.000171031746032,0.0051044053486,0.166116367542,0.129557483025,1.28218273204,1.64399255835
2025-01-31,6040.53,-0.00504680316974,2025-01-30,4.3,0.000170634920635,-0.00521743809037,0.161714666699,0.12968409016,1.24698925288,1.55498219681
2025-02-03,5994.57,-0.00760860388079,2025-01-31,4.31,0.000171031746032,-0.00777963562682,0.1702557923,0.128844763574,1.3214024969,1.74610455882
2025-02-04,6037.88,0.00722487184235,2025-02-03,4.34,0.000172222222222,0.00705264962013,0.165029841386,0.128475054326,1.28452828646,1.65001291873
2025-02-05,6061.48,0.00390865668082,2025-02-04,4.33,0.000171825396825,0.003736831284,0.158297290162,0.128132891572,1.23541495256,1.526250105
2025-02-06,6083.57,0.00364432448841,2025-02-05,4.33,0.000171825396825,0.00347249909158,0.165171642271,0.128100006387,1.28939605025,1.66254217439
2025-02-07,6025.99,-0.00946483725839,2025-02-06,4.34,0.000172222222222,-0.00963705948061,0.153439235496,0.128506420598,1.19401999356,1.42568374503
2025-02-10,6066.44,0.00671258996447,2025-02-07,4.35,0.000172619047619,0.00653997091685,0.151953637267,0.128426727308,1.18319325308,1.39994627414
2025-02-11,6068.5,0.000339573126908,2025-02-10,4.35,0.000172619047619,0.000166954079289,0.15176550382,0.128427356716,1.18172255273,1.39646819163
2025-02-12,6051.97,-0.00272390211749,2025-02-11,4.35,0.000172619047619,-0.00289652116511,0.143342455347,0.12837950326,1.11655250026,1.24668948583
2025-02-13,6115.07,0.0104263570375,2025-02-12,4.35,0.000172619047619,0.0102537379898,0.154761016042,0.128730110757,1.2022130264,1.44531616085
2025-02-14,6114.63,-7.19533872874e-05,2025-02-13,4.34,0.000172222222222,-0.00024417560951,0.168406587409,0.127909056561,1.31661191112,1.7334669245
2025-02-18,6129.58,0.00244495578637,2025-02-14,4.34,0.000172222222222,0.00227273356415,0.161315867122,0.127619880624,1.26403399167,1.5977819321
2025-02-19,6144.15,0.00237699809775,2025-02-18,4.34,0.000172222222222,0.00220477587553,0.157914841026,0.127531364835,1.23824316654,1.53324613949
2025-02-20,6117.52,-0.0043342040803,2025-02-19,4.34,0.000172222222222,-0.00450642630253,0.158427329668,0.127511428632,1.24245592232,1.54369671891
2025-02-21,6013.13,-0.0170641044083,2025-02-20,4.33,0.000171825396825,-0.0172359298051,0.147412582963,0.128581539836,1.1464521513,1.31435253522
2025-02-24,5983.25,-0.00496912589616,2025-02-21,4.32,0.000171428571429,-0.00514055446759,0.141223709499,0.128709226286,1.0972306615,1.20391512453
2025-02-25,5955.25,-0.00467973091547,2025-02-24,4.31,0.000171031746032,-0.0048507626615,0.115465932543,0.127188124511,0.907835798248,0.824165836581
2025-02-26,5956.06,0.000136014441039,2025-02-25,4.3,0.000170634920635,-3.46204795955e-05,0.115299638213,0.127188819023,0.906523380737,0.821784639823
2025-02-27,5861.57,-0.0158645144609,2025-02-26,4.31,0.000171031746032,-0.0160355462069,0.103267506039,0.128182018746,0.805631765276,0.649042541222
2025-02-28,5954.5,0.0158541141708,2025-02-27,4.32,0.000171428571429,0.0156826855993,0.117460982557,0.129081250464,0.909977104616,0.828058330925
2025-03-03,5849.72,-0.0175967755479,2025-02-28,4.32,0.000171428571429,-0.0177682041193,0.101567122628,0.130347066376,0.779205282119,0.607160871682
2025-03-04,5778.15,-0.0122347736302,2025-03-03,4.35,0.000172619047619,-0.0124073926778,0.084146955419,0.130893375684,0.642866416879,0.413277229951
2025-03-05,5842.63,0.0111592810848,2025-03-04,4.34,0.000172222222222,0.0109870588626,0.0873424666406,0.131111831614,0.666167694899,0.443779397728
2025-03-06,5738.52,-0.0178190301286,2025-03-05,4.35,0.000172619047619,-0.0179916491762,0.0707591817307,0.132381096686,0.534511221784,0.285702246213
2025-03-07,5770.2,0.00552058718973,2025-03-06,4.34,0.000172222222222,0.00534836496751,0.0865180511888,0.132041457465,0.655233991275,0.429331583322
2025-03-10,5614.56,-0.0269730685245,2025-03-07,4.34,0.000172222222222,-0.0271452907467,0.0544486939094,0.134794841061,0.40393752076,0.163165520677
2025-03-11,5572.07,-0.00756782365849,2025-03-10,4.33,0.000171825396825,-0.00773964905531,0.0366220000237,0.134663023233,0.271952902472,0.0739583811628
2025-03-12,5599.3,0.00488687328049,2025-03-11,4.34,0.000172222222222,0.00471465105826,0.0480822485527,0.134562014478,0.357324083913,0.127680500944
2025-03-13,5521.52,-0.013891022092,2025-03-12,4.35,0.000172619047619,-0.0140636411397,0.0353575121542,0.135309660884,0.261308112985,0.0682819299116
2025-03-14,5638.94,0.0212658833075,2025-03-13,4.34,0.000172222222222,0.0210936610853,0.0454668609687,0.136490071569,0.333114785905,0.110965460588
2025-03-17,5675.12,0.00641609947969,2025-03-14,4.33,0.000171825396825,0.00624427408286,0.0538531326396,0.136603632472,0.394229140654,0.155416615341
2025-03-18,5614.66,-0.0106535192207,2025-03-17,4.34,0.000172222222222,-0.010825741443,0.0461159279838,0.137012411058,0.336582121487,0.113287524505
2025-03-19,5675.29,0.0107985167401,2025-03-18,4.34,0.000172222222222,0.0106262945179,0.0634425737342,0.137233060167,0.462298032684,0.213719471024
2025-03-20,5662.89,-0.00218491037462,2025-03-19,4.33,0.000171825396825,-0.00235673577145,0.0549852542357,0.137131303569,0.400967924936,0.160775276828
2025-03-21,5667.56,0.000824667263535,2025-03-20,4.33,0.000171825396825,0.00065284186671,0.0502063765122,0.137031236489,0.36638636415,0.134238967835
2025-03-24,5767.57,0.0176460416828,2025-03-21,4.33,0.000171825396825,0.017474216286,0.0589939474945,0.137852600304,0.427949471859,0.183140750465
2025-03-25,5776.65,0.00157431986088,2025-03-24,4.33,0.000171825396825,0.00140249446405,0.0573769064253,0.137828643377,0.416291599622,0.173298695916
2025-03-26,5712.2,-0.01115698545,2025-03-25,4.33,0.000171825396825,-0.0113288108469,0.0476678182124,0.138302749565,0.344662838319,0.118792472118
2025-03-27,5693.31,-0.00330695703932,2025-03-26,4.33,0.000171825396825,-0.00347878243614,0.0474606222202,0.138309272373,0.343148520746,0.11775090729
2025-03-28,5580.94,-0.0197372003281,2025-03-27,4.33,0.000171825396825,-0.0199090257249,0.030568084556,0.139730463498,0.218764640085,0.0478579677516
2025-03-31,5611.85,0.00553849351543,2025-03-28,4.33,0.000171825396825,0.0053666681186,0.0275208227135,0.13957988005,0.197168980971,0.0388756070573
2025-04-01,5633.07,0.00378128424673,2025-03-31,4.32,0.000171428571429,0.0036098556753,0.0302304366239,0.13962087951,0.216518021731,0.0468800537345
2025-04-02,5670.97,0.00672812516088,2025-04-01,4.32,0.000171428571429,0.00655669658945,0.0390173695889,0.139748117255,0.2791978193,0.0779514223018
2025-04-03,5396.52,-0.0483956007526,2025-04-02,4.32,0.000171428571429,-0.048567029324,-0.00209472016976,0.147819237793,-0.014170822425,0.000200812208201
2025-04-04,5074.08,-0.0597496164195,2025-04-03,4.31,0.000171031746032,-0.0599206481655,-0.0628913775808,0.159504152613,-0.394293042221,0.155467003144
2025-04-07,5062.25,-0.00233145713114,2025-04-04,4.28,0.000169841269841,-0.00250129840099,-0.0528433121798,0.159044024005,-0.33225588016,0.110393969901
2025-04-08,4982.77,-0.0157005284212,2025-04-07,4.29,0.000170238095238,-0.0158707665164,-0.0795986130138,0.15942117362,-0.499297622808,0.249298116142
2025-04-09,5456.9,0.0951539003406,2025-04-08,4.31,0.000171031746032,0.0949828685945,0.0159744190514,0.185721094379,0.0860129491743,0.00739822742567
2025-04-10,5268.05,-0.0346075610695,2025-04-09,4.35,0.000172619047619,-0.0347801801171,-0.0200357743521,0.188960642923,-0.10603146794,0.0112426721936
2025-04-11,5363.36,0.0180920834085,2025-04-10,4.34,0.000172222222222,0.0179198611862,0.00755654020846,0.189566935436,0.0398621214775,0.00158898872869
2025-04-14,5405.97,0.00794464663942,2025-04-11,4.34,0.000172222222222,0.0077724244172,0.00810042142049,0.189586709818,0.0427267366382,0.00182557402375
2025-04-15,5396.63,-0.00172771953969,2025-04-14,4.33,0.000171825396825,-0.00189954493652,0.0209678535685,0.189016112055,0.11093156737,0.0123058126392
2025-04-16,5275.7,-0.022408428964,2025-04-15,4.33,0.000171825396825,-0.0225802543608,0.0106251595566,0.189977565877,0.055928496123,0.00312799667858
2025-04-17,5282.7,0.0013268381447,2025-04-16,4.33,0.000171825396825,0.00115501274788,0.0140530146829,0.189966717394,0.073976193702,0.00547247723463
2025-04-21,5158.2,-0.0235674938952,2025-04-17,4.34,0.000172222222222,-0.0237397161174,-0.00368986735472,0.191361077459,-0.0192822250153,0.000371804201539
2025-04-22,5287.76,0.0251172889768,2025-04-21,4.34,0.000172222222222,0.0249450667546,0.0236796604557,0.192963256654,0.122715903879,0.0150591930648
2025-04-23,5375.86,0.0166611192641,2025-04-22,4.33,0.000171825396825,0.0164892938673,0.0491441420389,0.193440707009,0.254052742045,0.0645427957407
2025-04-24,5484.77,0.0202590841279,2025-04-23,4.33,0.000171825396825,0.0200872587311,0.0607164461662,0.194281602071,0.312517734665,0.0976673344801
2025-04-25,5525.21,0.00737314417925,2025-04-24,4.32,0.000171428571429,0.00720171560782,0.0561686061653,0.194062119394,0.289436219396,0.083773325098
2025-04-28,5528.75,0.000640699629516,2025-04-25,4.32,0.000171428571429,0.000469271058088,0.0566411524191,0.194062144176,0.291871207853,0.0851888019734
2025-04-29,5560.83,0.00580239656342,2025-04-28,4.32,0.000171428571429,0.00563096799199,0.0670652250277,0.194071588389,0.345569516818,0.119418290954
2025-04-30,5569.06,0.00147999489285,2025-04-29,4.31,0.000171031746032,0.00130896314682,0.0583821169274,0.19382739087,0.301206742068,0.0907255014672
2025-05-01,5604.14,0.00629908817646,2025-04-30,4.31,0.000171031746032,0.00612805643043,0.0615483837228,0.193897038589,0.317428178226,0.100760648332
2025-05-02,5686.67,0.0147266128255,2025-05-01,4.31,0.000171031746032,0.0145555810795,0.0920507518078,0.193739615524,0.475126119968,0.225744829876
2025-05-05,5650.38,-0.00638159063213,2025-05-02,4.33,0.000171825396825,-0.00655341602895,0.0891494800067,0.193822940581,0.459953190987,0.211556937899
2025-05-06,5606.91,-0.00769328788506,2025-05-05,4.33,0.000171825396825,-0.00786511328189,0.072372607741,0.193804959593,0.373430111865,0.139450048448
2025-05-07,5631.28,0.00434642253933,2025-05-06,4.33,0.000171825396825,0.00417459714251,0.0642071004906,0.193464822552,0.331879975096,0.11014431787
2025-05-08,5663.94,0.00579974712676,2025-05-07,4.34,0.000172222222222,0.00562752490454,0.0597248093397,0.193285594495,0.308997726891,0.095479595224
2025-05-09,5659.91,-0.000711518836711,2025-05-08,4.34,0.000172222222222,-0.000883741058933,0.0577139006981,0.193286739444,0.298592137589,0.0891572646298
2025-05-12,5844.19,0.0325588216067,2025-05-09,4.34,0.000172222222222,0.0323865993845,0.0903225528334,0.19593986708,0.460970777308,0.212494057532
2025-05-13,5886.55,0.00724822430482,2025-05-12,4.42,0.000175396825397,0.00707282747943,0.0925207326516,0.196001946163,0.472039867271,0.222821636293
2025-05-14,5892.58,0.00102436911264,2025-05-13,4.41,0.000175,0.000849369112638,0.091937388291,0.195999445188,0.469069635391,0.220026322846
2025-05-15,5916.93,0.00413231555617,2025-05-14,4.41,0.000175,0.00395731555617,0.0963530227866,0.196030412796,0.491520787066,0.241592684118
2025-05-16,5958.38,0.00700532201665,2025-05-15,4.38,0.00017380952381,0.00683151249284,0.0985630406812,0.196089745118,0.502642504949,0.252649487782
2025-05-19,5963.6,0.000876077054502,2025-05-16,4.37,0.000173412698413,0.000702664356089,0.0877655976618,0.195771072395,0.448307283543,0.200979420477
2025-05-20,5940.46,-0.00388020658663,2025-05-19,4.39,0.000174206349206,-0.00405441293583,0.0860091591159,0.195803487803,0.439262650941,0.192951676511
2025-05-21,5844.61,-0.0161351141157,2025-05-20,4.38,0.00017380952381,-0.0163089236396,0.0687517170372,0.196510178652,0.349863388802,0.122404390824
2025-05-22,5842.01,-0.000444854318765,2025-05-21,4.36,0.000173015873016,-0.000617870191781,0.0674340977912,0.196511730437,0.343155584867,0.117755755425
2025-05-23,5802.82,-0.00670830758592,2025-05-22,4.37,0.000173412698413,-0.00688172028433,0.0582668246724,0.196631268498,0.296325325659,0.0878086986271
2025-05-27,5921.54,0.0204590182015,2025-05-23,4.36,0.000173015873016,0.0202860023285,0.0814751465545,0.19762359373,0.412274389999,0.169970172649
2025-05-28,5888.55,-0.00557118587394,2025-05-27,4.35,0.000172619047619,-0.00574380492156,0.0833284153544,0.197559310867,0.421789360312,0.177906264473
2025-05-29,5912.17,0.00401117422795,2025-05-28,4.35,0.000172619047619,0.00383855518033,0.080382665266,0.197483429131,0.407034988301,0.165677481701
2025-05-30,5911.69,-8.11884637959e-05,2025-05-29,4.36,0.000173015873016,-0.000254204336812,0.0800962925961,0.197484137867,0.405583422858,0.164497912897
2025-06-02,5935.94,0.0041020418865,2025-05-30,4.36,0.000173015873016,0.00392902601348,0.0916090612877,0.19735810317,0.464176843091,0.215460141662
2025-06-03,5970.37,0.00580026078431,2025-06-02,4.44,0.00017619047619,0.00562407030812,0.103424793279,0.197318454095,0.524151649945,0.27473495214
2025-06-04,5970.81,7.36972750432e-05,2025-06-03,4.43,0.000175793650794,-0.00010209637575,0.0955114463585,0.197178015731,0.484391964309,0.234635575087
2025-06-05,5939.3,-0.00527734093029,2025-06-04,4.44,0.00017619047619,-0.00545353140648,0.0891585249935,0.197263750641,0.451976223223,0.204282506359
2025-06-06,6000.36,0.0102806728066,2025-06-05,4.44,0.00017619047619,0.0101044823304,0.0979792347892,0.197501880015,0.496092668999,0.246107936235
2025-06-09,6005.88,0.000919944803312,2025-06-06,4.43,0.000175793650794,0.000744151152518,0.0870947730438,0.197177770273,0.441706856322,0.195104946922
2025-06-10,6038.81,0.0054829600325,2025-06-09,4.44,0.00017619047619,0.00530676955631,0.0928200428529,0.197238465385,0.470598078684,0.221462551661
2025-06-11,6022.24,-0.00274391808982,2025-06-10,4.45,0.000176587301587,-0.00292050539141,0.0912334590586,0.19725903445,0.462505858415,0.213911669068
2025-06-12,6045.26,0.00382249794097,2025-06-11,4.45,0.000176587301587,0.00364591063938,0.0925175260118,0.197275785016,0.468975581593,0.21993809613
2025-06-13,5976.97,-0.0112964537505,2025-06-12,4.46,0.000176984126984,-0.0114734378775,0.0785527143416,0.197618977431,0.397495804111,0.158002914286
2025-06-16,6033.11,0.0093927190533,2025-06-13,4.45,0.000176587301587,0.00921613175171,0.0794842139314,0.197657133541,0.402131774894,0.161709964379
2025-06-17,5982.72,-0.00835224287308,2025-06-16,4.43,0.000175793650794,-0.00852803652387,0.0688302553064,0.197846337747,0.347897545592,0.121032702229
2025-06-18,5980.87,-0.00030922389816,2025-06-17,4.42,0.000175396825397,-0.000484620723557,0.0689581209299,0.197845989713,0.348544446263,0.12148323102
2025-06-20,5967.84,-0.00217861281051,2025-06-18,4.42,0.000175396825397,-0.00235400963591,0.0591583538101,0.197730912499,0.299186167011,0.0895123625305
2025-06-23,6025.17,0.00960649079064,2025-06-20,4.39,0.000174206349206,0.00943228444143,0.0662883227998,0.197933337624,0.334902263537,0.112159526122
2025-06-24,6092.18,0.0111216778946,2025-06-23,4.38,0.00017380952381,0.0109478683708,0.0799804018039,0.198197776074,0.403538341289,0.16284319289
2025-06-25,6092.16,-3.28289709106e-06,2025-06-24,4.38,0.00017380952381,-0.000177092420901,0.0815837293355,0.19818760306,0.41164900365,0.169454902206
2025-06-26,6141.02,0.00802014392268,2025-06-25,4.38,0.00017380952381,0.00784633439887,0.092713092838,0.198296902614,0.467546853309,0.21860006004
2025-06-27,6173.07,0.00521900270639,2025-06-26,4.39,0.000174206349206,0.00504479635718,0.0940424957012,0.198323069891,0.474188382384,0.224854621988
2025-06-30,6204.95,0.00516436716253,2025-06-27,4.39,0.000174206349206,0.00499016081332,0.0976781003686,0.19837404276,0.492393556182,0.242451414169
2025-07-01,6198.01,-0.00111846187318,2025-06-30,4.41,0.000175,-0.00129346187318,0.0956956104761,0.198380947885,0.482383069021,0.232693425279
2025-07-02,6227.42,0.00474507140195,2025-07-01,4.4,0.000174603174603,0.00457046822735,0.104567563581,0.198369745603,0.527134635694,0.277870924148
2025-07-03,6279.35,0.00833892687501,2025-07-02,4.41,0.000175,0.00816392687501,0.110273361815,0.198510061486,0.555505151674,0.308585973536
2025-07-07,6229.98,-0.00786227873904,2025-07-03,4.42,0.000175396825397,-0.00803767556444,0.0962574177934,0.198611492291,0.48465180279,0.234887369948
2025-07-08,6225.52,-0.000715893148934,2025-07-07,4.42,0.000175396825397,-0.000891289974331,0.0904987932069,0.198563690418,0.45576707915,0.207723630437
2025-07-09,6263.26,0.00606214420643,2025-07-08,4.42,0.000175396825397,0.00588674738103,0.0911538247728,0.198579852648,0.459028564868,0.210707223365
2025-07-10,6280.46,0.00274617371784,2025-07-09,4.42,0.000175396825397,0.00257077689244,0.092924597444,0.198591507572,0.467918284021,0.218947520521
2025-07-11,6259.75,-0.00329752916188,2025-07-10,4.42,0.000175396825397,-0.00347292598727,0.0889272451459,0.198628707009,0.447705905582,0.200440577893
2025-07-14,6268.56,0.00140740444906,2025-07-11,4.41,0.000175,0.00123240444906,0.0801682825229,0.19839328163,0.404087688172,0.163286859732
2025-07-15,6243.76,-0.0039562515155,2025-07-14,4.42,0.000175396825397,-0.0041316483409,0.0850163091325,0.198226095461,0.428885555833,0.183942820002
2025-07-16,6263.7,0.00319358847874,2025-07-15,4.42,0.000175396825397,0.00301819165334,0.0827333571808,0.198180903497,0.417463820786,0.174276041665
2025-07-17,6297.36,0.00537382058528,2025-07-16,4.41,0.000175,0.00519882058528,0.0853214721513,0.198227155989,0.430422722485,0.185263720032
2025-07-18,6296.79,-9.05141202027e-05,2025-07-17,4.41,0.000175,-0.000265514120203,0.0788820550107,0.198140449104,0.398111821021,0.158493022036
2025-07-21,6305.6,0.00139912558621,2025-07-18,4.4,0.000174603174603,0.00122452241161,0.0942495663174,0.197612444099,0.476941453497,0.227473150064
2025-07-22,6309.62,0.000637528546054,2025-07-21,4.41,0.000175,0.000462528546054,0.102743943563,0.197433592509,0.52039747774,0.270813534839
2025-07-23,6358.91,0.00781188090566,2025-07-22,4.41,0.000175,0.00763688090566,0.11773659417,0.197412038668,0.596400275104,0.355693288144
2025-07-24,6363.35,0.000698232873244,2025-07-23,4.41,0.000175,0.000523232873244,0.107683295968,0.197149226304,0.546201970896,0.29833659301
2025-07-25,6388.64,0.00397432170162,2025-07-24,4.42,0.000175396825397,0.00379892487622,0.113255813708,0.197165799238,0.574419164712,0.329957376788
2025-07-28,6389.77,0.000176876455709,2025-07-25,4.42,0.000175396825397,1.47963031203e-06,0.13662100733,0.195715756458,0.698058295371,0.487285383736
2025-07-29,6370.86,-0.00295941794462,2025-07-28,4.4,0.000174603174603,-0.00313402111922,0.138843953232,0.195662228319,0.709610405775,0.503546927985
2025-07-30,6362.9,-0.00124943885127,2025-07-29,4.4,0.000174603174603,-0.00142404202587,0.126543309246,0.195395286529,0.647627235509,0.419421036173
2025-07-31,6339.39,-0.00369485611907,2025-07-30,4.41,0.000175,-0.00386985611907,0.122073624314,0.195444269978,0.624595565413,0.390119620333
2025-08-01,6238.01,-0.0159920749473,2025-07-31,4.41,0.000175,-0.0161670749473,0.111081385946,0.196073397255,0.566529613405,0.320955802865
2025-08-04,6329.94,0.0147370715982,2025-08-01,4.35,0.000172619047619,0.0145644525505,0.110066700573,0.195994161427,0.561581527591,0.315373812131
2025-08-05,6299.19,-0.00485786595134,2025-08-04,4.35,0.000172619047619,-0.00503048499896,0.118944467822,0.195545088532,0.608271313358,0.369993990654
2025-08-06,6345.06,0.00728188862378,2025-08-05,4.34,0.000172222222222,0.00710966640155,0.144649069408,0.194719396106,0.742859069516,0.551839597163
2025-08-07,6340,-0.000797470788298,2025-08-06,4.32,0.000171428571429,-0.000968899359727,0.173858893053,0.192268071485,0.904252545473,0.817672665995
2025-08-08,6389.45,0.00779968454259,2025-08-07,4.32,0.000171428571429,0.00762825597116,0.171345308087,0.192158500279,0.891687371823,0.795106369069
2025-08-11,6373.45,-0.00250412789833,2025-08-08,4.32,0.000171428571429,-0.00267555646976,0.176616344921,0.191994745736,0.919901970462,0.846219635261
2025-08-12,6445.76,0.0113455036126,2025-08-11,4.34,0.000172222222222,0.0111732813904,0.164958930823,0.190992864855,0.863691588422,0.745963159911
2025-08-13,6466.58,0.00323003028347,2025-08-12,4.33,0.000171825396825,0.00305820488665,0.16355738193,0.190969222447,0.856459380385,0.733522670249
2025-08-14,6468.54,0.000303096845628,2025-08-13,4.29,0.000170238095238,0.00013285875039,0.163858710983,0.190968325812,0.858041302328,0.736234876501
2025-08-15,6449.8,-0.00289709888166,2025-08-14,4.3,0.000170634920635,-0.0030677338023,0.144154912242,0.190325211377,0.757413645827,0.573675430885
2025-08-18,6449.15,-0.000100778318708,2025-08-15,4.3,0.000170634920635,-0.000271413239343,0.140270842028,0.190302059784,0.73709576337,0.543310164378
2025-08-19,6411.37,-0.00585813634355,2025-08-18,4.33,0.000171825396825,-0.00602996174037,0.118318790293,0.189785566665,0.623434080749,0.388670053039
2025-08-20,6395.78,-0.00243161757939,2025-08-19,4.3,0.000170634920635,-0.00260225250003,0.113938624363,0.189805688548,0.600290882925,0.360349144123
2025-08-21,6370.17,-0.0040042027712,2025-08-20,4.3,0.000170634920635,-0.00417483769184,0.100253009871,0.189641844645,0.528643929078,0.279464403751
2025-08-22,6466.91,0.0151864078981,2025-08-21,4.32,0.000171428571429,0.0150149793266,0.117463279777,0.190185645969,0.617624317433,0.381459797484
2025-08-25,6439.32,-0.00426633430804,2025-08-22,4.27,0.000169444444444,-0.00443577875248,0.108997741252,0.190214416522,0.573025658333,0.328358405108
2025-08-26,6465.94,0.00413397687955,2025-08-25,4.29,0.000170238095238,0.00396373878431,0.122103022848,0.190004917887,0.642630855063,0.412974415879
2025-08-27,6481.4,0.00239099032778,2025-08-26,4.28,0.000169841269841,0.00222114905794,0.113050275498,0.189702342693,0.595935052216,0.35513858646
2025-08-28,6501.86,0.00315672539883,2025-08-27,4.26,0.000169047619048,0.00298767777979,0.119400009762,0.18968105517,0.629477781293,0.396242277141
2025-08-29,6460.26,-0.00639816913929,2025-08-28,4.26,0.000169047619048,-0.00656721675834,0.111445526514,0.189809504464,0.587144078107,0.344738168456
2025-09-02,6415.54,-0.00692232201181,2025-08-29,4.23,0.000167857142857,-0.00709017915466,0.110538926006,0.189844873445,0.582259209847,0.339025787451
2025-09-03,6448.26,0.00510011628016,2025-09-02,4.2,0.000166666666667,0.00493344961349,0.115718462302,0.189896624242,0.609376089561,0.371339218528
2025-09-04,6502.08,0.00834643764364,2025-09-03,4.18,0.000165873015873,0.00818056462777,0.114013107604,0.189817312623,0.600646516531,0.36077623782
2025-09-05,6481.5,-0.00316514100103,2025-09-04,4.16,0.000165079365079,-0.00333022036611,0.132040755712,0.188593475665,0.700134271592,0.490187998258
2025-09-08,6495.15,0.00210599398287,2025-09-05,4.07,0.000161507936508,0.00194448604637,0.135793674185,0.188584466158,0.720068184572,0.518498190433
2025-09-09,6512.61,0.0026881596268,2025-09-08,4.1,0.000162698412698,0.0025254612141,0.141542768624,0.188557374122,0.750661538873,0.563492745942
2025-09-10,6532.04,0.00298344289002,2025-09-09,4.1,0.000162698412698,0.00282074447733,0.161828085943,0.187702110747,0.86215378878,0.743309155507
2025-09-11,6587.47,0.00848586352809,2025-09-10,4.09,0.000162301587302,0.00832356194078,0.158775127529,0.1875494422,0.846577444684,0.716693369847
2025-09-12,6584.29,-0.00048273464623,2025-09-11,4.08,0.000161904761905,-0.000644639408135,0.153860632675,0.18751764374,0.820512830717,0.673241305372
2025-09-15,6615.28,0.00470665781732,2025-09-12,4.08,0.000161904761905,0.00454475305541,0.147941128576,0.187297035533,0.789874373373,0.623901525712
2025-09-16,6606.76,-0.00128792734397,2025-09-15,4.06,0.000161111111111,-0.00144903845508,0.139199147773,0.187185971274,0.743640919383,0.553001816981
2025-09-17,6600.35,-0.000970218382384,2025-09-16,4.04,0.000160317460317,-0.0011305358427,0.132861739777,0.18713453623,0.709979795576,0.504071310126
2025-09-18,6631.96,0.00478913996985,2025-09-17,4.02,0.000159523809524,0.00462961616033,0.136431917146,0.187178370681,0.728887192731,0.531276539728
2025-09-19,6664.36,0.00488543356715,2025-09-18,4.03,0.000159920634921,0.00472551293223,0.141089747008,0.187224196128,0.753587142718,0.567893581671
2025-09-22,6693.75,0.00441002586895,2025-09-19,4.03,0.000159920634921,0.00425010523403,0.148432681255,0.187224481115,0.792805942744,0.628541262851
2025-09-23,6656.92,-0.00550214752568,2025-09-22,4,0.00015873015873,-0.00566087768441,0.125987080655,0.186618632932,0.675104509535,0.455766098794
2025-09-24,6637.97,-0.00284666181958,2025-09-23,4,0.00015873015873,-0.00300539197831,0.125113134197,0.186633575597,0.670367771699,0.449392949333
2025-09-25,6604.72,-0.00500906150525,2025-09-24,4.02,0.000159523809524,-0.00516858531477,0.117323771408,0.186707399418,0.628383083768,0.394865299966
2025-09-26,6643.7,0.00590183989632,2025-09-25,4.04,0.000160317460317,0.005741522436,0.120741478142,0.186772289081,0.646463555895,0.417915129101
2025-09-29,6661.21,0.00263557957162,2025-09-26,4.02,0.000159523809524,0.0024760557621,0.125264822458,0.186765632193,0.670705959053,0.44984648351
2025-09-30,6688.46,0.00409084835938,2025-09-29,4.04,0.000160317460317,0.00393053089906,0.125342850355,0.186766584951,0.671120320519,0.450402484614
2025-10-01,6711.2,0.00339988577341,2025-09-30,4.02,0.000159523809524,0.00324036196388,0.130022109602,0.186776399766,0.696137787027,0.484607818527
2025-10-02,6715.35,0.000618369293122,2025-10-01,4.01,0.000159126984127,0.000459242308995,0.126430523884,0.186742469145,0.677031445837,0.458371578652
2025-10-03,6715.79,6.55215290342e-05,2025-10-02,4.02,0.000159523809524,-9.40022804896e-05,0.135848330469,0.186473524423,0.72851269846,0.530730751817
2025-10-06,6740.28,0.00364662980826,2025-10-03,4.03,0.000159920634921,0.00348670917334,0.139383560345,0.186495669183,0.74738229019,0.558580287689
2025-10-07,6714.59,-0.00381141436261,2025-10-06,4.02,0.000159523809524,-0.00397093817213,0.137280129683,0.18653544536,0.735946615501,0.541617420868
2025-10-08,6753.72,0.00582760823818,2025-10-07,4.01,0.000159126984127,0.00566848125405,0.134164055361,0.186422309254,0.719678110939,0.517936583364
2025-10-09,6735.11,-0.00275551844021,2025-10-08,4.01,0.000159126984127,-0.00291464542433,0.141023150599,0.186168665495,0.757502075998,0.573809395141
2025-10-10,6552.51,-0.0271116581615,2025-10-09,4.03,0.000159920634921,-0.0272715787964,0.104251499834,0.188019330221,0.554472243417,0.30743946872
2025-10-13,6654.72,0.0155986026729,2025-10-10,4.02,0.000159523809524,0.0154390788633,0.112765686086,0.188505866349,0.598207834433,0.357852613177
2025-10-14,6644.31,-0.00156430323139,2025-10-10,4.02,0.000159523809524,-0.00172382704091,0.113300433498,0.188499296028,0.60106555242,0.361279798305
2025-10-15,6671.06,0.00402600119501,2025-10-14,4.02,0.000159523809524,0.00386647738548,0.111303552184,0.188451596689,0.590621433515,0.348833677727
2025-10-16,6629.07,-0.00629435202202,2025-10-15,4.03,0.000159920634921,-0.00645427265694,0.0973293650818,0.188442673574,0.516493229669,0.266765256293
2025-10-17,6664.01,0.0052707242494,2025-10-16,4.02,0.000159523809524,0.00511120043988,0.110237673732,0.188322261853,0.585367192635,0.342654750214
2025-10-20,6735.13,0.0106722528928,2025-10-17,4,0.00015873015873,0.010513522734,0.116259826359,0.188547490301,0.616607657693,0.380205003526
2025-10-21,6735.35,3.26645513895e-05,2025-10-20,3.97,0.00015753968254,-0.00012487513115,0.1164934133,0.188546726464,0.6178490366,0.381737432028
2025-10-22,6699.4,-0.00533751030013,2025-10-21,3.96,0.000157142857143,-0.00549465315728,0.107215252342,0.188611127234,0.56844606103,0.3231309243
2025-10-23,6738.44,0.00582738752724,2025-10-22,3.96,0.000157142857143,0.0056702446701,0.114895974883,0.188667687103,0.608985972356,0.370863914527
2025-10-24,6791.69,0.00790242251916,2025-10-23,3.95,0.000156746031746,0.00774567648741,0.12330424037,0.188804442389,0.653079126791,0.42651234585
2025-10-27,6875.16,0.0122900191263,2025-10-24,3.93,0.000155952380952,0.0121340667454,0.144816885706,0.188900958511,0.766628644171,0.587719478064
2025-10-28,6890.89,0.00228794675324,2025-10-27,3.89,0.000154365079365,0.00213358167387,0.144992383703,0.188902069026,0.767553179542,0.589137883425
2025-10-29,6890.59,-4.35357406663e-05,2025-10-28,3.89,0.000154365079365,-0.000197900820031,0.145280481685,0.188900818274,0.769083389964,0.591489260719
2025-10-30,6822.34,-0.00990481221492,2025-10-29,3.93,0.000155952380952,-0.0100607645959,0.132755955132,0.189190904926,0.701703684882,0.492388061376
2025-10-31,6840.2,0.00261787011495,2025-10-30,3.92,0.000155555555556,0.00246231455939,0.133790633606,0.189198444025,0.707144470954,0.500053302801
2025-11-03,6851.97,0.00172070992076,2025-10-31,3.89,0.000154365079365,0.0015663448414,0.138843720229,0.189158412968,0.734007639682,0.538767215112
2025-11-04,6771.55,-0.011736770593,2025-11-03,3.98,0.000157936507937,-0.0118947071009,0.145749078243,0.18857664147,0.772890412656,0.597359589975
2025-11-05,6796.29,0.00365352098116,2025-11-04,3.96,0.000157142857143,0.00349637812402,0.145337005202,0.18856933854,0.770735085182,0.594032571531
2025-11-06,6720.32,-0.0111781574948,2025-11-05,3.96,0.000157142857143,-0.0113353003519,0.136996748606,0.188913187694,0.725183616233,0.525891277253
2025-11-07,6728.8,0.00126184467406,2025-11-06,3.93,0.000155952380952,0.00110589229311,0.126021489519,0.188557835691,0.668343954292,0.446683641238
2025-11-10,6832.43,0.0154009630246,2025-11-07,3.92,0.000155555555556,0.0152454074691,0.116155144496,0.187517217079,0.619437224513,0.383702475113
2025-11-11,6846.61,0.00207539630849,2025-11-10,3.95,0.000156746031746,0.00191865027674,0.110826701863,0.187398691799,0.591395280292,0.349748377551
2025-11-12,6850.92,0.000629508618134,2025-11-10,3.95,0.000156746031746,0.000472762586388,0.107726351427,0.187372071617,0.574932808812,0.330547734649
2025-11-13,6737.49,-0.0165569003871,2025-11-12,3.95,0.000156746031746,-0.0167136464188,0.0902273815041,0.188155264053,0.47953684399,0.229955584744
2025-11-14,6734.11,-0.000501670503407,2025-11-13,3.96,0.000157142857143,-0.00065881336055,0.0926449807821,0.188126802886,0.492460294655,0.242517141812
2025-11-17,6672.41,-0.00916230949598,2025-11-14,3.95,0.000156746031746,-0.00931905552773,0.0832773689286,0.188376546127,0.442079285564,0.195434094724
2025-11-18,6617.32,-0.00825638712249,2025-11-17,3.97,0.00015753968254,-0.00841392680503,0.0810957230089,0.188466489241,0.430292532829,0.185151663808
2025-11-19,6642.16,0.00375378552042,2025-11-18,3.94,0.000156349206349,0.00359743631407,0.098079618339,0.187991578176,0.52172346916,0.272195378273
2025-11-20,6538.76,-0.0155672251195,2025-11-19,3.95,0.000156746031746,-0.0157239711513,0.0786203723976,0.188650743914,0.416750926957,0.17368133512
2025-11-21,6602.99,0.00982296337532,2025-11-20,3.94,0.000156349206349,0.00966661416897,0.0845071086202,0.188850195107,0.447482241531,0.200240356486
2025-11-24,6705.12,0.0154672352979,2025-11-21,3.9,0.000154761904762,0.0153124733932,0.0999809446793,0.189441178364,0.527767751143,0.278538799147
2025-11-25,6765.88,0.00906173193023,2025-11-24,3.91,0.000155158730159,0.00890657320007,0.1037304063,0.189571830025,0.547182597151,0.299408794625
2025-11-26,6812.61,0.00690671427811,2025-11-25,3.9,0.000154761904762,0.00675195237335,0.10719811006,0.189655568913,0.565225216818,0.319479545727
2025-11-28,6849.09,0.00535477592288,2025-11-26,3.92,0.000155555555556,0.00519922036733,0.109560626166,0.189699900545,0.577547093337,0.333560645023
2025-12-01,6812.63,-0.00532333492479,2025-11-28,3.88,0.000153968253968,-0.00547730317875,0.098544611416,0.189722293045,0.519415034652,0.269791978223
2025-12-02,6829.37,0.00245720081672,2025-12-01,3.81,0.00015119047619,0.00230601034053,0.104834854591,0.189681055831,0.552690167883,0.305466421674
2025-12-03,6849.72,0.00297977705118,2025-12-02,3.77,0.000149603174603,0.00283017387657,0.102239723836,0.189629390169,0.539155474503,0.290688625687
2025-12-04,6857.12,0.00108033613053,2025-12-03,3.72,0.000147619047619,0.000932717082909,0.10090573377,0.189620754464,0.532144986214,0.283178286353
2025-12-05,6870.4,0.00193667312224,2025-12-04,3.71,0.000147222222222,0.00178945090002,0.102422700587,0.189625642693,0.540131066307,0.29174156879
2025-12-08,6846.51,-0.00347723567769,2025-12-05,3.71,0.000147222222222,-0.00362445789991,0.0929250575938,0.189588781631,0.490140064166,0.240237282501
2025-12-09,6840.51,-0.000876358904026,2025-12-08,3.73,0.000148015873016,-0.00102437477704,0.093947778498,0.189578720395,0.495560779724,0.2455804864
2025-12-10,6886.68,0.00674949674805,2025-12-09,3.73,0.000148015873016,0.00660148087503,0.0982308154337,0.189670447574,0.517902586777,0.26822308939
2025-12-11,6901,0.00207937641941,2025-12-10,3.69,0.000146428571429,0.00193294784798,0.106483386882,0.189556924529,0.561748863283,0.3155617854
2025-12-12,6827.41,-0.0106636719316,2025-12-11,3.66,0.000145238095238,-0.0108089100268,0.0988137667226,0.189858043387,0.520461313936,0.270879979303
2025-12-15,6816.51,-0.00159650584922,2025-12-12,3.63,0.000144047619048,-0.00174055346826,0.0890823913945,0.189716357717,0.469555669666,0.220482526916
2025-12-16,6800.26,-0.00238391787,2025-12-15,3.65,0.000144841269841,-0.00252875913984,0.0921414738846,0.189645359892,0.485862000193,0.236061883232
2025-12-17,6721.43,-0.0115922038275,2025-12-16,3.64,0.000144444444444,-0.0117366482719,0.0806038854783,0.190031943165,0.424159665665,0.179911421977
2025-12-18,6774.76,0.00793432349961,2025-12-17,3.64,0.000144444444444,0.00778987905517,0.0847666712605,0.190149237556,0.4457902243,0.198728924081
2025-12-19,6834.5,0.00881802454995,2025-12-18,3.62,0.000143650793651,0.0086743737563,0.0974784173601,0.190279604884,0.512290412941,0.262441467192
2025-12-22,6878.49,0.00643646206745,2025-12-19,3.62,0.000143650793651,0.0062928112738,0.133437932263,0.187961352368,0.709922175923,0.503989495868
2025-12-23,6909.79,0.00455041731543,2025-12-22,3.64,0.000144444444444,0.00440597287098,0.13888202005,0.187994173584,0.738757044447,0.54576197072
2025-12-24,6932.05,0.0032215161387,2025-12-23,3.65,0.000144841269841,0.00307667486885,0.131262193382,0.187734981669,0.69918878312,0.488864954441
2025-12-26,6929.94,-0.000304383263248,2025-12-24,3.69,0.000146428571429,-0.000450811834677,0.123696284077,0.187620528846,0.659289710128,0.43466292188
2025-12-29,6905.74,-0.00349209372664,2025-12-26,3.64,0.000144444444444,-0.00363653817109,0.109190038811,0.187375683201,0.582733239157,0.339578028018
2025-12-30,6896.24,-0.00137566719859,2025-12-29,3.68,0.000146031746032,-0.00152169894462,0.108248569494,0.187383423528,0.577684874444,0.333719814162
2025-12-31,6845.5,-0.00735763256499,2025-12-30,3.65,0.000144841269841,-0.00750247383483,0.111974450522,0.187188932448,0.598189481918,0.357830656277
2026-01-02,6858.47,0.00189467533416,2025-12-31,3.67,0.000145634920635,0.00174904041353,0.124596534458,0.18684810895,0.666833264509,0.444666602656
2026-01-05,6902.05,0.00635418686675,2026-01-02,3.65,0.000144841269841,0.00620934559691,0.135264083187,0.186868245096,0.723847345585,0.523954979711
2026-01-06,6944.82,0.00619670967321,2026-01-05,3.64,0.000144444444444,0.00605226522877,0.143713634428,0.186925518926,0.768828329344,0.591097000002
2026-01-07,6920.93,-0.00343997396621,2026-01-06,3.63,0.000144047619048,-0.00358402158526,0.127706672304,0.186591654218,0.684417922329,0.468427892406
2026-01-08,6921.46,7.65793036486e-05,2026-01-07,3.62,0.000143650793651,-6.70714900022e-05,0.122273721876,0.186528613943,0.655522599409,0.429709878335
2026-01-09,6966.28,0.00647551239189,2026-01-08,3.62,0.000143650793651,0.00633186159824,0.139882098843,0.186244466885,0.751067138706,0.564101846844
2026-01-12,6977.27,0.00157759952227,2026-01-09,3.62,0.000143650793651,0.00143394872862,0.139928342844,0.186244545812,0.751315117624,0.564474405971
2026-01-13,6963.74,-0.00193915385244,2026-01-12,3.67,0.000145634920635,-0.00208478877307,0.153427823522,0.185558885269,0.826841696638,0.683667191299
2026-01-14,6926.6,-0.00533334099205,2026-01-13,3.67,0.000145634920635,-0.00547897591269,0.14654644955,0.185657551063,0.789337404868,0.623053538724
2026-01-15,6944.47,0.00257990933503,2026-01-14,3.67,0.000145634920635,0.00243427441439,0.14800784677,0.185666177382,0.797171832031,0.635482929784
2026-01-16,6940.01,-0.000642237636565,2026-01-15,3.68,0.000146031746032,-0.000788269382597,0.129079800491,0.184832048079,0.698362658599,0.487710402925
2026-01-20,6796.86,-0.0206267714312,2026-01-16,3.67,0.000145634920635,-0.0207724063518,0.110592650184,0.186036027071,0.594468995741,0.353393386897
2026-01-21,6875.62,0.0115877037338,2026-01-20,3.7,0.000146825396825,0.011440878337,0.11221474467,0.18612374097,0.602903982507,0.363493212122
2026-01-22,6913.35,0.00548750512681,2026-01-21,3.7,0.000146825396825,0.00534067972999,0.108959432316,0.186008260589,0.585777384141,0.343135143771
2026-01-23,6915.61,0.000326903744205,2026-01-22,3.71,0.000147222222222,0.000179681521983,0.103174168579,0.185925245904,0.554922856642,0.307939376823
2026-01-26,6950.23,0.00500606598695,2026-01-23,3.7,0.000146825396825,0.00485924059012,0.102892913047,0.185917632775,0.553432783708,0.306287846083
2026-01-27,6978.6,0.00408187930471,2026-01-26,3.67,0.000145634920635,0.00393624438408,0.109857350294,0.185918607392,0.59088948565,0.349150384251
2026-01-28,6978.03,-8.16782735793e-05,2026-01-27,3.67,0.000145634920635,-0.000227313194214,0.124383298771,0.185294240487,0.67127450073,0.45060945533
2026-01-29,6969.01,-0.00129262843525,2026-01-28,3.68,0.000146031746032,-0.00143866018128,0.113898266261,0.185104799579,0.615317736329,0.378615916641
2026-01-30,6939.03,-0.0043019022788,2026-01-29,3.67,0.000145634920635,-0.00444753719944,0.114300634186,0.185094355129,0.617526310332,0.381338743952
2026-02-02,6976.44,0.00539124344469,2026-01-30,3.67,0.000145634920635,0.00524560852405,0.114441837361,0.185097316655,0.61827928913,0.382269279368
2026-02-03,6917.81,-0.00840399974772,2026-02-02,3.69,0.000146428571429,-0.00855042831915,0.111108847133,0.185230884562,0.599839748082,0.359807723379
2026-02-04,6882.72,-0.00507241453581,2026-02-03,3.69,0.000146428571429,-0.00521884310724,0.113669639652,0.185135305949,0.613981428714,0.376973194805
2026-02-05,6798.4,-0.0122509705465,2026-02-04,3.69,0.000146428571429,-0.012397399118,0.094219590914,0.185461378517,0.508028095485,0.258092545802
2026-02-06,6932.3,0.019695810779,2026-02-05,3.67,0.000145634920635,0.0195501758584,0.110032935488,0.186418874024,0.59024568228,0.34838996545
2026-02-09,6964.82,0.00469108376729,2026-02-06,3.68,0.000146031746032,0.00454505202126,0.111105488418,0.186438968478,0.595934902049,0.35513840748
2026-02-10,6941.81,-0.00330374654334,2026-02-09,3.69,0.000146428571429,-0.00345017511477,0.117292372784,0.186206523961,0.629904743877,0.396779986359
2026-02-11,6941.47,-4.89785805143e-05,2026-02-10,3.69,0.000146428571429,-0.000195407151943,0.110556994715,0.186107494142,0.594049128568,0.352894367153
2026-02-12,6832.76,-0.0156609478972,2026-02-11,3.7,0.000146825396825,-0.015807773294,0.0945822673418,0.186816679535,0.506283847766,0.256323334509
2026-02-13,6836.17,0.000499066263121,2026-02-12,3.7,0.000146825396825,0.000352240866295,0.0978310293732,0.186787958185,0.523754477129,0.274318752313
2026-02-17,6843.22,0.00103127921043,2026-02-13,3.68,0.000146031746032,0.000885247464403,0.0884625388478,0.186525413502,0.474265341042,0.224927613714
2026-02-18,6881.31,0.00556609315498,2026-02-17,3.69,0.000146428571429,0.00541966458355,0.0941263790408,0.186592805714,0.50444806101,0.254467846257
2026-02-19,6861.89,-0.00282213706402,2026-02-18,3.7,0.000146825396825,-0.00296896246084,0.0888846830158,0.186613075885,0.476304688694,0.226866156472
2026-02-20,6909.51,0.00693977898218,2026-02-19,3.69,0.000146428571429,0.00679335041075,0.093473257551,0.186714507084,0.50062129082,0.250621676822
2026-02-23,6837.75,-0.0103856858156,2026-02-20,3.69,0.000146428571429,-0.0105321143871,0.0874475694665,0.18697081659,0.467707052157,0.218749886637
2026-02-24,6890.07,0.00765163979379,2026-02-23,3.69,0.000146428571429,0.00750521122236,0.112188710494,0.186270670026,0.602288650588,0.362751618627
2026-02-25,6946.13,0.00813634694568,2026-02-24,3.69,0.000146428571429,0.00798991837425,0.125319183336,0.186337706658,0.672537971963,0.452307323732
2026-02-26,6908.86,-0.00536557766699,2026-02-25,3.69,0.000146428571429,-0.00551200623842,0.124657939759,0.186358701274,0.668913975613,0.44744590677
2026-02-27,6878.88,-0.00433935555215,2026-02-26,3.68,0.000146031746032,-0.00448538729818,0.12020717294,0.1864250051,0.64480176828,0.415769320377
2026-03-02,6881.62,0.000398320656851,2026-02-27,3.67,0.000145634920635,0.000252685736216,0.136495404884,0.185687385796,0.735081730503,0.540345150519
2026-03-03,6816.63,-0.00944399719833,2026-03-02,3.72,0.000147619047619,-0.00959161624595,0.111221103038,0.185338153685,0.600098257303,0.360117918419
2026-03-04,6869.5,0.00775603193954,2026-03-03,3.71,0.000147222222222,0.00760880971731,0.136598116875,0.184570944281,0.74008461845,0.547725242467
2026-03-05,6830.71,-0.00564669917752,2026-03-04,3.71,0.000147222222222,-0.00579392139975,0.143211588153,0.184224495243,0.777375386286,0.604312491203
2026-03-06,6740.02,-0.0132768043146,2026-03-05,3.7,0.000146825396825,-0.0134236297115,0.118800899579,0.184456215674,0.644060158909,0.414813488294
2026-03-09,6795.99,0.00830412966134,2026-03-06,3.69,0.000146428571429,0.00815770108991,0.144950249845,0.183680641693,0.789142767081,0.622746306837
2026-03-10,6781.48,-0.00213508260018,2026-03-09,3.71,0.000147222222222,-0.0022823048224,0.137319580055,0.183640029929,0.74776496229,0.559152438828
2026-03-11,6775.8,-0.000837575278553,2026-03-10,3.71,0.000147222222222,-0.000984797500775,0.163480073301,0.181532608471,0.900554862722,0.810999060772
2026-03-12,6672.62,-0.0152277221878,2026-03-11,3.71,0.000147222222222,-0.01537494441,0.155844777946,0.182048436182,0.856062162436,0.732842425955
2026-03-13,6632.19,-0.00605908923331,2026-03-12,3.72,0.000147619047619,-0.00620670828093,0.144923418607,0.182129601797,0.795715892293,0.633163781248
2026-03-16,6699.38,0.0101308919075,2026-03-13,3.72,0.000147619047619,0.00998327285988,0.168970332607,0.181776392166,0.929550480089,0.864064095034
2026-03-17,6716.09,0.00249426066293,2026-03-16,3.72,0.000147619047619,0.00234664161531,0.150223313137,0.180623456876,0.831693268056,0.69171369213
2026-03-18,6624.7,-0.0136076199098,2026-03-17,3.72,0.000147619047619,-0.0137552389574,0.130223800096,0.18110295916,0.719059482521,0.517046539403
2026-03-19,6606.49,-0.00274880371941,2026-03-18,3.73,0.000148015873016,-0.00289681959243,0.138152721947,0.180778597607,0.764209501433,0.58401616208
2026-03-20,6506.48,-0.015138144461,2026-03-19,3.73,0.000148015873016,-0.015286160334,0.112240267095,0.181185512583,0.61947705142,0.383751817236
2026-03-23,6581,0.0114531974278,2026-03-20,3.74,0.000148412698413,0.0113047847294,0.125901787596,0.181487564264,0.693721292182,0.481249231226
2026-03-24,6556.37,-0.0037425923112,2026-03-23,3.74,0.000148412698413,-0.00389100500961,0.12135794072,0.181540889504,0.668488190462,0.446876460787
2026-03-25,6591.9,0.00541915724707,2026-03-24,3.74,0.000148412698413,0.00527074454866,0.109154468982,0.180801389461,0.603725830358,0.364484878241
2026-03-26,6477.16,-0.0174062106525,2026-03-25,3.73,0.000148015873016,-0.0175542265255,0.0901977479927,0.181692193167,0.496431610078,0.246444343484
2026-03-27,6368.85,-0.0167218348782,2026-03-26,3.73,0.000148015873016,-0.0168698507513,0.0846567080883,0.182135906905,0.464799662663,0.216038726412
2026-03-30,6343.72,-0.00394576728923,2026-03-27,3.73,0.000148015873016,-0.00409378316224,0.0840417073622,0.182150421185,0.461386291701,0.21287731017
2026-03-31,6528.52,0.0291311722459,2026-03-30,3.71,0.000147222222222,0.0289839500237,0.132934683111,0.183252957356,0.725416304484,0.526228814811
2026-04-01,6575.32,0.00716854662312,2026-03-31,3.7,0.000146825396825,0.0070217212263,0.134589736219,0.183303514881,0.734245256049,0.539116096031
2026-04-02,6582.69,0.00112085799626,2026-04-01,3.7,0.000146825396825,0.000974032599439,0.131953913143,0.183277844148,0.719966528174,0.518351801691
2026-04-06,6611.83,0.0044267617038,2026-04-02,3.7,0.000146825396825,0.00427993630698,0.12967715286,0.183216088684,0.707782563158,0.50095615671
2026-04-07,6616.85,0.000759245171155,2026-04-06,3.72,0.000147619047619,0.000611626123536,0.178855808308,0.176468099646,1.01353053989,1.02724415529
2026-04-08,6782.81,0.0250814209178,2026-04-07,3.71,0.000147222222222,0.0249341986956,0.263710655169,0.167366199698,1.57565061311,2.4826748546
2026-04-09,6824.66,0.00617000918498,2026-04-08,3.69,0.000146428571429,0.00602358061356,0.272235534183,0.167401671696,1.62624143131,2.64466119291
2026-04-10,6816.89,-0.00113851825585,2026-04-09,3.68,0.000146031746032,-0.00128455000189,0.286821750698,0.16655333945,1.72210146998,2.96563347292
2026-04-13,6886.24,0.0101732608272,2026-04-10,3.69,0.000146428571429,0.0100268322557,0.201865714359,0.137645751371,1.46655971832,2.15079740741
2026-04-14,6967.38,0.0117829178187,2026-04-13,3.71,0.000147222222222,0.0116356955965,0.248281590073,0.133361124665,1.86172387715,3.46601579476
2026-04-15,7022.95,0.00797573836937,2026-04-14,3.71,0.000147222222222,0.00782851614715,0.238190245034,0.132451055741,1.79832651163,3.23397824245
2026-04-16,7041.28,0.00261001431023,2026-04-15,3.71,0.000147222222222,0.002462792088,0.232880612704,0.13228180503,1.76048862239,3.09932018957
2026-04-17,7126.06,0.0120404244683,2026-04-16,3.7,0.000146825396825,0.0118935990715,0.246673756712,0.132703839786,1.85882908219,3.45524555678
2026-04-20,7109.14,-0.00237438360047,2026-04-17,3.7,0.000146825396825,-0.0025212089973,0.266732802076,0.130630904752,2.04188130353,4.16927925771
2026-04-21,7064.01,-0.00634816588223,2026-04-20,3.71,0.000147222222222,-0.00649538810445,0.259082401224,0.130849766606,1.97999895563,3.92039586429
2026-04-22,7137.9,0.0104600644676,2026-04-21,3.69,0.000146428571429,0.0103136358962,0.293135753237,0.128794868589,2.275989381,5.18012766243
2026-04-23,7108.4,-0.00413286821054,2026-04-22,3.69,0.000146428571429,-0.00427929678197,0.263911389701,0.126673378791,2.08340057098,4.34055793917
2026-04-24,7165.08,0.00797366495977,2026-04-23,3.69,0.000146428571429,0.00782723638834,0.255249332222,0.125904821698,2.02731975456,4.11002538722
2026-04-27,7173.91,0.00123236586333,2026-04-24,3.69,0.000146428571429,0.0010859372919,0.236248010782,0.124438007684,1.8985197142,3.60437710519
2026-04-28,7138.8,-0.00489412328842,2026-04-27,3.68,0.000146031746032,-0.00504015503445,0.22400614014,0.124421444271,1.80038209211,3.2413756776
2026-04-29,7135.95,-0.0003992267608,2026-04-28,3.68,0.000146031746032,-0.000545258506832,0.222991610575,0.12442920633,1.79211631379,3.21168088215
2026-04-30,7209.01,0.0102383004365,2026-04-29,3.68,0.000146031746032,0.0100922686905,0.227452911274,0.124678350308,1.82431761979,3.32813477788
2026-05-01,7230.12,0.00292828002735,2026-04-30,3.68,0.000146031746032,0.00278224828132,0.228926196408,0.124691644292,1.83593854831,3.37067035317
2026-05-04,7200.75,-0.00406217324194,2026-05-01,3.68,0.000146031746032,-0.00420820498797,0.21858993499,0.124685640682,1.75312837785,3.07345910923
2026-05-05,7259.22,0.0081199875013,2026-05-04,3.7,0.000146825396825,0.00797316210448,0.212007516015,0.124130595755,1.70793924517,2.91705646518
2026-05-06,7365.12,0.0145883442023,2026-05-05,3.69,0.000146428571429,0.0144419156308,0.233002847675,0.124648860252,1.86927379202,3.49418450953
2026-05-07,7337.11,-0.00380306091415,2026-05-06,3.69,0.000146428571429,-0.00394948948558,0.236918471471,0.124434389076,1.9039629899,3.6250750669
2026-05-08,7398.93,0.0084256607847,2026-05-07,3.69,0.000146428571429,0.00827923221327,0.241023106542,0.12460803378,1.93425013806,3.74132359657
2026-05-11,7412.84,0.00188000156779,2026-05-08,3.69,0.000146428571429,0.00173357299637,0.237129154634,0.12452168756,1.90432011708,3.62643510831
2026-05-12,7400.96,-0.00160262463509,2026-05-11,3.7,0.000146825396825,-0.00174945003192,0.236263445661,0.124537883134,1.89712109854,3.59906846253
2026-05-13,7444.25,0.00584924117952,2026-05-12,3.7,0.000146825396825,0.0057024157827,0.209579262059,0.120563858392,1.73832577071,3.0217764851
2026-05-14,7501.24,0.00765557309333,2026-05-13,3.69,0.000146428571429,0.0075091445219,0.210015579101,0.120585775209,1.74162813763,3.03326856977
2026-05-15,7408.5,-0.0123632892695,2026-05-14,3.69,0.000146428571429,-0.0125097178409,0.196656492148,0.121322974401,1.62093365348,2.62742590899
2026-05-18,7403.05,-0.00073564149288,2026-05-15,3.69,0.000146428571429,-0.000882070064308,0.191817106527,0.121291950862,1.58144959467,2.50098282047
2026-05-19,7353.61,-0.00667832852676,2026-05-18,3.68,0.000146031746032,-0.00682436027279,0.178161233762,0.121374380623,1.46786523521,2.15462834873
2026-05-20,7432.97,0.0107919783616,2026-05-19,3.67,0.000145634920635,0.010646343441,0.188104912847,0.121779714317,1.54463256793,2.38588976991
2026-05-21,7445.72,0.00171533048028,2026-05-20,3.65,0.000144841269841,0.00157048921044,0.193729814993,0.121687544526,1.59202665932,2.53454888398
2026-05-22,7473.47,0.00372697334845,2026-05-21,3.68,0.000146031746032,0.00358094160242,0.213619680235,0.120506953898,1.77267513056,3.1423771185
2026-05-26,7519.12,0.00610827366672,2026-05-22,3.68,0.000146031746032,0.00596224192069,0.220199792347,0.120605950082,1.82577884588,3.33346839405
2026-05-27,7520.36,0.000164912915341,2026-05-26,3.68,0.000146031746032,1.88811693094e-05,0.227100393801,0.120358748409,1.88686237439,3.56024961988
2026-05-28,7563.63,0.00575371391795,2026-05-27,3.68,0.000146031746032,0.00560768217192,0.212422073644,0.118868016423,1.78704146024,3.1935171806
2026-05-29,7580.06,0.00217223740453,2026-05-28,3.69,0.000146428571429,0.0020258088331,0.220191687399,0.118690349264,1.85517768517,3.44168424356
2026-06-01,7599.96,0.00262530903449,2026-05-29,3.69,0.000146428571429,0.00247888046306,0.218832012682,0.118663493736,1.84413930343,3.40084977046
2026-06-02,7609.78,0.00129211206375,2026-06-01,3.78,0.00015,0.00114211206375,0.220228329082,0.118658588721,1.8559830473,3.44467307187
2026-06-03,7553.68,-0.00737209222868,2026-06-02,3.77,0.000149603174603,-0.00752169540329,0.208777607665,0.118914864663,1.75568973867,3.08244645849
2026-06-04,7584.31,0.00405497717669,2026-06-03,3.78,0.00015,0.00390497717669,0.207058514534,0.118856701011,1.74208532436,3.03486127736
2026-06-05,7383.74,-0.0264453852757,2026-06-04,3.78,0.00015,-0.0265953852757,0.180565225634,0.121976734431,1.48032513312,2.19136249976
2026-06-08,7405.73,0.00297816553671,2026-06-05,3.78,0.00015,0.00282816553671,0.188846922577,0.121838131412,1.54998209828,2.402444505
2026-06-09,7386.65,-0.00257638342203,2026-06-08,3.8,0.000150793650794,-0.00272717707282,0.176015263174,0.121522823843,1.44841320838,2.09790082222
2026-06-10,7266.99,-0.016199495035,2026-06-09,3.79,0.000150396825397,-0.0163498918604,0.158921220161,0.122713560412,1.2950583426,1.67717611074
2026-06-11,7394.3,0.0175189452579,2026-06-10,3.79,0.000150396825397,0.0173685484325,0.170982999038,0.123761818715,1.38154885581,1.90867724098
2026-06-12,7431.46,0.00502549260917,2026-06-11,3.78,0.00015,0.00487549260917,0.178778997038,0.123780169025,1.4443266514,2.08607947595
2026-06-15,7554.29,0.016528380695,2026-06-12,3.78,0.00015,0.016378380695,0.191511467094,0.124733409901,1.53536624427,2.35734950404
2026-06-16,7511.35,-0.00568418739551,2026-06-15,3.79,0.000150396825397,-0.0058345842209,0.19715032075,0.124307288731,1.58599164026,2.51536948297
2026-06-17,7420.1,-0.0121482822662,2026-06-16,3.79,0.000150396825397,-0.0122986790916,0.175635509907,0.124702074532,1.40844096272,1.98370594546
2026-06-18,7500.58,0.0108462150106,2026-06-17,3.83,0.000151984126984,0.0106942308836,0.194857777315,0.124757189133,1.56189618145,2.43951968161
2026-06-22,7472.79,-0.00370504680971,2026-06-18,3.83,0.000151984126984,-0.0038570309367,0.191485367101,0.124837202117,1.53388063698,2.3527898085
2026-06-23,7365.46,-0.0143627748137,2026-06-22,3.85,0.000152777777778,-0.0145155525915,0.179323824146,0.125731722984,1.42624168261,2.0341653372
2026-06-24,7358.22,-0.000982966440657,2026-06-23,3.85,0.000152777777778,-0.00113574421843,0.168755795486,0.125438287455,1.34532923647,1.80991075449
2026-06-25,7357.49,-9.92087760355e-05,2026-06-24,3.85,0.000152777777778,-0.000251986553813,0.157555940561,0.125014665035,1.26029966578,1.58835524756
2026-06-26,7354.02,-0.00047162823191,2026-06-25,3.84,0.000152380952381,-0.000624009184291,0.157109023798,0.125018488585,1.25668631557,1.57926049574
2026-06-29,7440.43,0.0117500360347,2026-06-26,3.83,0.000151984126984,0.0115980519077,0.160860741307,0.125290754626,1.28389953263,1.64839800989
2026-06-30,7499.36,0.00792024116886,2026-06-29,3.87,0.000153571428571,0.00776666974029,0.16358261469,0.12541561525,1.30432414149,1.70126146607
2026-07-01,7483.23,-0.00215085020588,2026-06-30,3.87,0.000153571428571,-0.00230442163446,0.156288032242,0.125373587892,1.24657860455,1.55395821733
2026-07-02,7483.24,1.3363213478e-06,2026-07-01,3.85,0.000152777777778,-0.00015144145643,0.157430052659,0.125361611783,1.25580750295,1.57705248446
2026-07-06,7537.43,0.0072415157071,2026-07-02,3.82,0.000151587301587,0.00708992840551,0.159949512837,0.125465717776,1.27484635383,1.62523322587
2026-07-07,7503.85,-0.00445509941718,2026-07-06,3.87,0.000153571428571,-0.00460867084575,0.147176915116,0.125345030958,1.17417430903,1.378685308
2026-07-08,7482.71,-0.00281722049348,2026-07-07,3.86,0.000153174603175,-0.00297039509665,0.152244195584,0.125098773596,1.21699191134,1.48106931226
2026-07-09,7543.64,0.00814277180326,2026-07-08,3.87,0.000153571428571,0.00798920037469,0.161124685933,0.12530744795,1.28583486911,1.65337131063
2026-07-10,7575.39,0.00420884347609,2026-07-09,3.83,0.000151984126984,0.00405685934911,0.159294797901,0.125242901772,1.27188683468,1.61769612024
2026-07-13,7515.34,-0.00792698461729,2026-07-10,3.85,0.000152777777778,-0.00807976239507,0.148644258614,0.125529651472,1.18413663123,1.40217956143
2026-07-14,7543.59,0.00375897830304,2026-07-13,3.89,0.000154365079365,0.00360461322368,0.155721797825,0.125499904738,1.24081207989,1.5396146176
2026-07-15,7572.4,0.00381913651193,2026-07-14,3.84,0.000152380952381,0.00366675555955,0.158156148935,0.125535337218,1.25985361923,1.58723114189
2026-07-16,7533.77,-0.00510142094976,2026-07-15,3.83,0.000151984126984,-0.00525340507675,0.157034392199,0.125583940618,1.25043370535,1.56358445147
2026-07-17,7457.69,-0.010098529687,2026-07-16,3.84,0.000152380952381,-0.0102509106394,0.143765289907,0.126029762488,1.14072491345,1.30125332817
2026-07-20,7443.28,-0.00193223370776,2026-07-17,3.85,0.000152777777778,-0.00208501148553,0.136481457836,0.125970890625,1.08343647615,1.17383459785
2026-07-21,7509.2,0.00885631065874,2026-07-20,3.86,0.000153174603175,0.00870313605557,0.145450108012,0.126232320996,1.1522414138,1.32766027567
2026-07-22,7498.96,-0.00136366057636,2026-07-21,3.87,0.000153571428571,-0.00151723200493,0.142708353595,0.126247862275,1.13038233697,1.27776422772
2026-07-23,7408.3,-0.0120896764351,2026-07-22,3.89,0.000154365079365,-0.0122440415145,0.130001783534,0.126896023908,1.02447483799,1.04954869367
2026-07-24,7411.98,0.000496740142813,2026-07-23,3.95,0.000156746031746,0.000339994111067,0.12270489674,0.126693308,0.96851916393,0.9380293709
2026-07-27,7413.18,0.000161900059094,2026-07-24,3.96,0.000157142857143,4.7572019507e-06,0.122186421069,0.126694195849,0.964420037162,0.93010600808
2026-07-28,7428.78,0.0021043600722,2026-07-27,3.96,0.000157142857143,0.00194721721505,0.120334713407,0.126658550216,0.950071773303,0.902636374428
2026-07-29,7316.15,-0.0151613050864,2026-07-28,3.9,0.000154761904762,-0.0153160669912,0.105017166786,0.12763862454,0.822769496025,0.67694964359
2026-07-30,7437.63,0.0166043615836,2026-07-29,3.83,0.000151984126984,0.0164523774566,0.124603565362,0.128591319437,0.968988932592,0.938939551486
2026-07-31,7489.72,0.00700357506356,2026-07-30,3.82,0.000151587301587,0.00685198776197,0.13287959515,0.128733865743,1.03220387567,1.06544484094
2026-08-03,7600.5,0.0147909401153,2026-07-31,3.83,0.000151984126984,0.0146389559883,0.151388407257,0.129428525236,1.16966802319,1.36812328447
2026-08-04,7736.52,0.0178961910401,2026-08-03,3.91,0.000155158730159,0.0177410323099,0.185296514514,0.129463079405,1.43126917238,2.04853144381
2026-08-05,7723.55,-0.00167646435348,2026-08-04,3.89,0.000154365079365,-0.00183082943285,0.168901232531,0.128738695817,1.31196942348,1.72126376816
2026-08-06,7709.96,-0.00175955357316,2026-08-05,3.89,0.000154365079365,-0.00191391865253,0.172017798877,0.12863868305,1.33721672827,1.78814857836
2026-08-07,7757.64,0.00618420847838,2026-08-06,3.9,0.000154761904762,0.00602944657362,0.170937579049,0.128588125549,1.32934186823,1.76714980263
2026-08-10,7753.11,-0.000583940476743,2026-08-07,3.87,0.000153571428571,-0.000737511905314,0.171168966504,0.128585588448,1.33116757927,1.77200712411
2026-08-11,7728.2,-0.00321290424101,2026-08-10,3.89,0.000154365079365,-0.00336726932037,0.160173441212,0.128457943947,1.24689401286,1.5547446793
2026-08-12,7748.5,0.0026267436143,2026-08-11,3.89,0.000154365079365,0.00247237853493,0.165321376217,0.128428399786,1.287264939,1.65705102319
2026-08-13,7798.99,0.0065160998903,2026-08-12,3.87,0.000153571428571,0.00636252846173,0.160510623288,0.128121009966,1.25280485481,1.56952000423
2026-08-14,7785.76,-0.00169637350477,2026-08-13,3.87,0.000153571428571,-0.00184994493335,0.155602473468,0.128121487766,1.21449162183,1.4749898995
2026-08-17,7745.06,-0.00522749224225,2026-08-14,3.86,0.000153174603175,-0.00538066684542,0.150088947872,0.128260990932,1.17018391003,1.36933038329
2026-08-18,7691.76,-0.00688180595115,2026-08-17,3.87,0.000153571428571,-0.00703537737972,0.146121304295,0.128436445732,1.13769345969,1.29434640822
2026-08-19,7707.98,0.00210875014301,2026-08-18,3.86,0.000153174603175,0.00195557553984,0.148348293074,0.128441073295,1.15499107309,1.33400437893
2026-08-20,7641.16,-0.00866893790591,2026-08-19,3.86,0.000153174603175,-0.00882211250909,0.145556142305,0.128616687394,1.13170495411,1.28075610316
2026-08-21,7674.37,0.00434619874469,2026-08-20,3.87,0.000153571428571,0.00419262731612,0.152351022122,0.128628038622,1.18443088889,1.40287653056
2026-08-24,7652.86,-0.00280283593311,2026-08-21,3.88,0.000153968253968,-0.00295680418708,0.153569055626,0.128589004571,1.19426272984,1.42626346788
2026-08-25,7677.28,0.00319096390108,2026-08-24,3.87,0.000153571428571,0.00303739247251,0.141591468772,0.127795009294,1.10795773289,1.22757033788
2026-08-26,7675.7,-0.000205802054894,2026-08-25,3.86,0.000153174603175,-0.000358976658069,0.145668270867,0.12770062993,1.14070127098,1.30119938962
2026-08-27,7730.99,0.00720325182068,2026-08-26,3.85,0.000152777777778,0.0070504740429,0.148755006125,0.127819612676,1.16378858464,1.35440386973
2026-08-28,7711.76,-0.00248739165359,2026-08-27,3.84,0.000152380952381,-0.00263977260597,0.143894084461,0.127849503594,1.12549584016,1.26674088621
2026-08-31,7686.14,-0.00332219882361,2026-08-28,3.9,0.000154761904762,-0.00347696072838,0.137429445953,0.127889801018,1.07459269511,1.15474946038
2026-09-01,7631.47,-0.00711280304548,2026-08-31,3.91,0.000155158730159,-0.00726796177564,0.136728700936,0.127931593405,1.06876415197,1.14225681254
2026-09-02,7666.6,0.00460330709549,2026-09-01,3.92,0.000155555555556,0.00444775153993,0.14826663163,0.127761784383,1.16049280579,1.34674355228
2026-09-03,7747.71,0.0105796572144,2026-09-02,3.92,0.000155555555556,0.0104241016589,0.153757283676,0.128066693397,1.20060321382,1.44144807704
2026-09-04,7718.6,-0.00375723923585,2026-09-03,3.89,0.000154365079365,-0.00391160431522,0.141665114733,0.127918830866,1.10746098736,1.22646983853
2026-09-08,7673.52,-0.00584043738502,2026-09-04,3.91,0.000155158730159,-0.00599559611518,0.138999738984,0.128028194269,1.08569631695,1.17873649264
